Use make V=1 or set BUILD_VERBOSE in your environment to increase build verbosity.
Executing action: all (aliases: build)
Running ninja in directory /home/mukesh_lof/projects/lof-titan/firmware/micropython/ports/esp32/build-LOF_TITAN
Executing "ninja all"...
[0/1] Re-running CMake...
-- Minimal build - OFF
-- Building ESP-IDF components for target esp32s3
NOTICE: Skipping optional dependency: espressif/esp_hosted
NOTICE: Skipping optional dependency: espressif/esp_wifi_remote
NOTICE: Skipping optional dependency: espressif/lan867x
NOTICE: Deleting 1 unused components
NOTICE:  espressif__lan867x
NOTICE: Processing 3 dependencies:
NOTICE: [1/3] espressif/mdns (1.1.0)
NOTICE: [2/3] espressif/tinyusb (e4c0ec3caab3d9c25374de7047653b9ced8f14ff)
NOTICE: [3/3] idf (5.5.1)
NOTICE: Skipping optional dependency: espressif/esp_hosted
NOTICE: Skipping optional dependency: espressif/esp_wifi_remote
NOTICE: Skipping optional dependency: espressif/lan867x
-- Project sdkconfig file /home/mukesh_lof/projects/lof-titan/firmware/micropython/ports/esp32/build-LOF_TITAN/sdkconfig
info: Choice ESPTOOLPY_FLASHSIZE has multiple active selections. The last one will be used: ESPTOOLPY_FLASHSIZE_16MB .
info: Choice PARTITION_TABLE_TYPE has multiple active selections. The last one will be used: PARTITION_TABLE_CUSTOM .
info: Choice ESP_DEFAULT_CPU_FREQ_MHZ has multiple active selections. The last one will be used: ESP_DEFAULT_CPU_FREQ_MHZ_240 .
info: Choice BT_HOST has multiple active selections. The last one will be used: BT_NIMBLE_ENABLED .
info: Choice SPIRAM_MODE has multiple active selections. The last one will be used: SPIRAM_MODE_OCT .
Loading defaults file /home/mukesh_lof/projects/lof-titan/firmware/micropython/ports/esp32/build-LOF_TITAN/sdkconfig.combined...
/home/mukesh_lof/projects/lof-titan/firmware/micropython/ports/esp32/build-LOF_TITAN/sdkconfig.combined:114 CONFIG_PERIPH_CTRL_FUNC_IN_IRAM was replaced with CONFIG_ESP_PERIPH_CTRL_FUNC_IN_IRAM 
/home/mukesh_lof/projects/lof-titan/firmware/micropython/ports/esp32/build-LOF_TITAN/sdkconfig.combined:138 CONFIG_NEWLIB_NANO_FORMAT was replaced with CONFIG_LIBC_NEWLIB_NANO_FORMAT 
/home/mukesh_lof/projects/lof-titan/firmware/micropython/ports/esp32/build-LOF_TITAN/sdkconfig.combined:178 CONFIG_BT_NIMBLE_TASK_STACK_SIZE was replaced with CONFIG_BT_NIMBLE_HOST_TASK_STACK_SIZE 
/home/mukesh_lof/projects/lof-titan/firmware/micropython/ports/esp32/build-LOF_TITAN/sdkconfig.combined:226 CONFIG_ESP32S3_DEFAULT_CPU_FREQ_240 was replaced with CONFIG_ESP_DEFAULT_CPU_FREQ_MHZ_240 
/home/mukesh_lof/projects/lof-titan/firmware/micropython/ports/esp32/build-LOF_TITAN/sdkconfig.combined:227 CONFIG_ESP32S3_DEFAULT_CPU_FREQ_MHZ was replaced with CONFIG_ESP_DEFAULT_CPU_FREQ_MHZ 
/tmp/kconfgen_tmpqeqygnt7:154 line was updated to CONFIG_ESP_DEFAULT_CPU_FREQ_MHZ_40=n
/tmp/kconfgen_tmpqeqygnt7:155 line was updated to CONFIG_ESP_DEFAULT_CPU_FREQ_MHZ_80=n
/tmp/kconfgen_tmpqeqygnt7:156 line was updated to CONFIG_ESP_DEFAULT_CPU_FREQ_MHZ_160=n
/tmp/kconfgen_tmpqeqygnt7:180 line was updated to CONFIG_SPIRAM_MODE_QUAD=n
warning: unknown kconfig symbol 'XTAL_FREQ_AUTO' assigned to 'y' in /home/mukesh_lof/projects/lof-titan/firmware/micropython/ports/esp32/build-LOF_TITAN/sdkconfig.combined
warning: unknown kconfig symbol 'SPIRAM_TYPE_ESP32S3' assigned to 'y' in /home/mukesh_lof/projects/lof-titan/firmware/micropython/ports/esp32/build-LOF_TITAN/sdkconfig.combined
-- Compiler supported targets: xtensa-esp-elf
-- USING O3
-- App "micropython" version: v1.28.0-dirty
-- Adding linker script /home/mukesh_lof/projects/lof-titan/firmware/micropython/ports/esp32/build-LOF_TITAN/esp-idf/esp_system/ld/memory.ld
-- Adding linker script /home/mukesh_lof/projects/lof-titan/firmware/micropython/ports/esp32/build-LOF_TITAN/esp-idf/esp_system/ld/sections.ld.in
-- Adding linker script /home/mukesh_lof/esp/esp-idf/components/esp_rom/esp32s3/ld/esp32s3.rom.ld
-- Adding linker script /home/mukesh_lof/esp/esp-idf/components/esp_rom/esp32s3/ld/esp32s3.rom.api.ld
-- Adding linker script /home/mukesh_lof/esp/esp-idf/components/esp_rom/esp32s3/ld/esp32s3.rom.bt_funcs.ld
-- Adding linker script /home/mukesh_lof/esp/esp-idf/components/esp_rom/esp32s3/ld/esp32s3.rom.libgcc.ld
-- Adding linker script /home/mukesh_lof/esp/esp-idf/components/esp_rom/esp32s3/ld/esp32s3.rom.wdt.ld
-- Adding linker script /home/mukesh_lof/esp/esp-idf/components/esp_rom/esp32s3/ld/esp32s3.rom.version.ld
-- Adding linker script /home/mukesh_lof/esp/esp-idf/components/esp_rom/esp32s3/ld/esp32s3.rom.ble_cca.ld
-- Adding linker script /home/mukesh_lof/esp/esp-idf/components/esp_rom/esp32s3/ld/esp32s3.rom.ble_test.ld
-- Adding linker script /home/mukesh_lof/esp/esp-idf/components/esp_rom/esp32s3/ld/esp32s3.rom.libc.ld
-- Adding linker script /home/mukesh_lof/esp/esp-idf/components/esp_rom/esp32s3/ld/esp32s3.rom.newlib.ld
-- Adding linker script /home/mukesh_lof/esp/esp-idf/components/soc/esp32s3/ld/esp32s3.peripherals.ld
Found User C Module(s): 
-- Components: app_trace app_update bootloader bootloader_support bt cmock console cxx driver efuse esp-tls esp_adc esp_app_format esp_bootloader_format esp_coex esp_common esp_driver_ana_cmpr esp_driver_bitscrambler esp_driver_cam esp_driver_dac esp_driver_gpio esp_driver_gptimer esp_driver_i2c esp_driver_i2s esp_driver_isp esp_driver_jpeg esp_driver_ledc esp_driver_mcpwm esp_driver_parlio esp_driver_pcnt esp_driver_ppa esp_driver_rmt esp_driver_sdio esp_driver_sdm esp_driver_sdmmc esp_driver_sdspi esp_driver_spi esp_driver_touch_sens esp_driver_tsens esp_driver_twai esp_driver_uart esp_driver_usb_serial_jtag esp_eth esp_event esp_gdbstub esp_hid esp_http_client esp_http_server esp_https_ota esp_https_server esp_hw_support esp_lcd esp_local_ctrl esp_mm esp_netif esp_netif_stack esp_partition esp_phy esp_pm esp_psram esp_ringbuf esp_rom esp_security esp_system esp_timer esp_vfs_console esp_wifi espcoredump espressif__mdns espressif__tinyusb esptool_py fatfs freertos hal heap http_parser idf_test ieee802154 json log lwip main mbedtls mqtt newlib nvs_flash nvs_sec_provider openthread partition_table perfmon protobuf-c protocomm pthread rt sdmmc soc spi_flash spiffs tcp_transport touch_element ulp unity usb vfs wear_levelling wifi_provisioning wpa_supplicant xtensa
-- Component paths: /home/mukesh_lof/esp/esp-idf/components/app_trace /home/mukesh_lof/esp/esp-idf/components/app_update /home/mukesh_lof/esp/esp-idf/components/bootloader /home/mukesh_lof/esp/esp-idf/components/bootloader_support /home/mukesh_lof/esp/esp-idf/components/bt /home/mukesh_lof/esp/esp-idf/components/cmock /home/mukesh_lof/esp/esp-idf/components/console /home/mukesh_lof/esp/esp-idf/components/cxx /home/mukesh_lof/esp/esp-idf/components/driver /home/mukesh_lof/esp/esp-idf/components/efuse /home/mukesh_lof/esp/esp-idf/components/esp-tls /home/mukesh_lof/esp/esp-idf/components/esp_adc /home/mukesh_lof/esp/esp-idf/components/esp_app_format /home/mukesh_lof/esp/esp-idf/components/esp_bootloader_format /home/mukesh_lof/esp/esp-idf/components/esp_coex /home/mukesh_lof/esp/esp-idf/components/esp_common /home/mukesh_lof/esp/esp-idf/components/esp_driver_ana_cmpr /home/mukesh_lof/esp/esp-idf/components/esp_driver_bitscrambler /home/mukesh_lof/esp/esp-idf/components/esp_driver_cam /home/mukesh_lof/esp/esp-idf/components/esp_driver_dac /home/mukesh_lof/esp/esp-idf/components/esp_driver_gpio /home/mukesh_lof/esp/esp-idf/components/esp_driver_gptimer /home/mukesh_lof/esp/esp-idf/components/esp_driver_i2c /home/mukesh_lof/esp/esp-idf/components/esp_driver_i2s /home/mukesh_lof/esp/esp-idf/components/esp_driver_isp /home/mukesh_lof/esp/esp-idf/components/esp_driver_jpeg /home/mukesh_lof/esp/esp-idf/components/esp_driver_ledc /home/mukesh_lof/esp/esp-idf/components/esp_driver_mcpwm /home/mukesh_lof/esp/esp-idf/components/esp_driver_parlio /home/mukesh_lof/esp/esp-idf/components/esp_driver_pcnt /home/mukesh_lof/esp/esp-idf/components/esp_driver_ppa /home/mukesh_lof/esp/esp-idf/components/esp_driver_rmt /home/mukesh_lof/esp/esp-idf/components/esp_driver_sdio /home/mukesh_lof/esp/esp-idf/components/esp_driver_sdm /home/mukesh_lof/esp/esp-idf/components/esp_driver_sdmmc /home/mukesh_lof/esp/esp-idf/components/esp_driver_sdspi /home/mukesh_lof/esp/esp-idf/components/esp_driver_spi /home/mukesh_lof/esp/esp-idf/components/esp_driver_touch_sens /home/mukesh_lof/esp/esp-idf/components/esp_driver_tsens /home/mukesh_lof/esp/esp-idf/components/esp_driver_twai /home/mukesh_lof/esp/esp-idf/components/esp_driver_uart /home/mukesh_lof/esp/esp-idf/components/esp_driver_usb_serial_jtag /home/mukesh_lof/esp/esp-idf/components/esp_eth /home/mukesh_lof/esp/esp-idf/components/esp_event /home/mukesh_lof/esp/esp-idf/components/esp_gdbstub /home/mukesh_lof/esp/esp-idf/components/esp_hid /home/mukesh_lof/esp/esp-idf/components/esp_http_client /home/mukesh_lof/esp/esp-idf/components/esp_http_server /home/mukesh_lof/esp/esp-idf/components/esp_https_ota /home/mukesh_lof/esp/esp-idf/components/esp_https_server /home/mukesh_lof/esp/esp-idf/components/esp_hw_support /home/mukesh_lof/esp/esp-idf/components/esp_lcd /home/mukesh_lof/esp/esp-idf/components/esp_local_ctrl /home/mukesh_lof/esp/esp-idf/components/esp_mm /home/mukesh_lof/esp/esp-idf/components/esp_netif /home/mukesh_lof/esp/esp-idf/components/esp_netif_stack /home/mukesh_lof/esp/esp-idf/components/esp_partition /home/mukesh_lof/esp/esp-idf/components/esp_phy /home/mukesh_lof/esp/esp-idf/components/esp_pm /home/mukesh_lof/esp/esp-idf/components/esp_psram /home/mukesh_lof/esp/esp-idf/components/esp_ringbuf /home/mukesh_lof/esp/esp-idf/components/esp_rom /home/mukesh_lof/esp/esp-idf/components/esp_security /home/mukesh_lof/esp/esp-idf/components/esp_system /home/mukesh_lof/esp/esp-idf/components/esp_timer /home/mukesh_lof/esp/esp-idf/components/esp_vfs_console /home/mukesh_lof/esp/esp-idf/components/esp_wifi /home/mukesh_lof/esp/esp-idf/components/espcoredump /home/mukesh_lof/projects/lof-titan/firmware/micropython/ports/esp32/managed_components/espressif__mdns /home/mukesh_lof/projects/lof-titan/firmware/micropython/ports/esp32/managed_components/espressif__tinyusb /home/mukesh_lof/esp/esp-idf/components/esptool_py /home/mukesh_lof/esp/esp-idf/components/fatfs /home/mukesh_lof/esp/esp-idf/components/freertos /home/mukesh_lof/esp/esp-idf/components/hal /home/mukesh_lof/esp/esp-idf/components/heap /home/mukesh_lof/esp/esp-idf/components/http_parser /home/mukesh_lof/esp/esp-idf/components/idf_test /home/mukesh_lof/esp/esp-idf/components/ieee802154 /home/mukesh_lof/esp/esp-idf/components/json /home/mukesh_lof/esp/esp-idf/components/log /home/mukesh_lof/esp/esp-idf/components/lwip /home/mukesh_lof/projects/lof-titan/firmware/micropython/ports/esp32/main /home/mukesh_lof/esp/esp-idf/components/mbedtls /home/mukesh_lof/esp/esp-idf/components/mqtt /home/mukesh_lof/esp/esp-idf/components/newlib /home/mukesh_lof/esp/esp-idf/components/nvs_flash /home/mukesh_lof/esp/esp-idf/components/nvs_sec_provider /home/mukesh_lof/esp/esp-idf/components/openthread /home/mukesh_lof/esp/esp-idf/components/partition_table /home/mukesh_lof/esp/esp-idf/components/perfmon /home/mukesh_lof/esp/esp-idf/components/protobuf-c /home/mukesh_lof/esp/esp-idf/components/protocomm /home/mukesh_lof/esp/esp-idf/components/pthread /home/mukesh_lof/esp/esp-idf/components/rt /home/mukesh_lof/esp/esp-idf/components/sdmmc /home/mukesh_lof/esp/esp-idf/components/soc /home/mukesh_lof/esp/esp-idf/components/spi_flash /home/mukesh_lof/esp/esp-idf/components/spiffs /home/mukesh_lof/esp/esp-idf/components/tcp_transport /home/mukesh_lof/esp/esp-idf/components/touch_element /home/mukesh_lof/esp/esp-idf/components/ulp /home/mukesh_lof/esp/esp-idf/components/unity /home/mukesh_lof/esp/esp-idf/components/usb /home/mukesh_lof/esp/esp-idf/components/vfs /home/mukesh_lof/esp/esp-idf/components/wear_levelling /home/mukesh_lof/esp/esp-idf/components/wifi_provisioning /home/mukesh_lof/esp/esp-idf/components/wpa_supplicant /home/mukesh_lof/esp/esp-idf/components/xtensa
Checking lockfile contents...
-- Configuring done (5.5s)
-- Generating done (0.5s)
-- Build files have been written to: /home/mukesh_lof/projects/lof-titan/firmware/micropython/ports/esp32/build-LOF_TITAN
[1/296] Building C object esp-idf/espressif__tinyusb/CMakeFiles/__idf_espressif__tinyusb.dir/src/class/hid/hid_device.c.obj
In file included from /home/mukesh_lof/projects/lof-titan/firmware/micropython/py/mpconfig.h:100,
                 from /home/mukesh_lof/projects/lof-titan/firmware/micropython/shared/tinyusb/tusb_config.h:30,
                 from /home/mukesh_lof/projects/lof-titan/firmware/micropython/ports/esp32/managed_components/espressif__tinyusb/src/tusb_option.h:245,
                 from /home/mukesh_lof/projects/lof-titan/firmware/micropython/ports/esp32/managed_components/espressif__tinyusb/src/class/hid/hid_device.c:27:
/home/mukesh_lof/projects/lof-titan/firmware/micropython/ports/esp32/mpconfigport.h:115:9: warning: "MICROPY_PY_OS_DUPTERM" redefined
  115 | #define MICROPY_PY_OS_DUPTERM               (1)
      |         ^~~~~~~~~~~~~~~~~~~~~
In file included from /home/mukesh_lof/projects/lof-titan/firmware/micropython/ports/esp32/mpconfigport.h:5:
/home/mukesh_lof/projects/lof-titan/firmware/micropython/ports/esp32/boards/LOF_TITAN/mpconfigboard.h:13:9: note: this is the location of the previous definition
   13 | #define MICROPY_PY_OS_DUPTERM               (2)
      |         ^~~~~~~~~~~~~~~~~~~~~
[2/296] Building C object esp-idf/espressif__tinyusb/CMakeFiles/__idf_espressif__tinyusb.dir/src/class/video/video_device.c.obj
In file included from /home/mukesh_lof/projects/lof-titan/firmware/micropython/py/mpconfig.h:100,
                 from /home/mukesh_lof/projects/lof-titan/firmware/micropython/shared/tinyusb/tusb_config.h:30,
                 from /home/mukesh_lof/projects/lof-titan/firmware/micropython/ports/esp32/managed_components/espressif__tinyusb/src/tusb_option.h:245,
                 from /home/mukesh_lof/projects/lof-titan/firmware/micropython/ports/esp32/managed_components/espressif__tinyusb/src/class/video/video_device.c:28:
/home/mukesh_lof/projects/lof-titan/firmware/micropython/ports/esp32/mpconfigport.h:115:9: warning: "MICROPY_PY_OS_DUPTERM" redefined
  115 | #define MICROPY_PY_OS_DUPTERM               (1)
      |         ^~~~~~~~~~~~~~~~~~~~~
In file included from /home/mukesh_lof/projects/lof-titan/firmware/micropython/ports/esp32/mpconfigport.h:5:
/home/mukesh_lof/projects/lof-titan/firmware/micropython/ports/esp32/boards/LOF_TITAN/mpconfigboard.h:13:9: note: this is the location of the previous definition
   13 | #define MICROPY_PY_OS_DUPTERM               (2)
      |         ^~~~~~~~~~~~~~~~~~~~~
[3/296] Building C object esp-idf/espressif__tinyusb/CMakeFiles/__idf_espressif__tinyusb.dir/src/class/bth/bth_device.c.obj
In file included from /home/mukesh_lof/projects/lof-titan/firmware/micropython/py/mpconfig.h:100,
                 from /home/mukesh_lof/projects/lof-titan/firmware/micropython/shared/tinyusb/tusb_config.h:30,
                 from /home/mukesh_lof/projects/lof-titan/firmware/micropython/ports/esp32/managed_components/espressif__tinyusb/src/tusb_option.h:245,
                 from /home/mukesh_lof/projects/lof-titan/firmware/micropython/ports/esp32/managed_components/espressif__tinyusb/src/class/bth/bth_device.c:27:
/home/mukesh_lof/projects/lof-titan/firmware/micropython/ports/esp32/mpconfigport.h:115:9: warning: "MICROPY_PY_OS_DUPTERM" redefined
  115 | #define MICROPY_PY_OS_DUPTERM               (1)
      |         ^~~~~~~~~~~~~~~~~~~~~
In file included from /home/mukesh_lof/projects/lof-titan/firmware/micropython/ports/esp32/mpconfigport.h:5:
/home/mukesh_lof/projects/lof-titan/firmware/micropython/ports/esp32/boards/LOF_TITAN/mpconfigboard.h:13:9: note: this is the location of the previous definition
   13 | #define MICROPY_PY_OS_DUPTERM               (2)
      |         ^~~~~~~~~~~~~~~~~~~~~
[4/296] Building C object esp-idf/espressif__tinyusb/CMakeFiles/__idf_espressif__tinyusb.dir/src/class/msc/msc_device.c.obj
In file included from /home/mukesh_lof/projects/lof-titan/firmware/micropython/py/mpconfig.h:100,
                 from /home/mukesh_lof/projects/lof-titan/firmware/micropython/shared/tinyusb/tusb_config.h:30,
                 from /home/mukesh_lof/projects/lof-titan/firmware/micropython/ports/esp32/managed_components/espressif__tinyusb/src/tusb_option.h:245,
                 from /home/mukesh_lof/projects/lof-titan/firmware/micropython/ports/esp32/managed_components/espressif__tinyusb/src/class/msc/msc_device.c:27:
/home/mukesh_lof/projects/lof-titan/firmware/micropython/ports/esp32/mpconfigport.h:115:9: warning: "MICROPY_PY_OS_DUPTERM" redefined
  115 | #define MICROPY_PY_OS_DUPTERM               (1)
      |         ^~~~~~~~~~~~~~~~~~~~~
In file included from /home/mukesh_lof/projects/lof-titan/firmware/micropython/ports/esp32/mpconfigport.h:5:
/home/mukesh_lof/projects/lof-titan/firmware/micropython/ports/esp32/boards/LOF_TITAN/mpconfigboard.h:13:9: note: this is the location of the previous definition
   13 | #define MICROPY_PY_OS_DUPTERM               (2)
      |         ^~~~~~~~~~~~~~~~~~~~~
[5/296] Building C object esp-idf/espressif__tinyusb/CMakeFiles/__idf_espressif__tinyusb.dir/src/class/audio/audio_device.c.obj
In file included from /home/mukesh_lof/projects/lof-titan/firmware/micropython/py/mpconfig.h:100,
                 from /home/mukesh_lof/projects/lof-titan/firmware/micropython/shared/tinyusb/tusb_config.h:30,
                 from /home/mukesh_lof/projects/lof-titan/firmware/micropython/ports/esp32/managed_components/espressif__tinyusb/src/tusb_option.h:245,
                 from /home/mukesh_lof/projects/lof-titan/firmware/micropython/ports/esp32/managed_components/espressif__tinyusb/src/class/audio/audio_device.c:52:
/home/mukesh_lof/projects/lof-titan/firmware/micropython/ports/esp32/mpconfigport.h:115:9: warning: "MICROPY_PY_OS_DUPTERM" redefined
  115 | #define MICROPY_PY_OS_DUPTERM               (1)
      |         ^~~~~~~~~~~~~~~~~~~~~
In file included from /home/mukesh_lof/projects/lof-titan/firmware/micropython/ports/esp32/mpconfigport.h:5:
/home/mukesh_lof/projects/lof-titan/firmware/micropython/ports/esp32/boards/LOF_TITAN/mpconfigboard.h:13:9: note: this is the location of the previous definition
   13 | #define MICROPY_PY_OS_DUPTERM               (2)
      |         ^~~~~~~~~~~~~~~~~~~~~
[6/296] Building C object esp-idf/espressif__tinyusb/CMakeFiles/__idf_espressif__tinyusb.dir/src/class/midi/midi_device.c.obj
In file included from /home/mukesh_lof/projects/lof-titan/firmware/micropython/py/mpconfig.h:100,
                 from /home/mukesh_lof/projects/lof-titan/firmware/micropython/shared/tinyusb/tusb_config.h:30,
                 from /home/mukesh_lof/projects/lof-titan/firmware/micropython/ports/esp32/managed_components/espressif__tinyusb/src/tusb_option.h:245,
                 from /home/mukesh_lof/projects/lof-titan/firmware/micropython/ports/esp32/managed_components/espressif__tinyusb/src/class/midi/midi_device.c:27:
/home/mukesh_lof/projects/lof-titan/firmware/micropython/ports/esp32/mpconfigport.h:115:9: warning: "MICROPY_PY_OS_DUPTERM" redefined
  115 | #define MICROPY_PY_OS_DUPTERM               (1)
      |         ^~~~~~~~~~~~~~~~~~~~~
In file included from /home/mukesh_lof/projects/lof-titan/firmware/micropython/ports/esp32/mpconfigport.h:5:
/home/mukesh_lof/projects/lof-titan/firmware/micropython/ports/esp32/boards/LOF_TITAN/mpconfigboard.h:13:9: note: this is the location of the previous definition
   13 | #define MICROPY_PY_OS_DUPTERM               (2)
      |         ^~~~~~~~~~~~~~~~~~~~~
[7/296] Building C object esp-idf/espressif__tinyusb/CMakeFiles/__idf_espressif__tinyusb.dir/src/class/usbtmc/usbtmc_device.c.obj
In file included from /home/mukesh_lof/projects/lof-titan/firmware/micropython/py/mpconfig.h:100,
                 from /home/mukesh_lof/projects/lof-titan/firmware/micropython/shared/tinyusb/tusb_config.h:30,
                 from /home/mukesh_lof/projects/lof-titan/firmware/micropython/ports/esp32/managed_components/espressif__tinyusb/src/tusb_option.h:245,
                 from /home/mukesh_lof/projects/lof-titan/firmware/micropython/ports/esp32/managed_components/espressif__tinyusb/src/class/usbtmc/usbtmc_device.c:70:
/home/mukesh_lof/projects/lof-titan/firmware/micropython/ports/esp32/mpconfigport.h:115:9: warning: "MICROPY_PY_OS_DUPTERM" redefined
  115 | #define MICROPY_PY_OS_DUPTERM               (1)
      |         ^~~~~~~~~~~~~~~~~~~~~
In file included from /home/mukesh_lof/projects/lof-titan/firmware/micropython/ports/esp32/mpconfigport.h:5:
/home/mukesh_lof/projects/lof-titan/firmware/micropython/ports/esp32/boards/LOF_TITAN/mpconfigboard.h:13:9: note: this is the location of the previous definition
   13 | #define MICROPY_PY_OS_DUPTERM               (2)
      |         ^~~~~~~~~~~~~~~~~~~~~
[8/296] Building C object esp-idf/espressif__tinyusb/CMakeFiles/__idf_espressif__tinyusb.dir/src/class/cdc/cdc_device.c.obj
In file included from /home/mukesh_lof/projects/lof-titan/firmware/micropython/py/mpconfig.h:100,
                 from /home/mukesh_lof/projects/lof-titan/firmware/micropython/shared/tinyusb/tusb_config.h:30,
                 from /home/mukesh_lof/projects/lof-titan/firmware/micropython/ports/esp32/managed_components/espressif__tinyusb/src/tusb_option.h:245,
                 from /home/mukesh_lof/projects/lof-titan/firmware/micropython/ports/esp32/managed_components/espressif__tinyusb/src/class/cdc/cdc_device.c:27:
/home/mukesh_lof/projects/lof-titan/firmware/micropython/ports/esp32/mpconfigport.h:115:9: warning: "MICROPY_PY_OS_DUPTERM" redefined
  115 | #define MICROPY_PY_OS_DUPTERM               (1)
      |         ^~~~~~~~~~~~~~~~~~~~~
In file included from /home/mukesh_lof/projects/lof-titan/firmware/micropython/ports/esp32/mpconfigport.h:5:
/home/mukesh_lof/projects/lof-titan/firmware/micropython/ports/esp32/boards/LOF_TITAN/mpconfigboard.h:13:9: note: this is the location of the previous definition
   13 | #define MICROPY_PY_OS_DUPTERM               (2)
      |         ^~~~~~~~~~~~~~~~~~~~~
[9/296] Building C object esp-idf/espressif__tinyusb/CMakeFiles/__idf_espressif__tinyusb.dir/src/class/net/ncm_device.c.obj
In file included from /home/mukesh_lof/projects/lof-titan/firmware/micropython/py/mpconfig.h:100,
                 from /home/mukesh_lof/projects/lof-titan/firmware/micropython/shared/tinyusb/tusb_config.h:30,
                 from /home/mukesh_lof/projects/lof-titan/firmware/micropython/ports/esp32/managed_components/espressif__tinyusb/src/tusb_option.h:245,
                 from /home/mukesh_lof/projects/lof-titan/firmware/micropython/ports/esp32/managed_components/espressif__tinyusb/src/class/net/ncm_device.c:49:
/home/mukesh_lof/projects/lof-titan/firmware/micropython/ports/esp32/mpconfigport.h:115:9: warning: "MICROPY_PY_OS_DUPTERM" redefined
  115 | #define MICROPY_PY_OS_DUPTERM               (1)
      |         ^~~~~~~~~~~~~~~~~~~~~
In file included from /home/mukesh_lof/projects/lof-titan/firmware/micropython/ports/esp32/mpconfigport.h:5:
/home/mukesh_lof/projects/lof-titan/firmware/micropython/ports/esp32/boards/LOF_TITAN/mpconfigboard.h:13:9: note: this is the location of the previous definition
   13 | #define MICROPY_PY_OS_DUPTERM               (2)
      |         ^~~~~~~~~~~~~~~~~~~~~
[10/296] Building C object esp-idf/espressif__tinyusb/CMakeFiles/__idf_espressif__tinyusb.dir/src/class/vendor/vendor_device.c.obj
In file included from /home/mukesh_lof/projects/lof-titan/firmware/micropython/py/mpconfig.h:100,
                 from /home/mukesh_lof/projects/lof-titan/firmware/micropython/shared/tinyusb/tusb_config.h:30,
                 from /home/mukesh_lof/projects/lof-titan/firmware/micropython/ports/esp32/managed_components/espressif__tinyusb/src/tusb_option.h:245,
                 from /home/mukesh_lof/projects/lof-titan/firmware/micropython/ports/esp32/managed_components/espressif__tinyusb/src/class/vendor/vendor_device.c:27:
/home/mukesh_lof/projects/lof-titan/firmware/micropython/ports/esp32/mpconfigport.h:115:9: warning: "MICROPY_PY_OS_DUPTERM" redefined
  115 | #define MICROPY_PY_OS_DUPTERM               (1)
      |         ^~~~~~~~~~~~~~~~~~~~~
In file included from /home/mukesh_lof/projects/lof-titan/firmware/micropython/ports/esp32/mpconfigport.h:5:
/home/mukesh_lof/projects/lof-titan/firmware/micropython/ports/esp32/boards/LOF_TITAN/mpconfigboard.h:13:9: note: this is the location of the previous definition
   13 | #define MICROPY_PY_OS_DUPTERM               (2)
      |         ^~~~~~~~~~~~~~~~~~~~~
[11/296] Building C object esp-idf/espressif__tinyusb/CMakeFiles/__idf_espressif__tinyusb.dir/src/class/dfu/dfu_device.c.obj
In file included from /home/mukesh_lof/projects/lof-titan/firmware/micropython/py/mpconfig.h:100,
                 from /home/mukesh_lof/projects/lof-titan/firmware/micropython/shared/tinyusb/tusb_config.h:30,
                 from /home/mukesh_lof/projects/lof-titan/firmware/micropython/ports/esp32/managed_components/espressif__tinyusb/src/tusb_option.h:245,
                 from /home/mukesh_lof/projects/lof-titan/firmware/micropython/ports/esp32/managed_components/espressif__tinyusb/src/class/dfu/dfu_device.c:27:
/home/mukesh_lof/projects/lof-titan/firmware/micropython/ports/esp32/mpconfigport.h:115:9: warning: "MICROPY_PY_OS_DUPTERM" redefined
  115 | #define MICROPY_PY_OS_DUPTERM               (1)
      |         ^~~~~~~~~~~~~~~~~~~~~
In file included from /home/mukesh_lof/projects/lof-titan/firmware/micropython/ports/esp32/mpconfigport.h:5:
/home/mukesh_lof/projects/lof-titan/firmware/micropython/ports/esp32/boards/LOF_TITAN/mpconfigboard.h:13:9: note: this is the location of the previous definition
   13 | #define MICROPY_PY_OS_DUPTERM               (2)
      |         ^~~~~~~~~~~~~~~~~~~~~
[12/296] Building C object esp-idf/espressif__tinyusb/CMakeFiles/__idf_espressif__tinyusb.dir/src/class/net/ecm_rndis_device.c.obj
In file included from /home/mukesh_lof/projects/lof-titan/firmware/micropython/py/mpconfig.h:100,
                 from /home/mukesh_lof/projects/lof-titan/firmware/micropython/shared/tinyusb/tusb_config.h:30,
                 from /home/mukesh_lof/projects/lof-titan/firmware/micropython/ports/esp32/managed_components/espressif__tinyusb/src/tusb_option.h:245,
                 from /home/mukesh_lof/projects/lof-titan/firmware/micropython/ports/esp32/managed_components/espressif__tinyusb/src/class/net/ecm_rndis_device.c:28:
/home/mukesh_lof/projects/lof-titan/firmware/micropython/ports/esp32/mpconfigport.h:115:9: warning: "MICROPY_PY_OS_DUPTERM" redefined
  115 | #define MICROPY_PY_OS_DUPTERM               (1)
      |         ^~~~~~~~~~~~~~~~~~~~~
In file included from /home/mukesh_lof/projects/lof-titan/firmware/micropython/ports/esp32/mpconfigport.h:5:
/home/mukesh_lof/projects/lof-titan/firmware/micropython/ports/esp32/boards/LOF_TITAN/mpconfigboard.h:13:9: note: this is the location of the previous definition
   13 | #define MICROPY_PY_OS_DUPTERM               (2)
      |         ^~~~~~~~~~~~~~~~~~~~~
[13/296] Building C object esp-idf/espressif__tinyusb/CMakeFiles/__idf_espressif__tinyusb.dir/src/portable/synopsys/dwc2/dcd_dwc2.c.obj
In file included from /home/mukesh_lof/projects/lof-titan/firmware/micropython/py/mpconfig.h:100,
                 from /home/mukesh_lof/projects/lof-titan/firmware/micropython/shared/tinyusb/tusb_config.h:30,
                 from /home/mukesh_lof/projects/lof-titan/firmware/micropython/ports/esp32/managed_components/espressif__tinyusb/src/tusb_option.h:245,
                 from /home/mukesh_lof/projects/lof-titan/firmware/micropython/ports/esp32/managed_components/espressif__tinyusb/src/portable/synopsys/dwc2/dcd_dwc2.c:30:
/home/mukesh_lof/projects/lof-titan/firmware/micropython/ports/esp32/mpconfigport.h:115:9: warning: "MICROPY_PY_OS_DUPTERM" redefined
  115 | #define MICROPY_PY_OS_DUPTERM               (1)
      |         ^~~~~~~~~~~~~~~~~~~~~
In file included from /home/mukesh_lof/projects/lof-titan/firmware/micropython/ports/esp32/mpconfigport.h:5:
/home/mukesh_lof/projects/lof-titan/firmware/micropython/ports/esp32/boards/LOF_TITAN/mpconfigboard.h:13:9: note: this is the location of the previous definition
   13 | #define MICROPY_PY_OS_DUPTERM               (2)
      |         ^~~~~~~~~~~~~~~~~~~~~
[14/296] Building C object esp-idf/espressif__tinyusb/CMakeFiles/__idf_espressif__tinyusb.dir/src/class/dfu/dfu_rt_device.c.obj
In file included from /home/mukesh_lof/projects/lof-titan/firmware/micropython/py/mpconfig.h:100,
                 from /home/mukesh_lof/projects/lof-titan/firmware/micropython/shared/tinyusb/tusb_config.h:30,
                 from /home/mukesh_lof/projects/lof-titan/firmware/micropython/ports/esp32/managed_components/espressif__tinyusb/src/tusb_option.h:245,
                 from /home/mukesh_lof/projects/lof-titan/firmware/micropython/ports/esp32/managed_components/espressif__tinyusb/src/class/dfu/dfu_rt_device.c:27:
/home/mukesh_lof/projects/lof-titan/firmware/micropython/ports/esp32/mpconfigport.h:115:9: warning: "MICROPY_PY_OS_DUPTERM" redefined
  115 | #define MICROPY_PY_OS_DUPTERM               (1)
      |         ^~~~~~~~~~~~~~~~~~~~~
In file included from /home/mukesh_lof/projects/lof-titan/firmware/micropython/ports/esp32/mpconfigport.h:5:
/home/mukesh_lof/projects/lof-titan/firmware/micropython/ports/esp32/boards/LOF_TITAN/mpconfigboard.h:13:9: note: this is the location of the previous definition
   13 | #define MICROPY_PY_OS_DUPTERM               (2)
      |         ^~~~~~~~~~~~~~~~~~~~~
[15/296] Building C object esp-idf/espressif__tinyusb/CMakeFiles/__idf_espressif__tinyusb.dir/src/tusb.c.obj
In file included from /home/mukesh_lof/projects/lof-titan/firmware/micropython/py/mpconfig.h:100,
                 from /home/mukesh_lof/projects/lof-titan/firmware/micropython/shared/tinyusb/tusb_config.h:30,
                 from /home/mukesh_lof/projects/lof-titan/firmware/micropython/ports/esp32/managed_components/espressif__tinyusb/src/tusb_option.h:245,
                 from /home/mukesh_lof/projects/lof-titan/firmware/micropython/ports/esp32/managed_components/espressif__tinyusb/src/tusb.c:27:
/home/mukesh_lof/projects/lof-titan/firmware/micropython/ports/esp32/mpconfigport.h:115:9: warning: "MICROPY_PY_OS_DUPTERM" redefined
  115 | #define MICROPY_PY_OS_DUPTERM               (1)
      |         ^~~~~~~~~~~~~~~~~~~~~
In file included from /home/mukesh_lof/projects/lof-titan/firmware/micropython/ports/esp32/mpconfigport.h:5:
/home/mukesh_lof/projects/lof-titan/firmware/micropython/ports/esp32/boards/LOF_TITAN/mpconfigboard.h:13:9: note: this is the location of the previous definition
   13 | #define MICROPY_PY_OS_DUPTERM               (2)
      |         ^~~~~~~~~~~~~~~~~~~~~
[16/296] Building C object esp-idf/espressif__tinyusb/CMakeFiles/__idf_espressif__tinyusb.dir/src/device/usbd.c.obj
In file included from /home/mukesh_lof/projects/lof-titan/firmware/micropython/py/mpconfig.h:100,
                 from /home/mukesh_lof/projects/lof-titan/firmware/micropython/shared/tinyusb/tusb_config.h:30,
                 from /home/mukesh_lof/projects/lof-titan/firmware/micropython/ports/esp32/managed_components/espressif__tinyusb/src/tusb_option.h:245,
                 from /home/mukesh_lof/projects/lof-titan/firmware/micropython/ports/esp32/managed_components/espressif__tinyusb/src/device/usbd.c:27:
/home/mukesh_lof/projects/lof-titan/firmware/micropython/ports/esp32/mpconfigport.h:115:9: warning: "MICROPY_PY_OS_DUPTERM" redefined
  115 | #define MICROPY_PY_OS_DUPTERM               (1)
      |         ^~~~~~~~~~~~~~~~~~~~~
In file included from /home/mukesh_lof/projects/lof-titan/firmware/micropython/ports/esp32/mpconfigport.h:5:
/home/mukesh_lof/projects/lof-titan/firmware/micropython/ports/esp32/boards/LOF_TITAN/mpconfigboard.h:13:9: note: this is the location of the previous definition
   13 | #define MICROPY_PY_OS_DUPTERM               (2)
      |         ^~~~~~~~~~~~~~~~~~~~~
[17/296] Building C object esp-idf/espressif__tinyusb/CMakeFiles/__idf_espressif__tinyusb.dir/src/portable/synopsys/dwc2/dwc2_common.c.obj
In file included from /home/mukesh_lof/projects/lof-titan/firmware/micropython/py/mpconfig.h:100,
                 from /home/mukesh_lof/projects/lof-titan/firmware/micropython/shared/tinyusb/tusb_config.h:30,
                 from /home/mukesh_lof/projects/lof-titan/firmware/micropython/ports/esp32/managed_components/espressif__tinyusb/src/tusb_option.h:245,
                 from /home/mukesh_lof/projects/lof-titan/firmware/micropython/ports/esp32/managed_components/espressif__tinyusb/src/portable/synopsys/dwc2/dwc2_common.c:27:
/home/mukesh_lof/projects/lof-titan/firmware/micropython/ports/esp32/mpconfigport.h:115:9: warning: "MICROPY_PY_OS_DUPTERM" redefined
  115 | #define MICROPY_PY_OS_DUPTERM               (1)
      |         ^~~~~~~~~~~~~~~~~~~~~
In file included from /home/mukesh_lof/projects/lof-titan/firmware/micropython/ports/esp32/mpconfigport.h:5:
/home/mukesh_lof/projects/lof-titan/firmware/micropython/ports/esp32/boards/LOF_TITAN/mpconfigboard.h:13:9: note: this is the location of the previous definition
   13 | #define MICROPY_PY_OS_DUPTERM               (2)
      |         ^~~~~~~~~~~~~~~~~~~~~
[18/296] Generating ../../partition_table/partition-table.bin
Partition table binary generated. Contents:
*******************************************************************************
# ESP-IDF Partition Table
# Name, Type, SubType, Offset, Size, Flags
nvs,data,nvs,0x9000,20K,
otadata,data,ota,0xe000,8K,
app0,app,ota_0,0x10000,4M,
vfs,data,fat,0x410000,12224K,
*******************************************************************************
[19/296] Building C object esp-idf/espressif__tinyusb/CMakeFiles/__idf_espressif__tinyusb.dir/src/device/usbd_control.c.obj
In file included from /home/mukesh_lof/projects/lof-titan/firmware/micropython/py/mpconfig.h:100,
                 from /home/mukesh_lof/projects/lof-titan/firmware/micropython/shared/tinyusb/tusb_config.h:30,
                 from /home/mukesh_lof/projects/lof-titan/firmware/micropython/ports/esp32/managed_components/espressif__tinyusb/src/tusb_option.h:245,
                 from /home/mukesh_lof/projects/lof-titan/firmware/micropython/ports/esp32/managed_components/espressif__tinyusb/src/device/usbd_control.c:27:
/home/mukesh_lof/projects/lof-titan/firmware/micropython/ports/esp32/mpconfigport.h:115:9: warning: "MICROPY_PY_OS_DUPTERM" redefined
  115 | #define MICROPY_PY_OS_DUPTERM               (1)
      |         ^~~~~~~~~~~~~~~~~~~~~
In file included from /home/mukesh_lof/projects/lof-titan/firmware/micropython/ports/esp32/mpconfigport.h:5:
/home/mukesh_lof/projects/lof-titan/firmware/micropython/ports/esp32/boards/LOF_TITAN/mpconfigboard.h:13:9: note: this is the location of the previous definition
   13 | #define MICROPY_PY_OS_DUPTERM               (2)
      |         ^~~~~~~~~~~~~~~~~~~~~
[20/296] cd /home/mukesh_lof/projects/lof-titan/firmware/micropython/ports/esp32/build-LOF_TITAN/esp-idf/main && /usr/bin/cmake -E make_directory /home/mukesh_lof/projects/lof-titan/firmware/micropython/ports/esp32/build-LOF_TITAN/genhdr && /home/mukesh_lof/.espressif/python_env/idf5.5_py3.12_env/bin/python /home/mukesh_lof/projects/lof-titan/firmware/micropython/py/makeversionhdr.py /home/mukesh_lof/projects/lof-titan/firmware/micropython/ports/esp32/build-LOF_TITAN/genhdr/mpversion.h
[21/296] Building C object esp-idf/espressif__tinyusb/CMakeFiles/__idf_espressif__tinyusb.dir/lib/networking/rndis_reports.c.obj
In file included from /home/mukesh_lof/projects/lof-titan/firmware/micropython/py/mpconfig.h:100,
                 from /home/mukesh_lof/projects/lof-titan/firmware/micropython/shared/tinyusb/tusb_config.h:30,
                 from /home/mukesh_lof/projects/lof-titan/firmware/micropython/ports/esp32/managed_components/espressif__tinyusb/src/tusb_option.h:245,
                 from /home/mukesh_lof/projects/lof-titan/firmware/micropython/ports/esp32/managed_components/espressif__tinyusb/src/common/tusb_common.h:74,
                 from /home/mukesh_lof/projects/lof-titan/firmware/micropython/ports/esp32/managed_components/espressif__tinyusb/src/class/cdc/cdc.h:35,
                 from /home/mukesh_lof/projects/lof-titan/firmware/micropython/ports/esp32/managed_components/espressif__tinyusb/src/class/net/net_device.h:32,
                 from /home/mukesh_lof/projects/lof-titan/firmware/micropython/ports/esp32/managed_components/espressif__tinyusb/lib/networking/rndis_reports.c:32:
/home/mukesh_lof/projects/lof-titan/firmware/micropython/ports/esp32/mpconfigport.h:115:9: warning: "MICROPY_PY_OS_DUPTERM" redefined
  115 | #define MICROPY_PY_OS_DUPTERM               (1)
      |         ^~~~~~~~~~~~~~~~~~~~~
In file included from /home/mukesh_lof/projects/lof-titan/firmware/micropython/ports/esp32/mpconfigport.h:5:
/home/mukesh_lof/projects/lof-titan/firmware/micropython/ports/esp32/boards/LOF_TITAN/mpconfigboard.h:13:9: note: this is the location of the previous definition
   13 | #define MICROPY_PY_OS_DUPTERM               (2)
      |         ^~~~~~~~~~~~~~~~~~~~~
[22/296] Generating ../../pins.c, ../../genhdr/pins.h
[23/296] Performing build step for 'bootloader'
[1/1] cd /home/mukesh_lof/projects/lof-titan/firmware/micropython/ports/esp32/build-LOF_TITAN/bootloader/esp-idf/esptool_py && /home/mukesh_lof/.espressif/python_env/idf5.5_py3.12_env/bin/python /home/mukesh_lof/esp/esp-idf/components/partition_table/check_sizes.py --offset 0x8000 bootloader 0x0 /home/mukesh_lof/projects/lof-titan/firmware/micropython/ports/esp32/build-LOF_TITAN/bootloader/bootloader.bin
Bootloader binary size 0x4b20 bytes. 0x34e0 bytes (41%) free.
[24/296] No install step for 'bootloader'
[25/296] Completed 'bootloader'
[26/296] Building C object esp-idf/espressif__tinyusb/CMakeFiles/__idf_espressif__tinyusb.dir/src/common/tusb_fifo.c.obj
In file included from /home/mukesh_lof/projects/lof-titan/firmware/micropython/py/mpconfig.h:100,
                 from /home/mukesh_lof/projects/lof-titan/firmware/micropython/shared/tinyusb/tusb_config.h:30,
                 from /home/mukesh_lof/projects/lof-titan/firmware/micropython/ports/esp32/managed_components/espressif__tinyusb/src/tusb_option.h:245,
                 from /home/mukesh_lof/projects/lof-titan/firmware/micropython/ports/esp32/managed_components/espressif__tinyusb/src/common/tusb_common.h:74,
                 from /home/mukesh_lof/projects/lof-titan/firmware/micropython/ports/esp32/managed_components/espressif__tinyusb/src/osal/osal.h:34,
                 from /home/mukesh_lof/projects/lof-titan/firmware/micropython/ports/esp32/managed_components/espressif__tinyusb/src/common/tusb_fifo.c:28:
/home/mukesh_lof/projects/lof-titan/firmware/micropython/ports/esp32/mpconfigport.h:115:9: warning: "MICROPY_PY_OS_DUPTERM" redefined
  115 | #define MICROPY_PY_OS_DUPTERM               (1)
      |         ^~~~~~~~~~~~~~~~~~~~~
In file included from /home/mukesh_lof/projects/lof-titan/firmware/micropython/ports/esp32/mpconfigport.h:5:
/home/mukesh_lof/projects/lof-titan/firmware/micropython/ports/esp32/boards/LOF_TITAN/mpconfigboard.h:13:9: note: this is the location of the previous definition
   13 | #define MICROPY_PY_OS_DUPTERM               (2)
      |         ^~~~~~~~~~~~~~~~~~~~~
[27/296] Linking C static library esp-idf/espressif__tinyusb/libespressif__tinyusb.a
[28/296] Generating ../../genhdr/qstr.i.last
In file included from /home/mukesh_lof/projects/lof-titan/firmware/micropython/py/mpconfig.h:100,
                 from /home/mukesh_lof/projects/lof-titan/firmware/micropython/py/emitndebug.c:3:
/home/mukesh_lof/projects/lof-titan/firmware/micropython/ports/esp32/mpconfigport.h:115:9: warning: "MICROPY_PY_OS_DUPTERM" redefined
  115 | #define MICROPY_PY_OS_DUPTERM               (1)
      |         ^~~~~~~~~~~~~~~~~~~~~
In file included from /home/mukesh_lof/projects/lof-titan/firmware/micropython/ports/esp32/mpconfigport.h:5:
/home/mukesh_lof/projects/lof-titan/firmware/micropython/ports/esp32/boards/LOF_TITAN/mpconfigboard.h:13:9: note: this is the location of the previous definition
   13 | #define MICROPY_PY_OS_DUPTERM               (2)
      |         ^~~~~~~~~~~~~~~~~~~~~
In file included from /home/mukesh_lof/projects/lof-titan/firmware/micropython/py/mpconfig.h:100,
                 from /home/mukesh_lof/projects/lof-titan/firmware/micropython/py/mpstate.h:31,
                 from /home/mukesh_lof/projects/lof-titan/firmware/micropython/py/runtime.h:29,
                 from /home/mukesh_lof/projects/lof-titan/firmware/micropython/py/argcheck.c:30:
/home/mukesh_lof/projects/lof-titan/firmware/micropython/ports/esp32/mpconfigport.h:115:9: warning: "MICROPY_PY_OS_DUPTERM" redefined
  115 | #define MICROPY_PY_OS_DUPTERM               (1)
      |         ^~~~~~~~~~~~~~~~~~~~~
In file included from /home/mukesh_lof/projects/lof-titan/firmware/micropython/ports/esp32/mpconfigport.h:5:
/home/mukesh_lof/projects/lof-titan/firmware/micropython/ports/esp32/boards/LOF_TITAN/mpconfigboard.h:13:9: note: this is the location of the previous definition
   13 | #define MICROPY_PY_OS_DUPTERM               (2)
      |         ^~~~~~~~~~~~~~~~~~~~~
In file included from /home/mukesh_lof/projects/lof-titan/firmware/micropython/py/mpconfig.h:100,
                 from /home/mukesh_lof/projects/lof-titan/firmware/micropython/py/obj.h:31,
                 from /home/mukesh_lof/projects/lof-titan/firmware/micropython/py/objtuple.h:29,
                 from /home/mukesh_lof/projects/lof-titan/firmware/micropython/py/objnamedtuple.c:30:
/home/mukesh_lof/projects/lof-titan/firmware/micropython/ports/esp32/mpconfigport.h:115:9: warning: "MICROPY_PY_OS_DUPTERM" redefined
  115 | #define MICROPY_PY_OS_DUPTERM               (1)
      |         ^~~~~~~~~~~~~~~~~~~~~
In file included from /home/mukesh_lof/projects/lof-titan/firmware/micropython/ports/esp32/mpconfigport.h:5:
/home/mukesh_lof/projects/lof-titan/firmware/micropython/ports/esp32/boards/LOF_TITAN/mpconfigboard.h:13:9: note: this is the location of the previous definition
   13 | #define MICROPY_PY_OS_DUPTERM               (2)
      |         ^~~~~~~~~~~~~~~~~~~~~
In file included from /home/mukesh_lof/projects/lof-titan/firmware/micropython/py/mpconfig.h:100,
                 from /home/mukesh_lof/projects/lof-titan/firmware/micropython/py/obj.h:31,
                 from /home/mukesh_lof/projects/lof-titan/firmware/micropython/py/objtuple.h:29,
                 from /home/mukesh_lof/projects/lof-titan/firmware/micropython/py/objattrtuple.c:27:
/home/mukesh_lof/projects/lof-titan/firmware/micropython/ports/esp32/mpconfigport.h:115:9: warning: "MICROPY_PY_OS_DUPTERM" redefined
  115 | #define MICROPY_PY_OS_DUPTERM               (1)
      |         ^~~~~~~~~~~~~~~~~~~~~
In file included from /home/mukesh_lof/projects/lof-titan/firmware/micropython/ports/esp32/mpconfigport.h:5:
/home/mukesh_lof/projects/lof-titan/firmware/micropython/ports/esp32/boards/LOF_TITAN/mpconfigboard.h:13:9: note: this is the location of the previous definition
   13 | #define MICROPY_PY_OS_DUPTERM               (2)
      |         ^~~~~~~~~~~~~~~~~~~~~
In file included from /home/mukesh_lof/projects/lof-titan/firmware/micropython/py/mpconfig.h:100,
                 from /home/mukesh_lof/projects/lof-titan/firmware/micropython/py/obj.h:31,
                 from /home/mukesh_lof/projects/lof-titan/firmware/micropython/py/objlist.h:29,
                 from /home/mukesh_lof/projects/lof-titan/firmware/micropython/extmod/modnetwork.c:31:
/home/mukesh_lof/projects/lof-titan/firmware/micropython/ports/esp32/mpconfigport.h:115:9: warning: "MICROPY_PY_OS_DUPTERM" redefined
  115 | #define MICROPY_PY_OS_DUPTERM               (1)
      |         ^~~~~~~~~~~~~~~~~~~~~
In file included from /home/mukesh_lof/projects/lof-titan/firmware/micropython/ports/esp32/mpconfigport.h:5:
/home/mukesh_lof/projects/lof-titan/firmware/micropython/ports/esp32/boards/LOF_TITAN/mpconfigboard.h:13:9: note: this is the location of the previous definition
   13 | #define MICROPY_PY_OS_DUPTERM               (2)
      |         ^~~~~~~~~~~~~~~~~~~~~
In file included from /home/mukesh_lof/projects/lof-titan/firmware/micropython/py/mpconfig.h:100,
                 from /home/mukesh_lof/projects/lof-titan/firmware/micropython/py/obj.h:31,
                 from /home/mukesh_lof/projects/lof-titan/firmware/micropython/shared/timeutils/timeutils.c:28:
/home/mukesh_lof/projects/lof-titan/firmware/micropython/ports/esp32/mpconfigport.h:115:9: warning: "MICROPY_PY_OS_DUPTERM" redefined
  115 | #define MICROPY_PY_OS_DUPTERM               (1)
      |         ^~~~~~~~~~~~~~~~~~~~~
In file included from /home/mukesh_lof/projects/lof-titan/firmware/micropython/ports/esp32/mpconfigport.h:5:
/home/mukesh_lof/projects/lof-titan/firmware/micropython/ports/esp32/boards/LOF_TITAN/mpconfigboard.h:13:9: note: this is the location of the previous definition
   13 | #define MICROPY_PY_OS_DUPTERM               (2)
      |         ^~~~~~~~~~~~~~~~~~~~~
In file included from /home/mukesh_lof/projects/lof-titan/firmware/micropython/py/mpconfig.h:100,
                 from /home/mukesh_lof/projects/lof-titan/firmware/micropython/py/parsenumbase.c:27:
/home/mukesh_lof/projects/lof-titan/firmware/micropython/ports/esp32/mpconfigport.h:115:9: warning: "MICROPY_PY_OS_DUPTERM" redefined
  115 | #define MICROPY_PY_OS_DUPTERM               (1)
      |         ^~~~~~~~~~~~~~~~~~~~~
In file included from /home/mukesh_lof/projects/lof-titan/firmware/micropython/ports/esp32/mpconfigport.h:5:
/home/mukesh_lof/projects/lof-titan/firmware/micropython/ports/esp32/boards/LOF_TITAN/mpconfigboard.h:13:9: note: this is the location of the previous definition
   13 | #define MICROPY_PY_OS_DUPTERM               (2)
      |         ^~~~~~~~~~~~~~~~~~~~~
In file included from /home/mukesh_lof/projects/lof-titan/firmware/micropython/py/mpconfig.h:100,
                 from /home/mukesh_lof/projects/lof-titan/firmware/micropython/lib/oofatfs/ffconf.h:30,
                 from /home/mukesh_lof/projects/lof-titan/firmware/micropython/lib/oofatfs/ff.h:33,
                 from /home/mukesh_lof/projects/lof-titan/firmware/micropython/ports/esp32/fatfs_port.c:30:
/home/mukesh_lof/projects/lof-titan/firmware/micropython/ports/esp32/mpconfigport.h:115:9: warning: "MICROPY_PY_OS_DUPTERM" redefined
  115 | #define MICROPY_PY_OS_DUPTERM               (1)
      |         ^~~~~~~~~~~~~~~~~~~~~
In file included from /home/mukesh_lof/projects/lof-titan/firmware/micropython/ports/esp32/mpconfigport.h:5:
/home/mukesh_lof/projects/lof-titan/firmware/micropython/ports/esp32/boards/LOF_TITAN/mpconfigboard.h:13:9: note: this is the location of the previous definition
   13 | #define MICROPY_PY_OS_DUPTERM               (2)
      |         ^~~~~~~~~~~~~~~~~~~~~
In file included from /home/mukesh_lof/projects/lof-titan/firmware/micropython/py/mpconfig.h:100,
                 from /home/mukesh_lof/projects/lof-titan/firmware/micropython/shared/libc/printf.c:27:
/home/mukesh_lof/projects/lof-titan/firmware/micropython/ports/esp32/mpconfigport.h:115:9: warning: "MICROPY_PY_OS_DUPTERM" redefined
  115 | #define MICROPY_PY_OS_DUPTERM               (1)
      |         ^~~~~~~~~~~~~~~~~~~~~
In file included from /home/mukesh_lof/projects/lof-titan/firmware/micropython/ports/esp32/mpconfigport.h:5:
/home/mukesh_lof/projects/lof-titan/firmware/micropython/ports/esp32/boards/LOF_TITAN/mpconfigboard.h:13:9: note: this is the location of the previous definition
   13 | #define MICROPY_PY_OS_DUPTERM               (2)
      |         ^~~~~~~~~~~~~~~~~~~~~
In file included from /home/mukesh_lof/projects/lof-titan/firmware/micropython/py/mpconfig.h:100,
                 from /home/mukesh_lof/projects/lof-titan/firmware/micropython/py/mpstate.h:31,
                 from /home/mukesh_lof/projects/lof-titan/firmware/micropython/py/runtime.h:29,
                 from /home/mukesh_lof/projects/lof-titan/firmware/micropython/py/modstruct.c:31:
/home/mukesh_lof/projects/lof-titan/firmware/micropython/ports/esp32/mpconfigport.h:115:9: warning: "MICROPY_PY_OS_DUPTERM" redefined
  115 | #define MICROPY_PY_OS_DUPTERM               (1)
      |         ^~~~~~~~~~~~~~~~~~~~~
In file included from /home/mukesh_lof/projects/lof-titan/firmware/micropython/ports/esp32/mpconfigport.h:5:
/home/mukesh_lof/projects/lof-titan/firmware/micropython/ports/esp32/boards/LOF_TITAN/mpconfigboard.h:13:9: note: this is the location of the previous definition
   13 | #define MICROPY_PY_OS_DUPTERM               (2)
      |         ^~~~~~~~~~~~~~~~~~~~~
In file included from /home/mukesh_lof/projects/lof-titan/firmware/micropython/py/mpconfig.h:100,
                 from /home/mukesh_lof/projects/lof-titan/firmware/micropython/py/mpstate.h:31,
                 from /home/mukesh_lof/projects/lof-titan/firmware/micropython/py/runtime.h:29,
                 from /home/mukesh_lof/projects/lof-titan/firmware/micropython/extmod/network_cyw43.c:29:
/home/mukesh_lof/projects/lof-titan/firmware/micropython/ports/esp32/mpconfigport.h:115:9: warning: "MICROPY_PY_OS_DUPTERM" redefined
  115 | #define MICROPY_PY_OS_DUPTERM               (1)
      |         ^~~~~~~~~~~~~~~~~~~~~
In file included from /home/mukesh_lof/projects/lof-titan/firmware/micropython/ports/esp32/mpconfigport.h:5:
/home/mukesh_lof/projects/lof-titan/firmware/micropython/ports/esp32/boards/LOF_TITAN/mpconfigboard.h:13:9: note: this is the location of the previous definition
   13 | #define MICROPY_PY_OS_DUPTERM               (2)
      |         ^~~~~~~~~~~~~~~~~~~~~
In file included from /home/mukesh_lof/projects/lof-titan/firmware/micropython/py/mpconfig.h:100,
                 from /home/mukesh_lof/projects/lof-titan/firmware/micropython/py/nlr.h:36,
                 from /home/mukesh_lof/projects/lof-titan/firmware/micropython/ports/esp32/modesp32.c:36:
/home/mukesh_lof/projects/lof-titan/firmware/micropython/ports/esp32/mpconfigport.h:115:9: warning: "MICROPY_PY_OS_DUPTERM" redefined
  115 | #define MICROPY_PY_OS_DUPTERM               (1)
      |         ^~~~~~~~~~~~~~~~~~~~~
In file included from /home/mukesh_lof/projects/lof-titan/firmware/micropython/ports/esp32/mpconfigport.h:5:
/home/mukesh_lof/projects/lof-titan/firmware/micropython/ports/esp32/boards/LOF_TITAN/mpconfigboard.h:13:9: note: this is the location of the previous definition
   13 | #define MICROPY_PY_OS_DUPTERM               (2)
      |         ^~~~~~~~~~~~~~~~~~~~~
In file included from /home/mukesh_lof/projects/lof-titan/firmware/micropython/py/mpconfig.h:100,
                 from /home/mukesh_lof/projects/lof-titan/firmware/micropython/py/emitnrv32.c:29:
/home/mukesh_lof/projects/lof-titan/firmware/micropython/ports/esp32/mpconfigport.h:115:9: warning: "MICROPY_PY_OS_DUPTERM" redefined
  115 | #define MICROPY_PY_OS_DUPTERM               (1)
      |         ^~~~~~~~~~~~~~~~~~~~~
In file included from /home/mukesh_lof/projects/lof-titan/firmware/micropython/ports/esp32/mpconfigport.h:5:
/home/mukesh_lof/projects/lof-titan/firmware/micropython/ports/esp32/boards/LOF_TITAN/mpconfigboard.h:13:9: note: this is the location of the previous definition
   13 | #define MICROPY_PY_OS_DUPTERM               (2)
      |         ^~~~~~~~~~~~~~~~~~~~~
In file included from /home/mukesh_lof/projects/lof-titan/firmware/micropython/py/mpconfig.h:100,
                 from /home/mukesh_lof/projects/lof-titan/firmware/micropython/py/obj.h:31,
                 from /home/mukesh_lof/projects/lof-titan/firmware/micropython/py/objnone.c:29:
/home/mukesh_lof/projects/lof-titan/firmware/micropython/ports/esp32/mpconfigport.h:115:9: warning: "MICROPY_PY_OS_DUPTERM" redefined
  115 | #define MICROPY_PY_OS_DUPTERM               (1)
      |         ^~~~~~~~~~~~~~~~~~~~~
In file included from /home/mukesh_lof/projects/lof-titan/firmware/micropython/ports/esp32/mpconfigport.h:5:
/home/mukesh_lof/projects/lof-titan/firmware/micropython/ports/esp32/boards/LOF_TITAN/mpconfigboard.h:13:9: note: this is the location of the previous definition
   13 | #define MICROPY_PY_OS_DUPTERM               (2)
      |         ^~~~~~~~~~~~~~~~~~~~~
In file included from /home/mukesh_lof/projects/lof-titan/firmware/micropython/py/mpconfig.h:100,
                 from /home/mukesh_lof/projects/lof-titan/firmware/micropython/py/mpstate.h:31,
                 from /home/mukesh_lof/projects/lof-titan/firmware/micropython/py/runtime.h:29,
                 from /home/mukesh_lof/projects/lof-titan/firmware/micropython/py/objbool.c:29:
/home/mukesh_lof/projects/lof-titan/firmware/micropython/ports/esp32/mpconfigport.h:115:9: warning: "MICROPY_PY_OS_DUPTERM" redefined
  115 | #define MICROPY_PY_OS_DUPTERM               (1)
      |         ^~~~~~~~~~~~~~~~~~~~~
In file included from /home/mukesh_lof/projects/lof-titan/firmware/micropython/ports/esp32/mpconfigport.h:5:
/home/mukesh_lof/projects/lof-titan/firmware/micropython/ports/esp32/boards/LOF_TITAN/mpconfigboard.h:13:9: note: this is the location of the previous definition
   13 | #define MICROPY_PY_OS_DUPTERM               (2)
      |         ^~~~~~~~~~~~~~~~~~~~~
In file included from /home/mukesh_lof/projects/lof-titan/firmware/micropython/py/mpconfig.h:100,
                 from /home/mukesh_lof/projects/lof-titan/firmware/micropython/py/obj.h:31,
                 from /home/mukesh_lof/projects/lof-titan/firmware/micropython/py/builtin.h:29,
                 from /home/mukesh_lof/projects/lof-titan/firmware/micropython/ports/esp32/help.c:29:
/home/mukesh_lof/projects/lof-titan/firmware/micropython/ports/esp32/mpconfigport.h:115:9: warning: "MICROPY_PY_OS_DUPTERM" redefined
  115 | #define MICROPY_PY_OS_DUPTERM               (1)
      |         ^~~~~~~~~~~~~~~~~~~~~
In file included from /home/mukesh_lof/projects/lof-titan/firmware/micropython/ports/esp32/mpconfigport.h:5:
/home/mukesh_lof/projects/lof-titan/firmware/micropython/ports/esp32/boards/LOF_TITAN/mpconfigboard.h:13:9: note: this is the location of the previous definition
   13 | #define MICROPY_PY_OS_DUPTERM               (2)
      |         ^~~~~~~~~~~~~~~~~~~~~
In file included from /home/mukesh_lof/projects/lof-titan/firmware/micropython/py/mpconfig.h:100,
                 from /home/mukesh_lof/projects/lof-titan/firmware/micropython/py/obj.h:31,
                 from /home/mukesh_lof/projects/lof-titan/firmware/micropython/py/reader.h:29,
                 from /home/mukesh_lof/projects/lof-titan/firmware/micropython/py/persistentcode.c:32:
/home/mukesh_lof/projects/lof-titan/firmware/micropython/ports/esp32/mpconfigport.h:115:9: warning: "MICROPY_PY_OS_DUPTERM" redefined
  115 | #define MICROPY_PY_OS_DUPTERM               (1)
      |         ^~~~~~~~~~~~~~~~~~~~~
In file included from /home/mukesh_lof/projects/lof-titan/firmware/micropython/ports/esp32/mpconfigport.h:5:
/home/mukesh_lof/projects/lof-titan/firmware/micropython/ports/esp32/boards/LOF_TITAN/mpconfigboard.h:13:9: note: this is the location of the previous definition
   13 | #define MICROPY_PY_OS_DUPTERM               (2)
      |         ^~~~~~~~~~~~~~~~~~~~~
In file included from /home/mukesh_lof/projects/lof-titan/firmware/micropython/py/mpconfig.h:100,
                 from /home/mukesh_lof/projects/lof-titan/firmware/micropython/py/obj.h:31,
                 from /home/mukesh_lof/projects/lof-titan/firmware/micropython/extmod/modonewire.c:30:
/home/mukesh_lof/projects/lof-titan/firmware/micropython/ports/esp32/mpconfigport.h:115:9: warning: "MICROPY_PY_OS_DUPTERM" redefined
  115 | #define MICROPY_PY_OS_DUPTERM               (1)
      |         ^~~~~~~~~~~~~~~~~~~~~
In file included from /home/mukesh_lof/projects/lof-titan/firmware/micropython/ports/esp32/mpconfigport.h:5:
/home/mukesh_lof/projects/lof-titan/firmware/micropython/ports/esp32/boards/LOF_TITAN/mpconfigboard.h:13:9: note: this is the location of the previous definition
   13 | #define MICROPY_PY_OS_DUPTERM               (2)
      |         ^~~~~~~~~~~~~~~~~~~~~
In file included from /home/mukesh_lof/projects/lof-titan/firmware/micropython/py/mpconfig.h:100,
                 from /home/mukesh_lof/projects/lof-titan/firmware/micropython/py/asmarm.c:32:
/home/mukesh_lof/projects/lof-titan/firmware/micropython/ports/esp32/mpconfigport.h:115:9: warning: "MICROPY_PY_OS_DUPTERM" redefined
  115 | #define MICROPY_PY_OS_DUPTERM               (1)
      |         ^~~~~~~~~~~~~~~~~~~~~
In file included from /home/mukesh_lof/projects/lof-titan/firmware/micropython/ports/esp32/mpconfigport.h:5:
/home/mukesh_lof/projects/lof-titan/firmware/micropython/ports/esp32/boards/LOF_TITAN/mpconfigboard.h:13:9: note: this is the location of the previous definition
   13 | #define MICROPY_PY_OS_DUPTERM               (2)
      |         ^~~~~~~~~~~~~~~~~~~~~
In file included from /home/mukesh_lof/projects/lof-titan/firmware/micropython/py/mpconfig.h:100,
                 from /home/mukesh_lof/projects/lof-titan/firmware/micropython/py/obj.h:31,
                 from /home/mukesh_lof/projects/lof-titan/firmware/micropython/shared/runtime/interrupt_char.c:27:
/home/mukesh_lof/projects/lof-titan/firmware/micropython/ports/esp32/mpconfigport.h:115:9: warning: "MICROPY_PY_OS_DUPTERM" redefined
  115 | #define MICROPY_PY_OS_DUPTERM               (1)
      |         ^~~~~~~~~~~~~~~~~~~~~
In file included from /home/mukesh_lof/projects/lof-titan/firmware/micropython/ports/esp32/mpconfigport.h:5:
/home/mukesh_lof/projects/lof-titan/firmware/micropython/ports/esp32/boards/LOF_TITAN/mpconfigboard.h:13:9: note: this is the location of the previous definition
   13 | #define MICROPY_PY_OS_DUPTERM               (2)
      |         ^~~~~~~~~~~~~~~~~~~~~
In file included from /home/mukesh_lof/projects/lof-titan/firmware/micropython/py/mpconfig.h:100,
                 from /home/mukesh_lof/projects/lof-titan/firmware/micropython/py/obj.h:31,
                 from /home/mukesh_lof/projects/lof-titan/firmware/micropython/py/builtin.h:29,
                 from /home/mukesh_lof/projects/lof-titan/firmware/micropython/py/modsys.c:28:
/home/mukesh_lof/projects/lof-titan/firmware/micropython/ports/esp32/mpconfigport.h:115:9: warning: "MICROPY_PY_OS_DUPTERM" redefined
  115 | #define MICROPY_PY_OS_DUPTERM               (1)
      |         ^~~~~~~~~~~~~~~~~~~~~
In file included from /home/mukesh_lof/projects/lof-titan/firmware/micropython/ports/esp32/mpconfigport.h:5:
/home/mukesh_lof/projects/lof-titan/firmware/micropython/ports/esp32/boards/LOF_TITAN/mpconfigboard.h:13:9: note: this is the location of the previous definition
   13 | #define MICROPY_PY_OS_DUPTERM               (2)
      |         ^~~~~~~~~~~~~~~~~~~~~
In file included from /home/mukesh_lof/projects/lof-titan/firmware/micropython/py/mpconfig.h:100,
                 from /home/mukesh_lof/projects/lof-titan/firmware/micropython/py/mpstate.h:31,
                 from /home/mukesh_lof/projects/lof-titan/firmware/micropython/py/runtime.h:29,
                 from /home/mukesh_lof/projects/lof-titan/firmware/micropython/ports/esp32/machine_hw_spi.c:31:
/home/mukesh_lof/projects/lof-titan/firmware/micropython/ports/esp32/mpconfigport.h:115:9: warning: "MICROPY_PY_OS_DUPTERM" redefined
  115 | #define MICROPY_PY_OS_DUPTERM               (1)
      |         ^~~~~~~~~~~~~~~~~~~~~
In file included from /home/mukesh_lof/projects/lof-titan/firmware/micropython/ports/esp32/mpconfigport.h:5:
/home/mukesh_lof/projects/lof-titan/firmware/micropython/ports/esp32/boards/LOF_TITAN/mpconfigboard.h:13:9: note: this is the location of the previous definition
   13 | #define MICROPY_PY_OS_DUPTERM               (2)
      |         ^~~~~~~~~~~~~~~~~~~~~
In file included from /home/mukesh_lof/projects/lof-titan/firmware/micropython/py/mpconfig.h:100,
                 from /home/mukesh_lof/projects/lof-titan/firmware/micropython/py/emitnthumb.c:3:
/home/mukesh_lof/projects/lof-titan/firmware/micropython/ports/esp32/mpconfigport.h:115:9: warning: "MICROPY_PY_OS_DUPTERM" redefined
  115 | #define MICROPY_PY_OS_DUPTERM               (1)
      |         ^~~~~~~~~~~~~~~~~~~~~
In file included from /home/mukesh_lof/projects/lof-titan/firmware/micropython/ports/esp32/mpconfigport.h:5:
/home/mukesh_lof/projects/lof-titan/firmware/micropython/ports/esp32/boards/LOF_TITAN/mpconfigboard.h:13:9: note: this is the location of the previous definition
   13 | #define MICROPY_PY_OS_DUPTERM               (2)
      |         ^~~~~~~~~~~~~~~~~~~~~
In file included from /home/mukesh_lof/projects/lof-titan/firmware/micropython/py/mpconfig.h:100,
                 from /home/mukesh_lof/projects/lof-titan/firmware/micropython/py/mpstate.h:31,
                 from /home/mukesh_lof/projects/lof-titan/firmware/micropython/py/runtime.h:29,
                 from /home/mukesh_lof/projects/lof-titan/firmware/micropython/extmod/btstack/modbluetooth_btstack.c:27:
/home/mukesh_lof/projects/lof-titan/firmware/micropython/ports/esp32/mpconfigport.h:115:9: warning: "MICROPY_PY_OS_DUPTERM" redefined
  115 | #define MICROPY_PY_OS_DUPTERM               (1)
      |         ^~~~~~~~~~~~~~~~~~~~~
In file included from /home/mukesh_lof/projects/lof-titan/firmware/micropython/ports/esp32/mpconfigport.h:5:
/home/mukesh_lof/projects/lof-titan/firmware/micropython/ports/esp32/boards/LOF_TITAN/mpconfigboard.h:13:9: note: this is the location of the previous definition
   13 | #define MICROPY_PY_OS_DUPTERM               (2)
      |         ^~~~~~~~~~~~~~~~~~~~~
In file included from /home/mukesh_lof/projects/lof-titan/firmware/micropython/py/mpconfig.h:100,
                 from /home/mukesh_lof/projects/lof-titan/firmware/micropython/py/obj.h:31,
                 from /home/mukesh_lof/projects/lof-titan/firmware/micropython/py/objtype.h:29,
                 from /home/mukesh_lof/projects/lof-titan/firmware/micropython/py/objobject.c:29:
/home/mukesh_lof/projects/lof-titan/firmware/micropython/ports/esp32/mpconfigport.h:115:9: warning: "MICROPY_PY_OS_DUPTERM" redefined
  115 | #define MICROPY_PY_OS_DUPTERM               (1)
      |         ^~~~~~~~~~~~~~~~~~~~~
In file included from /home/mukesh_lof/projects/lof-titan/firmware/micropython/ports/esp32/mpconfigport.h:5:
/home/mukesh_lof/projects/lof-titan/firmware/micropython/ports/esp32/boards/LOF_TITAN/mpconfigboard.h:13:9: note: this is the location of the previous definition
   13 | #define MICROPY_PY_OS_DUPTERM               (2)
      |         ^~~~~~~~~~~~~~~~~~~~~
In file included from /home/mukesh_lof/projects/lof-titan/firmware/micropython/py/mpconfig.h:100,
                 from /home/mukesh_lof/projects/lof-titan/firmware/micropython/py/obj.h:31,
                 from /home/mukesh_lof/projects/lof-titan/firmware/micropython/py/objboundmeth.c:29:
/home/mukesh_lof/projects/lof-titan/firmware/micropython/ports/esp32/mpconfigport.h:115:9: warning: "MICROPY_PY_OS_DUPTERM" redefined
  115 | #define MICROPY_PY_OS_DUPTERM               (1)
      |         ^~~~~~~~~~~~~~~~~~~~~
In file included from /home/mukesh_lof/projects/lof-titan/firmware/micropython/ports/esp32/mpconfigport.h:5:
/home/mukesh_lof/projects/lof-titan/firmware/micropython/ports/esp32/boards/LOF_TITAN/mpconfigboard.h:13:9: note: this is the location of the previous definition
   13 | #define MICROPY_PY_OS_DUPTERM               (2)
      |         ^~~~~~~~~~~~~~~~~~~~~
In file included from /home/mukesh_lof/projects/lof-titan/firmware/micropython/py/mpconfig.h:100,
                 from /home/mukesh_lof/projects/lof-titan/firmware/micropython/ports/esp32/machine_bitstream.c:27:
/home/mukesh_lof/projects/lof-titan/firmware/micropython/ports/esp32/mpconfigport.h:115:9: warning: "MICROPY_PY_OS_DUPTERM" redefined
  115 | #define MICROPY_PY_OS_DUPTERM               (1)
      |         ^~~~~~~~~~~~~~~~~~~~~
In file included from /home/mukesh_lof/projects/lof-titan/firmware/micropython/ports/esp32/mpconfigport.h:5:
/home/mukesh_lof/projects/lof-titan/firmware/micropython/ports/esp32/boards/LOF_TITAN/mpconfigboard.h:13:9: note: this is the location of the previous definition
   13 | #define MICROPY_PY_OS_DUPTERM               (2)
      |         ^~~~~~~~~~~~~~~~~~~~~
In file included from /home/mukesh_lof/projects/lof-titan/firmware/micropython/py/mpconfig.h:100,
                 from /home/mukesh_lof/projects/lof-titan/firmware/micropython/py/mpstate.h:31,
                 from /home/mukesh_lof/projects/lof-titan/firmware/micropython/py/runtime.h:29,
                 from /home/mukesh_lof/projects/lof-titan/firmware/micropython/extmod/network_lwip.c:27:
/home/mukesh_lof/projects/lof-titan/firmware/micropython/ports/esp32/mpconfigport.h:115:9: warning: "MICROPY_PY_OS_DUPTERM" redefined
  115 | #define MICROPY_PY_OS_DUPTERM               (1)
      |         ^~~~~~~~~~~~~~~~~~~~~
In file included from /home/mukesh_lof/projects/lof-titan/firmware/micropython/ports/esp32/mpconfigport.h:5:
/home/mukesh_lof/projects/lof-titan/firmware/micropython/ports/esp32/boards/LOF_TITAN/mpconfigboard.h:13:9: note: this is the location of the previous definition
   13 | #define MICROPY_PY_OS_DUPTERM               (2)
      |         ^~~~~~~~~~~~~~~~~~~~~
In file included from /home/mukesh_lof/projects/lof-titan/firmware/micropython/py/mpconfig.h:100,
                 from /home/mukesh_lof/projects/lof-titan/firmware/micropython/py/obj.h:31,
                 from /home/mukesh_lof/projects/lof-titan/firmware/micropython/py/asmbase.c:30:
/home/mukesh_lof/projects/lof-titan/firmware/micropython/ports/esp32/mpconfigport.h:115:9: warning: "MICROPY_PY_OS_DUPTERM" redefined
  115 | #define MICROPY_PY_OS_DUPTERM               (1)
      |         ^~~~~~~~~~~~~~~~~~~~~
In file included from /home/mukesh_lof/projects/lof-titan/firmware/micropython/ports/esp32/mpconfigport.h:5:
/home/mukesh_lof/projects/lof-titan/firmware/micropython/ports/esp32/boards/LOF_TITAN/mpconfigboard.h:13:9: note: this is the location of the previous definition
   13 | #define MICROPY_PY_OS_DUPTERM               (2)
      |         ^~~~~~~~~~~~~~~~~~~~~
In file included from /home/mukesh_lof/projects/lof-titan/firmware/micropython/py/mpconfig.h:100,
                 from /home/mukesh_lof/projects/lof-titan/firmware/micropython/py/mpstate.h:31,
                 from /home/mukesh_lof/projects/lof-titan/firmware/micropython/py/runtime.h:29,
                 from /home/mukesh_lof/projects/lof-titan/firmware/micropython/extmod/modasyncio.c:27:
/home/mukesh_lof/projects/lof-titan/firmware/micropython/ports/esp32/mpconfigport.h:115:9: warning: "MICROPY_PY_OS_DUPTERM" redefined
  115 | #define MICROPY_PY_OS_DUPTERM               (1)
      |         ^~~~~~~~~~~~~~~~~~~~~
In file included from /home/mukesh_lof/projects/lof-titan/firmware/micropython/ports/esp32/mpconfigport.h:5:
/home/mukesh_lof/projects/lof-titan/firmware/micropython/ports/esp32/boards/LOF_TITAN/mpconfigboard.h:13:9: note: this is the location of the previous definition
   13 | #define MICROPY_PY_OS_DUPTERM               (2)
      |         ^~~~~~~~~~~~~~~~~~~~~
In file included from /home/mukesh_lof/projects/lof-titan/firmware/micropython/py/mpconfig.h:100,
                 from /home/mukesh_lof/projects/lof-titan/firmware/micropython/py/mpstate.h:31,
                 from /home/mukesh_lof/projects/lof-titan/firmware/micropython/py/runtime.h:29,
                 from /home/mukesh_lof/projects/lof-titan/firmware/micropython/shared/runtime/mpirq.c:30:
/home/mukesh_lof/projects/lof-titan/firmware/micropython/ports/esp32/mpconfigport.h:115:9: warning: "MICROPY_PY_OS_DUPTERM" redefined
  115 | #define MICROPY_PY_OS_DUPTERM               (1)
      |         ^~~~~~~~~~~~~~~~~~~~~
In file included from /home/mukesh_lof/projects/lof-titan/firmware/micropython/ports/esp32/mpconfigport.h:5:
/home/mukesh_lof/projects/lof-titan/firmware/micropython/ports/esp32/boards/LOF_TITAN/mpconfigboard.h:13:9: note: this is the location of the previous definition
   13 | #define MICROPY_PY_OS_DUPTERM               (2)
      |         ^~~~~~~~~~~~~~~~~~~~~
In file included from /home/mukesh_lof/projects/lof-titan/firmware/micropython/py/mpconfig.h:100,
                 from /home/mukesh_lof/projects/lof-titan/firmware/micropython/py/obj.h:31,
                 from /home/mukesh_lof/projects/lof-titan/firmware/micropython/py/emitglue.h:29,
                 from /home/mukesh_lof/projects/lof-titan/firmware/micropython/py/profile.h:30,
                 from /home/mukesh_lof/projects/lof-titan/firmware/micropython/py/profile.c:27:
/home/mukesh_lof/projects/lof-titan/firmware/micropython/ports/esp32/mpconfigport.h:115:9: warning: "MICROPY_PY_OS_DUPTERM" redefined
  115 | #define MICROPY_PY_OS_DUPTERM               (1)
      |         ^~~~~~~~~~~~~~~~~~~~~
In file included from /home/mukesh_lof/projects/lof-titan/firmware/micropython/ports/esp32/mpconfigport.h:5:
/home/mukesh_lof/projects/lof-titan/firmware/micropython/ports/esp32/boards/LOF_TITAN/mpconfigboard.h:13:9: note: this is the location of the previous definition
   13 | #define MICROPY_PY_OS_DUPTERM               (2)
      |         ^~~~~~~~~~~~~~~~~~~~~
In file included from /home/mukesh_lof/projects/lof-titan/firmware/micropython/py/mpconfig.h:100,
                 from /home/mukesh_lof/projects/lof-titan/firmware/micropython/py/emitnx64.c:3:
/home/mukesh_lof/projects/lof-titan/firmware/micropython/ports/esp32/mpconfigport.h:115:9: warning: "MICROPY_PY_OS_DUPTERM" redefined
  115 | #define MICROPY_PY_OS_DUPTERM               (1)
      |         ^~~~~~~~~~~~~~~~~~~~~
In file included from /home/mukesh_lof/projects/lof-titan/firmware/micropython/ports/esp32/mpconfigport.h:5:
/home/mukesh_lof/projects/lof-titan/firmware/micropython/ports/esp32/boards/LOF_TITAN/mpconfigboard.h:13:9: note: this is the location of the previous definition
   13 | #define MICROPY_PY_OS_DUPTERM               (2)
      |         ^~~~~~~~~~~~~~~~~~~~~
In file included from /home/mukesh_lof/projects/lof-titan/firmware/micropython/py/mpconfig.h:100,
                 from /home/mukesh_lof/projects/lof-titan/firmware/micropython/py/mpstate.h:31,
                 from /home/mukesh_lof/projects/lof-titan/firmware/micropython/py/runtime.h:29,
                 from /home/mukesh_lof/projects/lof-titan/firmware/micropython/py/modthread.c:30:
/home/mukesh_lof/projects/lof-titan/firmware/micropython/ports/esp32/mpconfigport.h:115:9: warning: "MICROPY_PY_OS_DUPTERM" redefined
  115 | #define MICROPY_PY_OS_DUPTERM               (1)
      |         ^~~~~~~~~~~~~~~~~~~~~
In file included from /home/mukesh_lof/projects/lof-titan/firmware/micropython/ports/esp32/mpconfigport.h:5:
/home/mukesh_lof/projects/lof-titan/firmware/micropython/ports/esp32/boards/LOF_TITAN/mpconfigboard.h:13:9: note: this is the location of the previous definition
   13 | #define MICROPY_PY_OS_DUPTERM               (2)
      |         ^~~~~~~~~~~~~~~~~~~~~
In file included from /home/mukesh_lof/projects/lof-titan/firmware/micropython/py/mpconfig.h:100,
                 from /home/mukesh_lof/projects/lof-titan/firmware/micropython/py/mpstate.h:31,
                 from /home/mukesh_lof/projects/lof-titan/firmware/micropython/py/runtime.h:29,
                 from /home/mukesh_lof/projects/lof-titan/firmware/micropython/ports/esp32/mpthreadport.c:30:
/home/mukesh_lof/projects/lof-titan/firmware/micropython/ports/esp32/mpconfigport.h:115:9: warning: "MICROPY_PY_OS_DUPTERM" redefined
  115 | #define MICROPY_PY_OS_DUPTERM               (1)
      |         ^~~~~~~~~~~~~~~~~~~~~
In file included from /home/mukesh_lof/projects/lof-titan/firmware/micropython/ports/esp32/mpconfigport.h:5:
/home/mukesh_lof/projects/lof-titan/firmware/micropython/ports/esp32/boards/LOF_TITAN/mpconfigboard.h:13:9: note: this is the location of the previous definition
   13 | #define MICROPY_PY_OS_DUPTERM               (2)
      |         ^~~~~~~~~~~~~~~~~~~~~
In file included from /home/mukesh_lof/projects/lof-titan/firmware/micropython/py/mpconfig.h:100,
                 from /home/mukesh_lof/projects/lof-titan/firmware/micropython/py/mpstate.h:31,
                 from /home/mukesh_lof/projects/lof-titan/firmware/micropython/py/runtime.h:29,
                 from /home/mukesh_lof/projects/lof-titan/firmware/micropython/py/objpolyiter.c:29:
/home/mukesh_lof/projects/lof-titan/firmware/micropython/ports/esp32/mpconfigport.h:115:9: warning: "MICROPY_PY_OS_DUPTERM" redefined
  115 | #define MICROPY_PY_OS_DUPTERM               (1)
      |         ^~~~~~~~~~~~~~~~~~~~~
In file included from /home/mukesh_lof/projects/lof-titan/firmware/micropython/ports/esp32/mpconfigport.h:5:
/home/mukesh_lof/projects/lof-titan/firmware/micropython/ports/esp32/boards/LOF_TITAN/mpconfigboard.h:13:9: note: this is the location of the previous definition
   13 | #define MICROPY_PY_OS_DUPTERM               (2)
      |         ^~~~~~~~~~~~~~~~~~~~~
In file included from /home/mukesh_lof/projects/lof-titan/firmware/micropython/py/mpconfig.h:100,
                 from /home/mukesh_lof/projects/lof-titan/firmware/micropython/py/mpstate.h:31,
                 from /home/mukesh_lof/projects/lof-titan/firmware/micropython/py/runtime.h:29,
                 from /home/mukesh_lof/projects/lof-titan/firmware/micropython/py/bc.h:30,
                 from /home/mukesh_lof/projects/lof-titan/firmware/micropython/py/objcode.h:29,
                 from /home/mukesh_lof/projects/lof-titan/firmware/micropython/py/objcode.c:27:
/home/mukesh_lof/projects/lof-titan/firmware/micropython/ports/esp32/mpconfigport.h:115:9: warning: "MICROPY_PY_OS_DUPTERM" redefined
  115 | #define MICROPY_PY_OS_DUPTERM               (1)
      |         ^~~~~~~~~~~~~~~~~~~~~
In file included from /home/mukesh_lof/projects/lof-titan/firmware/micropython/ports/esp32/mpconfigport.h:5:
/home/mukesh_lof/projects/lof-titan/firmware/micropython/ports/esp32/boards/LOF_TITAN/mpconfigboard.h:13:9: note: this is the location of the previous definition
   13 | #define MICROPY_PY_OS_DUPTERM               (2)
      |         ^~~~~~~~~~~~~~~~~~~~~
In file included from /home/mukesh_lof/projects/lof-titan/firmware/micropython/py/mpconfig.h:100,
                 from /home/mukesh_lof/projects/lof-titan/firmware/micropython/py/mpstate.h:31,
                 from /home/mukesh_lof/projects/lof-titan/firmware/micropython/py/runtime.h:29,
                 from /home/mukesh_lof/projects/lof-titan/firmware/micropython/extmod/machine_adc.c:27:
/home/mukesh_lof/projects/lof-titan/firmware/micropython/ports/esp32/mpconfigport.h:115:9: warning: "MICROPY_PY_OS_DUPTERM" redefined
  115 | #define MICROPY_PY_OS_DUPTERM               (1)
      |         ^~~~~~~~~~~~~~~~~~~~~
In file included from /home/mukesh_lof/projects/lof-titan/firmware/micropython/ports/esp32/mpconfigport.h:5:
/home/mukesh_lof/projects/lof-titan/firmware/micropython/ports/esp32/boards/LOF_TITAN/mpconfigboard.h:13:9: note: this is the location of the previous definition
   13 | #define MICROPY_PY_OS_DUPTERM               (2)
      |         ^~~~~~~~~~~~~~~~~~~~~
In file included from /home/mukesh_lof/projects/lof-titan/firmware/micropython/py/mpconfig.h:100,
                 from /home/mukesh_lof/projects/lof-titan/firmware/micropython/py/mphal.h:31,
                 from /home/mukesh_lof/projects/lof-titan/firmware/micropython/ports/esp32/machine_timer.c:33:
/home/mukesh_lof/projects/lof-titan/firmware/micropython/ports/esp32/mpconfigport.h:115:9: warning: "MICROPY_PY_OS_DUPTERM" redefined
  115 | #define MICROPY_PY_OS_DUPTERM               (1)
      |         ^~~~~~~~~~~~~~~~~~~~~
In file included from /home/mukesh_lof/projects/lof-titan/firmware/micropython/ports/esp32/mpconfigport.h:5:
/home/mukesh_lof/projects/lof-titan/firmware/micropython/ports/esp32/boards/LOF_TITAN/mpconfigboard.h:13:9: note: this is the location of the previous definition
   13 | #define MICROPY_PY_OS_DUPTERM               (2)
      |         ^~~~~~~~~~~~~~~~~~~~~
In file included from /home/mukesh_lof/projects/lof-titan/firmware/micropython/py/mpconfig.h:100,
                 from /home/mukesh_lof/projects/lof-titan/firmware/micropython/py/mphal.h:31,
                 from /home/mukesh_lof/projects/lof-titan/firmware/micropython/extmod/network_ninaw10.c:29:
/home/mukesh_lof/projects/lof-titan/firmware/micropython/ports/esp32/mpconfigport.h:115:9: warning: "MICROPY_PY_OS_DUPTERM" redefined
  115 | #define MICROPY_PY_OS_DUPTERM               (1)
      |         ^~~~~~~~~~~~~~~~~~~~~
In file included from /home/mukesh_lof/projects/lof-titan/firmware/micropython/ports/esp32/mpconfigport.h:5:
/home/mukesh_lof/projects/lof-titan/firmware/micropython/ports/esp32/boards/LOF_TITAN/mpconfigboard.h:13:9: note: this is the location of the previous definition
   13 | #define MICROPY_PY_OS_DUPTERM               (2)
      |         ^~~~~~~~~~~~~~~~~~~~~
In file included from /home/mukesh_lof/projects/lof-titan/firmware/micropython/py/mpconfig.h:100,
                 from /home/mukesh_lof/projects/lof-titan/firmware/micropython/py/lexer.h:31,
                 from /home/mukesh_lof/projects/lof-titan/firmware/micropython/py/emit.h:29,
                 from /home/mukesh_lof/projects/lof-titan/firmware/micropython/py/asmrv32.c:31:
/home/mukesh_lof/projects/lof-titan/firmware/micropython/ports/esp32/mpconfigport.h:115:9: warning: "MICROPY_PY_OS_DUPTERM" redefined
  115 | #define MICROPY_PY_OS_DUPTERM               (1)
      |         ^~~~~~~~~~~~~~~~~~~~~
In file included from /home/mukesh_lof/projects/lof-titan/firmware/micropython/ports/esp32/mpconfigport.h:5:
/home/mukesh_lof/projects/lof-titan/firmware/micropython/ports/esp32/boards/LOF_TITAN/mpconfigboard.h:13:9: note: this is the location of the previous definition
   13 | #define MICROPY_PY_OS_DUPTERM               (2)
      |         ^~~~~~~~~~~~~~~~~~~~~
In file included from /home/mukesh_lof/projects/lof-titan/firmware/micropython/py/mpconfig.h:100,
                 from /home/mukesh_lof/projects/lof-titan/firmware/micropython/py/mphal.h:31,
                 from /home/mukesh_lof/projects/lof-titan/firmware/micropython/shared/runtime/stdout_helpers.c:28:
/home/mukesh_lof/projects/lof-titan/firmware/micropython/ports/esp32/mpconfigport.h:115:9: warning: "MICROPY_PY_OS_DUPTERM" redefined
  115 | #define MICROPY_PY_OS_DUPTERM               (1)
      |         ^~~~~~~~~~~~~~~~~~~~~
In file included from /home/mukesh_lof/projects/lof-titan/firmware/micropython/ports/esp32/mpconfigport.h:5:
/home/mukesh_lof/projects/lof-titan/firmware/micropython/ports/esp32/boards/LOF_TITAN/mpconfigboard.h:13:9: note: this is the location of the previous definition
   13 | #define MICROPY_PY_OS_DUPTERM               (2)
      |         ^~~~~~~~~~~~~~~~~~~~~
In file included from /home/mukesh_lof/projects/lof-titan/firmware/micropython/py/mpconfig.h:100,
                 from /home/mukesh_lof/projects/lof-titan/firmware/micropython/py/obj.h:31,
                 from /home/mukesh_lof/projects/lof-titan/firmware/micropython/py/moderrno.c:30:
/home/mukesh_lof/projects/lof-titan/firmware/micropython/ports/esp32/mpconfigport.h:115:9: warning: "MICROPY_PY_OS_DUPTERM" redefined
  115 | #define MICROPY_PY_OS_DUPTERM               (1)
      |         ^~~~~~~~~~~~~~~~~~~~~
In file included from /home/mukesh_lof/projects/lof-titan/firmware/micropython/ports/esp32/mpconfigport.h:5:
/home/mukesh_lof/projects/lof-titan/firmware/micropython/ports/esp32/boards/LOF_TITAN/mpconfigboard.h:13:9: note: this is the location of the previous definition
   13 | #define MICROPY_PY_OS_DUPTERM               (2)
      |         ^~~~~~~~~~~~~~~~~~~~~
In file included from /home/mukesh_lof/projects/lof-titan/firmware/micropython/py/mpconfig.h:100,
                 from /home/mukesh_lof/projects/lof-titan/firmware/micropython/py/mpstate.h:31,
                 from /home/mukesh_lof/projects/lof-titan/firmware/micropython/py/runtime.h:29,
                 from /home/mukesh_lof/projects/lof-titan/firmware/micropython/extmod/modbinascii.c:31:
/home/mukesh_lof/projects/lof-titan/firmware/micropython/ports/esp32/mpconfigport.h:115:9: warning: "MICROPY_PY_OS_DUPTERM" redefined
  115 | #define MICROPY_PY_OS_DUPTERM               (1)
      |         ^~~~~~~~~~~~~~~~~~~~~
In file included from /home/mukesh_lof/projects/lof-titan/firmware/micropython/ports/esp32/mpconfigport.h:5:
/home/mukesh_lof/projects/lof-titan/firmware/micropython/ports/esp32/boards/LOF_TITAN/mpconfigboard.h:13:9: note: this is the location of the previous definition
   13 | #define MICROPY_PY_OS_DUPTERM               (2)
      |         ^~~~~~~~~~~~~~~~~~~~~
In file included from /home/mukesh_lof/projects/lof-titan/firmware/micropython/py/mpconfig.h:100,
                 from /home/mukesh_lof/projects/lof-titan/firmware/micropython/py/emitnx86.c:3:
/home/mukesh_lof/projects/lof-titan/firmware/micropython/ports/esp32/mpconfigport.h:115:9: warning: "MICROPY_PY_OS_DUPTERM" redefined
  115 | #define MICROPY_PY_OS_DUPTERM               (1)
      |         ^~~~~~~~~~~~~~~~~~~~~
In file included from /home/mukesh_lof/projects/lof-titan/firmware/micropython/ports/esp32/mpconfigport.h:5:
/home/mukesh_lof/projects/lof-titan/firmware/micropython/ports/esp32/boards/LOF_TITAN/mpconfigboard.h:13:9: note: this is the location of the previous definition
   13 | #define MICROPY_PY_OS_DUPTERM               (2)
      |         ^~~~~~~~~~~~~~~~~~~~~
In file included from /home/mukesh_lof/projects/lof-titan/firmware/micropython/py/mpconfig.h:100,
                 from /home/mukesh_lof/projects/lof-titan/firmware/micropython/py/mpstate.h:31,
                 from /home/mukesh_lof/projects/lof-titan/firmware/micropython/py/runtime.h:29,
                 from /home/mukesh_lof/projects/lof-titan/firmware/micropython/py/pystack.c:29:
/home/mukesh_lof/projects/lof-titan/firmware/micropython/ports/esp32/mpconfigport.h:115:9: warning: "MICROPY_PY_OS_DUPTERM" redefined
  115 | #define MICROPY_PY_OS_DUPTERM               (1)
      |         ^~~~~~~~~~~~~~~~~~~~~
In file included from /home/mukesh_lof/projects/lof-titan/firmware/micropython/ports/esp32/mpconfigport.h:5:
/home/mukesh_lof/projects/lof-titan/firmware/micropython/ports/esp32/boards/LOF_TITAN/mpconfigboard.h:13:9: note: this is the location of the previous definition
   13 | #define MICROPY_PY_OS_DUPTERM               (2)
      |         ^~~~~~~~~~~~~~~~~~~~~
In file included from /home/mukesh_lof/projects/lof-titan/firmware/micropython/py/mpconfig.h:100,
                 from /home/mukesh_lof/projects/lof-titan/firmware/micropython/py/mpstate.h:31,
                 from /home/mukesh_lof/projects/lof-titan/firmware/micropython/py/runtime.h:29,
                 from /home/mukesh_lof/projects/lof-titan/firmware/micropython/py/objproperty.c:30:
/home/mukesh_lof/projects/lof-titan/firmware/micropython/ports/esp32/mpconfigport.h:115:9: warning: "MICROPY_PY_OS_DUPTERM" redefined
  115 | #define MICROPY_PY_OS_DUPTERM               (1)
      |         ^~~~~~~~~~~~~~~~~~~~~
In file included from /home/mukesh_lof/projects/lof-titan/firmware/micropython/ports/esp32/mpconfigport.h:5:
/home/mukesh_lof/projects/lof-titan/firmware/micropython/ports/esp32/boards/LOF_TITAN/mpconfigboard.h:13:9: note: this is the location of the previous definition
   13 | #define MICROPY_PY_OS_DUPTERM               (2)
      |         ^~~~~~~~~~~~~~~~~~~~~
In file included from /home/mukesh_lof/projects/lof-titan/firmware/micropython/py/mpconfig.h:100,
                 from /home/mukesh_lof/projects/lof-titan/firmware/micropython/py/nlr.h:36,
                 from /home/mukesh_lof/projects/lof-titan/firmware/micropython/ports/esp32/machine_rtc.c:35:
/home/mukesh_lof/projects/lof-titan/firmware/micropython/ports/esp32/mpconfigport.h:115:9: warning: "MICROPY_PY_OS_DUPTERM" redefined
  115 | #define MICROPY_PY_OS_DUPTERM               (1)
      |         ^~~~~~~~~~~~~~~~~~~~~
In file included from /home/mukesh_lof/projects/lof-titan/firmware/micropython/ports/esp32/mpconfigport.h:5:
/home/mukesh_lof/projects/lof-titan/firmware/micropython/ports/esp32/boards/LOF_TITAN/mpconfigboard.h:13:9: note: this is the location of the previous definition
   13 | #define MICROPY_PY_OS_DUPTERM               (2)
      |         ^~~~~~~~~~~~~~~~~~~~~
In file included from /home/mukesh_lof/projects/lof-titan/firmware/micropython/py/mpconfig.h:100,
                 from /home/mukesh_lof/projects/lof-titan/firmware/micropython/py/obj.h:31,
                 from /home/mukesh_lof/projects/lof-titan/firmware/micropython/py/objcell.c:27:
/home/mukesh_lof/projects/lof-titan/firmware/micropython/ports/esp32/mpconfigport.h:115:9: warning: "MICROPY_PY_OS_DUPTERM" redefined
  115 | #define MICROPY_PY_OS_DUPTERM               (1)
      |         ^~~~~~~~~~~~~~~~~~~~~
In file included from /home/mukesh_lof/projects/lof-titan/firmware/micropython/ports/esp32/mpconfigport.h:5:
/home/mukesh_lof/projects/lof-titan/firmware/micropython/ports/esp32/boards/LOF_TITAN/mpconfigboard.h:13:9: note: this is the location of the previous definition
   13 | #define MICROPY_PY_OS_DUPTERM               (2)
      |         ^~~~~~~~~~~~~~~~~~~~~
In file included from /home/mukesh_lof/projects/lof-titan/firmware/micropython/py/mpconfig.h:100,
                 from /home/mukesh_lof/projects/lof-titan/firmware/micropython/py/mpstate.h:31,
                 from /home/mukesh_lof/projects/lof-titan/firmware/micropython/py/runtime.h:29,
                 from /home/mukesh_lof/projects/lof-titan/firmware/micropython/extmod/machine_adc_block.c:28:
/home/mukesh_lof/projects/lof-titan/firmware/micropython/ports/esp32/mpconfigport.h:115:9: warning: "MICROPY_PY_OS_DUPTERM" redefined
  115 | #define MICROPY_PY_OS_DUPTERM               (1)
      |         ^~~~~~~~~~~~~~~~~~~~~
In file included from /home/mukesh_lof/projects/lof-titan/firmware/micropython/ports/esp32/mpconfigport.h:5:
/home/mukesh_lof/projects/lof-titan/firmware/micropython/ports/esp32/boards/LOF_TITAN/mpconfigboard.h:13:9: note: this is the location of the previous definition
   13 | #define MICROPY_PY_OS_DUPTERM               (2)
      |         ^~~~~~~~~~~~~~~~~~~~~
In file included from /home/mukesh_lof/projects/lof-titan/firmware/micropython/py/mpconfig.h:100,
                 from /home/mukesh_lof/projects/lof-titan/firmware/micropython/py/asmthumb.c:31:
/home/mukesh_lof/projects/lof-titan/firmware/micropython/ports/esp32/mpconfigport.h:115:9: warning: "MICROPY_PY_OS_DUPTERM" redefined
  115 | #define MICROPY_PY_OS_DUPTERM               (1)
      |         ^~~~~~~~~~~~~~~~~~~~~
In file included from /home/mukesh_lof/projects/lof-titan/firmware/micropython/ports/esp32/mpconfigport.h:5:
/home/mukesh_lof/projects/lof-titan/firmware/micropython/ports/esp32/boards/LOF_TITAN/mpconfigboard.h:13:9: note: this is the location of the previous definition
   13 | #define MICROPY_PY_OS_DUPTERM               (2)
      |         ^~~~~~~~~~~~~~~~~~~~~
In file included from /home/mukesh_lof/projects/lof-titan/firmware/micropython/py/mpconfig.h:100,
                 from /home/mukesh_lof/projects/lof-titan/firmware/micropython/py/mpstate.h:31,
                 from /home/mukesh_lof/projects/lof-titan/firmware/micropython/py/runtime.h:29,
                 from /home/mukesh_lof/projects/lof-titan/firmware/micropython/extmod/network_ppp_lwip.c:31:
/home/mukesh_lof/projects/lof-titan/firmware/micropython/ports/esp32/mpconfigport.h:115:9: warning: "MICROPY_PY_OS_DUPTERM" redefined
  115 | #define MICROPY_PY_OS_DUPTERM               (1)
      |         ^~~~~~~~~~~~~~~~~~~~~
In file included from /home/mukesh_lof/projects/lof-titan/firmware/micropython/ports/esp32/mpconfigport.h:5:
/home/mukesh_lof/projects/lof-titan/firmware/micropython/ports/esp32/boards/LOF_TITAN/mpconfigboard.h:13:9: note: this is the location of the previous definition
   13 | #define MICROPY_PY_OS_DUPTERM               (2)
      |         ^~~~~~~~~~~~~~~~~~~~~
In file included from /home/mukesh_lof/projects/lof-titan/firmware/micropython/py/mpconfig.h:100,
                 from /home/mukesh_lof/projects/lof-titan/firmware/micropython/py/mpstate.h:31,
                 from /home/mukesh_lof/projects/lof-titan/firmware/micropython/py/runtime.h:29,
                 from /home/mukesh_lof/projects/lof-titan/firmware/micropython/ports/esp32/machine_pin.c:36:
/home/mukesh_lof/projects/lof-titan/firmware/micropython/ports/esp32/mpconfigport.h:115:9: warning: "MICROPY_PY_OS_DUPTERM" redefined
  115 | #define MICROPY_PY_OS_DUPTERM               (1)
      |         ^~~~~~~~~~~~~~~~~~~~~
In file included from /home/mukesh_lof/projects/lof-titan/firmware/micropython/ports/esp32/mpconfigport.h:5:
/home/mukesh_lof/projects/lof-titan/firmware/micropython/ports/esp32/boards/LOF_TITAN/mpconfigboard.h:13:9: note: this is the location of the previous definition
   13 | #define MICROPY_PY_OS_DUPTERM               (2)
      |         ^~~~~~~~~~~~~~~~~~~~~
In file included from /home/mukesh_lof/projects/lof-titan/firmware/micropython/py/mpconfig.h:100,
                 from /home/mukesh_lof/projects/lof-titan/firmware/micropython/py/obj.h:31,
                 from /home/mukesh_lof/projects/lof-titan/firmware/micropython/shared/runtime/sys_stdio_mphal.c:30:
/home/mukesh_lof/projects/lof-titan/firmware/micropython/ports/esp32/mpconfigport.h:115:9: warning: "MICROPY_PY_OS_DUPTERM" redefined
  115 | #define MICROPY_PY_OS_DUPTERM               (1)
      |         ^~~~~~~~~~~~~~~~~~~~~
In file included from /home/mukesh_lof/projects/lof-titan/firmware/micropython/ports/esp32/mpconfigport.h:5:
/home/mukesh_lof/projects/lof-titan/firmware/micropython/ports/esp32/boards/LOF_TITAN/mpconfigboard.h:13:9: note: this is the location of the previous definition
   13 | #define MICROPY_PY_OS_DUPTERM               (2)
      |         ^~~~~~~~~~~~~~~~~~~~~
In file included from /home/mukesh_lof/projects/lof-titan/firmware/micropython/py/mpconfig.h:100,
                 from /home/mukesh_lof/projects/lof-titan/firmware/micropython/py/emitnxtensa.c:3:
/home/mukesh_lof/projects/lof-titan/firmware/micropython/ports/esp32/mpconfigport.h:115:9: warning: "MICROPY_PY_OS_DUPTERM" redefined
  115 | #define MICROPY_PY_OS_DUPTERM               (1)
      |         ^~~~~~~~~~~~~~~~~~~~~
In file included from /home/mukesh_lof/projects/lof-titan/firmware/micropython/py/mpconfig.h:100,
                 from /home/mukesh_lof/projects/lof-titan/firmware/micropython/extmod/modcryptolib.c:28:
/home/mukesh_lof/projects/lof-titan/firmware/micropython/ports/esp32/mpconfigport.h:115:9: warning: "MICROPY_PY_OS_DUPTERM" redefined
  115 | #define MICROPY_PY_OS_DUPTERM               (1)
      |         ^~~~~~~~~~~~~~~~~~~~~
In file included from /home/mukesh_lof/projects/lof-titan/firmware/micropython/ports/esp32/mpconfigport.h:5:
/home/mukesh_lof/projects/lof-titan/firmware/micropython/ports/esp32/boards/LOF_TITAN/mpconfigboard.h:13:9: note: this is the location of the previous definition
   13 | #define MICROPY_PY_OS_DUPTERM               (2)
      |         ^~~~~~~~~~~~~~~~~~~~~
In file included from /home/mukesh_lof/projects/lof-titan/firmware/micropython/ports/esp32/mpconfigport.h:5:
/home/mukesh_lof/projects/lof-titan/firmware/micropython/ports/esp32/boards/LOF_TITAN/mpconfigboard.h:13:9: note: this is the location of the previous definition
   13 | #define MICROPY_PY_OS_DUPTERM               (2)
      |         ^~~~~~~~~~~~~~~~~~~~~
In file included from /home/mukesh_lof/projects/lof-titan/firmware/micropython/py/mpconfig.h:100,
                 from /home/mukesh_lof/projects/lof-titan/firmware/micropython/py/mpstate.h:31,
                 from /home/mukesh_lof/projects/lof-titan/firmware/micropython/py/qstr.c:31:
/home/mukesh_lof/projects/lof-titan/firmware/micropython/ports/esp32/mpconfigport.h:115:9: warning: "MICROPY_PY_OS_DUPTERM" redefined
  115 | #define MICROPY_PY_OS_DUPTERM               (1)
      |         ^~~~~~~~~~~~~~~~~~~~~
In file included from /home/mukesh_lof/projects/lof-titan/firmware/micropython/ports/esp32/mpconfigport.h:5:
/home/mukesh_lof/projects/lof-titan/firmware/micropython/ports/esp32/boards/LOF_TITAN/mpconfigboard.h:13:9: note: this is the location of the previous definition
   13 | #define MICROPY_PY_OS_DUPTERM               (2)
      |         ^~~~~~~~~~~~~~~~~~~~~
In file included from /home/mukesh_lof/projects/lof-titan/firmware/micropython/py/mpconfig.h:100,
                 from /home/mukesh_lof/projects/lof-titan/firmware/micropython/py/mpprint.h:29,
                 from /home/mukesh_lof/projects/lof-titan/firmware/micropython/py/gc.h:31,
                 from /home/mukesh_lof/projects/lof-titan/firmware/micropython/py/modweakref.c:27:
/home/mukesh_lof/projects/lof-titan/firmware/micropython/ports/esp32/mpconfigport.h:115:9: warning: "MICROPY_PY_OS_DUPTERM" redefined
  115 | #define MICROPY_PY_OS_DUPTERM               (1)
      |         ^~~~~~~~~~~~~~~~~~~~~
In file included from /home/mukesh_lof/projects/lof-titan/firmware/micropython/ports/esp32/mpconfigport.h:5:
/home/mukesh_lof/projects/lof-titan/firmware/micropython/ports/esp32/boards/LOF_TITAN/mpconfigboard.h:13:9: note: this is the location of the previous definition
   13 | #define MICROPY_PY_OS_DUPTERM               (2)
      |         ^~~~~~~~~~~~~~~~~~~~~
In file included from /home/mukesh_lof/projects/lof-titan/firmware/micropython/py/mpconfig.h:100,
                 from /home/mukesh_lof/projects/lof-titan/firmware/micropython/py/mpstate.h:31,
                 from /home/mukesh_lof/projects/lof-titan/firmware/micropython/py/runtime.h:29,
                 from /home/mukesh_lof/projects/lof-titan/firmware/micropython/py/objrange.c:29:
/home/mukesh_lof/projects/lof-titan/firmware/micropython/ports/esp32/mpconfigport.h:115:9: warning: "MICROPY_PY_OS_DUPTERM" redefined
  115 | #define MICROPY_PY_OS_DUPTERM               (1)
      |         ^~~~~~~~~~~~~~~~~~~~~
In file included from /home/mukesh_lof/projects/lof-titan/firmware/micropython/ports/esp32/mpconfigport.h:5:
/home/mukesh_lof/projects/lof-titan/firmware/micropython/ports/esp32/boards/LOF_TITAN/mpconfigboard.h:13:9: note: this is the location of the previous definition
   13 | #define MICROPY_PY_OS_DUPTERM               (2)
      |         ^~~~~~~~~~~~~~~~~~~~~
In file included from /home/mukesh_lof/projects/lof-titan/firmware/micropython/py/mpconfig.h:100,
                 from /home/mukesh_lof/projects/lof-titan/firmware/micropython/py/mpstate.h:31,
                 from /home/mukesh_lof/projects/lof-titan/firmware/micropython/py/runtime.h:29,
                 from /home/mukesh_lof/projects/lof-titan/firmware/micropython/ports/esp32/machine_sdcard.c:29:
/home/mukesh_lof/projects/lof-titan/firmware/micropython/ports/esp32/mpconfigport.h:115:9: warning: "MICROPY_PY_OS_DUPTERM" redefined
  115 | #define MICROPY_PY_OS_DUPTERM               (1)
      |         ^~~~~~~~~~~~~~~~~~~~~
In file included from /home/mukesh_lof/projects/lof-titan/firmware/micropython/ports/esp32/mpconfigport.h:5:
/home/mukesh_lof/projects/lof-titan/firmware/micropython/ports/esp32/boards/LOF_TITAN/mpconfigboard.h:13:9: note: this is the location of the previous definition
   13 | #define MICROPY_PY_OS_DUPTERM               (2)
      |         ^~~~~~~~~~~~~~~~~~~~~
In file included from /home/mukesh_lof/projects/lof-titan/firmware/micropython/py/mpconfig.h:100,
                 from /home/mukesh_lof/projects/lof-titan/firmware/micropython/py/obj.h:31,
                 from /home/mukesh_lof/projects/lof-titan/firmware/micropython/py/objclosure.c:29:
/home/mukesh_lof/projects/lof-titan/firmware/micropython/ports/esp32/mpconfigport.h:115:9: warning: "MICROPY_PY_OS_DUPTERM" redefined
  115 | #define MICROPY_PY_OS_DUPTERM               (1)
      |         ^~~~~~~~~~~~~~~~~~~~~
In file included from /home/mukesh_lof/projects/lof-titan/firmware/micropython/ports/esp32/mpconfigport.h:5:
/home/mukesh_lof/projects/lof-titan/firmware/micropython/ports/esp32/boards/LOF_TITAN/mpconfigboard.h:13:9: note: this is the location of the previous definition
   13 | #define MICROPY_PY_OS_DUPTERM               (2)
      |         ^~~~~~~~~~~~~~~~~~~~~
In file included from /home/mukesh_lof/projects/lof-titan/firmware/micropython/py/mpconfig.h:100,
                 from /home/mukesh_lof/projects/lof-titan/firmware/micropython/py/asmx64.c:32:
/home/mukesh_lof/projects/lof-titan/firmware/micropython/ports/esp32/mpconfigport.h:115:9: warning: "MICROPY_PY_OS_DUPTERM" redefined
  115 | #define MICROPY_PY_OS_DUPTERM               (1)
      |         ^~~~~~~~~~~~~~~~~~~~~
In file included from /home/mukesh_lof/projects/lof-titan/firmware/micropython/ports/esp32/mpconfigport.h:5:
/home/mukesh_lof/projects/lof-titan/firmware/micropython/ports/esp32/boards/LOF_TITAN/mpconfigboard.h:13:9: note: this is the location of the previous definition
   13 | #define MICROPY_PY_OS_DUPTERM               (2)
      |         ^~~~~~~~~~~~~~~~~~~~~
In file included from /home/mukesh_lof/projects/lof-titan/firmware/micropython/py/mpconfig.h:100,
                 from /home/mukesh_lof/projects/lof-titan/firmware/micropython/py/mpstate.h:31,
                 from /home/mukesh_lof/projects/lof-titan/firmware/micropython/py/runtime.h:29,
                 from /home/mukesh_lof/projects/lof-titan/firmware/micropython/extmod/machine_bitstream.c:28:
/home/mukesh_lof/projects/lof-titan/firmware/micropython/ports/esp32/mpconfigport.h:115:9: warning: "MICROPY_PY_OS_DUPTERM" redefined
  115 | #define MICROPY_PY_OS_DUPTERM               (1)
      |         ^~~~~~~~~~~~~~~~~~~~~
In file included from /home/mukesh_lof/projects/lof-titan/firmware/micropython/ports/esp32/mpconfigport.h:5:
/home/mukesh_lof/projects/lof-titan/firmware/micropython/ports/esp32/boards/LOF_TITAN/mpconfigboard.h:13:9: note: this is the location of the previous definition
   13 | #define MICROPY_PY_OS_DUPTERM               (2)
      |         ^~~~~~~~~~~~~~~~~~~~~
In file included from /home/mukesh_lof/projects/lof-titan/firmware/micropython/py/mpconfig.h:100,
                 from /home/mukesh_lof/projects/lof-titan/firmware/micropython/py/emitnxtensawin.c:3:
/home/mukesh_lof/projects/lof-titan/firmware/micropython/ports/esp32/mpconfigport.h:115:9: warning: "MICROPY_PY_OS_DUPTERM" redefined
  115 | #define MICROPY_PY_OS_DUPTERM               (1)
      |         ^~~~~~~~~~~~~~~~~~~~~
In file included from /home/mukesh_lof/projects/lof-titan/firmware/micropython/ports/esp32/mpconfigport.h:5:
/home/mukesh_lof/projects/lof-titan/firmware/micropython/ports/esp32/boards/LOF_TITAN/mpconfigboard.h:13:9: note: this is the location of the previous definition
   13 | #define MICROPY_PY_OS_DUPTERM               (2)
      |         ^~~~~~~~~~~~~~~~~~~~~
In file included from /home/mukesh_lof/projects/lof-titan/firmware/micropython/py/mpconfig.h:100,
                 from /home/mukesh_lof/projects/lof-titan/firmware/micropython/py/mpstate.h:31,
                 from /home/mukesh_lof/projects/lof-titan/firmware/micropython/py/runtime.h:29,
                 from /home/mukesh_lof/projects/lof-titan/firmware/micropython/py/reader.c:30:
/home/mukesh_lof/projects/lof-titan/firmware/micropython/ports/esp32/mpconfigport.h:115:9: warning: "MICROPY_PY_OS_DUPTERM" redefined
  115 | #define MICROPY_PY_OS_DUPTERM               (1)
      |         ^~~~~~~~~~~~~~~~~~~~~
In file included from /home/mukesh_lof/projects/lof-titan/firmware/micropython/ports/esp32/mpconfigport.h:5:
/home/mukesh_lof/projects/lof-titan/firmware/micropython/ports/esp32/boards/LOF_TITAN/mpconfigboard.h:13:9: note: this is the location of the previous definition
   13 | #define MICROPY_PY_OS_DUPTERM               (2)
      |         ^~~~~~~~~~~~~~~~~~~~~
In file included from /home/mukesh_lof/projects/lof-titan/firmware/micropython/py/mpconfig.h:100,
                 from /home/mukesh_lof/projects/lof-titan/firmware/micropython/py/mphal.h:31,
                 from /home/mukesh_lof/projects/lof-titan/firmware/micropython/py/mpprint.c:33:
/home/mukesh_lof/projects/lof-titan/firmware/micropython/ports/esp32/mpconfigport.h:115:9: warning: "MICROPY_PY_OS_DUPTERM" redefined
  115 | #define MICROPY_PY_OS_DUPTERM               (1)
      |         ^~~~~~~~~~~~~~~~~~~~~
In file included from /home/mukesh_lof/projects/lof-titan/firmware/micropython/ports/esp32/mpconfigport.h:5:
/home/mukesh_lof/projects/lof-titan/firmware/micropython/ports/esp32/boards/LOF_TITAN/mpconfigboard.h:13:9: note: this is the location of the previous definition
   13 | #define MICROPY_PY_OS_DUPTERM               (2)
      |         ^~~~~~~~~~~~~~~~~~~~~
In file included from /home/mukesh_lof/projects/lof-titan/firmware/micropython/py/mpconfig.h:100,
                 from /home/mukesh_lof/projects/lof-titan/firmware/micropython/py/smallint.h:29,
                 from /home/mukesh_lof/projects/lof-titan/firmware/micropython/extmod/moductypes.c:31:
/home/mukesh_lof/projects/lof-titan/firmware/micropython/ports/esp32/mpconfigport.h:115:9: warning: "MICROPY_PY_OS_DUPTERM" redefined
  115 | #define MICROPY_PY_OS_DUPTERM               (1)
      |         ^~~~~~~~~~~~~~~~~~~~~
In file included from /home/mukesh_lof/projects/lof-titan/firmware/micropython/ports/esp32/mpconfigport.h:5:
/home/mukesh_lof/projects/lof-titan/firmware/micropython/ports/esp32/boards/LOF_TITAN/mpconfigboard.h:13:9: note: this is the location of the previous definition
   13 | #define MICROPY_PY_OS_DUPTERM               (2)
      |         ^~~~~~~~~~~~~~~~~~~~~
In file included from /home/mukesh_lof/projects/lof-titan/firmware/micropython/py/mpconfig.h:100,
                 from /home/mukesh_lof/projects/lof-titan/firmware/micropython/py/mpstate.h:31,
                 from /home/mukesh_lof/projects/lof-titan/firmware/micropython/py/runtime.h:29,
                 from /home/mukesh_lof/projects/lof-titan/firmware/micropython/py/objreversed.c:30:
/home/mukesh_lof/projects/lof-titan/firmware/micropython/ports/esp32/mpconfigport.h:115:9: warning: "MICROPY_PY_OS_DUPTERM" redefined
  115 | #define MICROPY_PY_OS_DUPTERM               (1)
      |         ^~~~~~~~~~~~~~~~~~~~~
In file included from /home/mukesh_lof/projects/lof-titan/firmware/micropython/ports/esp32/mpconfigport.h:5:
/home/mukesh_lof/projects/lof-titan/firmware/micropython/ports/esp32/boards/LOF_TITAN/mpconfigboard.h:13:9: note: this is the location of the previous definition
   13 | #define MICROPY_PY_OS_DUPTERM               (2)
      |         ^~~~~~~~~~~~~~~~~~~~~
In file included from /home/mukesh_lof/projects/lof-titan/firmware/micropython/py/mpconfig.h:100,
                 from /home/mukesh_lof/projects/lof-titan/firmware/micropython/py/lexer.h:31,
                 from /home/mukesh_lof/projects/lof-titan/firmware/micropython/py/compile.h:29,
                 from /home/mukesh_lof/projects/lof-titan/firmware/micropython/shared/runtime/pyexec.c:32:
/home/mukesh_lof/projects/lof-titan/firmware/micropython/ports/esp32/mpconfigport.h:115:9: warning: "MICROPY_PY_OS_DUPTERM" redefined
  115 | #define MICROPY_PY_OS_DUPTERM               (1)
      |         ^~~~~~~~~~~~~~~~~~~~~
In file included from /home/mukesh_lof/projects/lof-titan/firmware/micropython/ports/esp32/mpconfigport.h:5:
/home/mukesh_lof/projects/lof-titan/firmware/micropython/ports/esp32/boards/LOF_TITAN/mpconfigboard.h:13:9: note: this is the location of the previous definition
   13 | #define MICROPY_PY_OS_DUPTERM               (2)
      |         ^~~~~~~~~~~~~~~~~~~~~
In file included from /home/mukesh_lof/projects/lof-titan/firmware/micropython/py/mpconfig.h:100,
                 from /home/mukesh_lof/projects/lof-titan/firmware/micropython/py/mpstate.h:31,
                 from /home/mukesh_lof/projects/lof-titan/firmware/micropython/py/runtime.h:29,
                 from /home/mukesh_lof/projects/lof-titan/firmware/micropython/ports/esp32/machine_touchpad.c:27:
/home/mukesh_lof/projects/lof-titan/firmware/micropython/ports/esp32/mpconfigport.h:115:9: warning: "MICROPY_PY_OS_DUPTERM" redefined
  115 | #define MICROPY_PY_OS_DUPTERM               (1)
      |         ^~~~~~~~~~~~~~~~~~~~~
In file included from /home/mukesh_lof/projects/lof-titan/firmware/micropython/ports/esp32/mpconfigport.h:5:
/home/mukesh_lof/projects/lof-titan/firmware/micropython/ports/esp32/boards/LOF_TITAN/mpconfigboard.h:13:9: note: this is the location of the previous definition
   13 | #define MICROPY_PY_OS_DUPTERM               (2)
      |         ^~~~~~~~~~~~~~~~~~~~~
In file included from /home/mukesh_lof/projects/lof-titan/firmware/micropython/py/mpconfig.h:100,
                 from /home/mukesh_lof/projects/lof-titan/firmware/micropython/py/mpstate.h:31,
                 from /home/mukesh_lof/projects/lof-titan/firmware/micropython/py/runtime.h:29,
                 from /home/mukesh_lof/projects/lof-titan/firmware/micropython/extmod/network_wiznet5k.c:32:
/home/mukesh_lof/projects/lof-titan/firmware/micropython/ports/esp32/mpconfigport.h:115:9: warning: "MICROPY_PY_OS_DUPTERM" redefined
  115 | #define MICROPY_PY_OS_DUPTERM               (1)
      |         ^~~~~~~~~~~~~~~~~~~~~
In file included from /home/mukesh_lof/projects/lof-titan/firmware/micropython/ports/esp32/mpconfigport.h:5:
/home/mukesh_lof/projects/lof-titan/firmware/micropython/ports/esp32/boards/LOF_TITAN/mpconfigboard.h:13:9: note: this is the location of the previous definition
   13 | #define MICROPY_PY_OS_DUPTERM               (2)
      |         ^~~~~~~~~~~~~~~~~~~~~
In file included from /home/mukesh_lof/projects/lof-titan/firmware/micropython/py/mpconfig.h:100,
                 from /home/mukesh_lof/projects/lof-titan/firmware/micropython/py/parsenum.h:29,
                 from /home/mukesh_lof/projects/lof-titan/firmware/micropython/py/objcomplex.c:31:
/home/mukesh_lof/projects/lof-titan/firmware/micropython/ports/esp32/mpconfigport.h:115:9: warning: "MICROPY_PY_OS_DUPTERM" redefined
  115 | #define MICROPY_PY_OS_DUPTERM               (1)
      |         ^~~~~~~~~~~~~~~~~~~~~
In file included from /home/mukesh_lof/projects/lof-titan/firmware/micropython/ports/esp32/mpconfigport.h:5:
/home/mukesh_lof/projects/lof-titan/firmware/micropython/ports/esp32/boards/LOF_TITAN/mpconfigboard.h:13:9: note: this is the location of the previous definition
   13 | #define MICROPY_PY_OS_DUPTERM               (2)
      |         ^~~~~~~~~~~~~~~~~~~~~
In file included from /home/mukesh_lof/projects/lof-titan/firmware/micropython/py/mpconfig.h:100,
                 from /home/mukesh_lof/projects/lof-titan/firmware/micropython/py/mpstate.h:31,
                 from /home/mukesh_lof/projects/lof-titan/firmware/micropython/py/runtime.h:29,
                 from /home/mukesh_lof/projects/lof-titan/firmware/micropython/ports/esp32/modespnow.c:39:
/home/mukesh_lof/projects/lof-titan/firmware/micropython/ports/esp32/mpconfigport.h:115:9: warning: "MICROPY_PY_OS_DUPTERM" redefined
  115 | #define MICROPY_PY_OS_DUPTERM               (1)
      |         ^~~~~~~~~~~~~~~~~~~~~
In file included from /home/mukesh_lof/projects/lof-titan/firmware/micropython/ports/esp32/mpconfigport.h:5:
/home/mukesh_lof/projects/lof-titan/firmware/micropython/ports/esp32/boards/LOF_TITAN/mpconfigboard.h:13:9: note: this is the location of the previous definition
   13 | #define MICROPY_PY_OS_DUPTERM               (2)
      |         ^~~~~~~~~~~~~~~~~~~~~
In file included from /home/mukesh_lof/projects/lof-titan/firmware/micropython/py/mpconfig.h:100,
                 from /home/mukesh_lof/projects/lof-titan/firmware/micropython/py/formatfloat.c:27:
/home/mukesh_lof/projects/lof-titan/firmware/micropython/ports/esp32/mpconfigport.h:115:9: warning: "MICROPY_PY_OS_DUPTERM" redefined
  115 | #define MICROPY_PY_OS_DUPTERM               (1)
      |         ^~~~~~~~~~~~~~~~~~~~~
In file included from /home/mukesh_lof/projects/lof-titan/firmware/micropython/ports/esp32/mpconfigport.h:5:
/home/mukesh_lof/projects/lof-titan/firmware/micropython/ports/esp32/boards/LOF_TITAN/mpconfigboard.h:13:9: note: this is the location of the previous definition
   13 | #define MICROPY_PY_OS_DUPTERM               (2)
      |         ^~~~~~~~~~~~~~~~~~~~~
In file included from /home/mukesh_lof/projects/lof-titan/firmware/micropython/py/mpconfig.h:100,
                 from /home/mukesh_lof/projects/lof-titan/firmware/micropython/py/obj.h:31,
                 from /home/mukesh_lof/projects/lof-titan/firmware/micropython/py/objstr.h:29,
                 from /home/mukesh_lof/projects/lof-titan/firmware/micropython/extmod/machine_can.c:26:
/home/mukesh_lof/projects/lof-titan/firmware/micropython/ports/esp32/mpconfigport.h:115:9: warning: "MICROPY_PY_OS_DUPTERM" redefined
  115 | #define MICROPY_PY_OS_DUPTERM               (1)
      |         ^~~~~~~~~~~~~~~~~~~~~
In file included from /home/mukesh_lof/projects/lof-titan/firmware/micropython/ports/esp32/mpconfigport.h:5:
/home/mukesh_lof/projects/lof-titan/firmware/micropython/ports/esp32/boards/LOF_TITAN/mpconfigboard.h:13:9: note: this is the location of the previous definition
   13 | #define MICROPY_PY_OS_DUPTERM               (2)
      |         ^~~~~~~~~~~~~~~~~~~~~
In file included from /home/mukesh_lof/projects/lof-titan/firmware/micropython/py/mpconfig.h:100,
                 from /home/mukesh_lof/projects/lof-titan/firmware/micropython/py/asmx86.c:32:
/home/mukesh_lof/projects/lof-titan/firmware/micropython/ports/esp32/mpconfigport.h:115:9: warning: "MICROPY_PY_OS_DUPTERM" redefined
  115 | #define MICROPY_PY_OS_DUPTERM               (1)
      |         ^~~~~~~~~~~~~~~~~~~~~
In file included from /home/mukesh_lof/projects/lof-titan/firmware/micropython/ports/esp32/mpconfigport.h:5:
/home/mukesh_lof/projects/lof-titan/firmware/micropython/ports/esp32/boards/LOF_TITAN/mpconfigboard.h:13:9: note: this is the location of the previous definition
   13 | #define MICROPY_PY_OS_DUPTERM               (2)
      |         ^~~~~~~~~~~~~~~~~~~~~
In file included from /home/mukesh_lof/projects/lof-titan/firmware/micropython/py/mpconfig.h:100,
                 from /home/mukesh_lof/projects/lof-titan/firmware/micropython/py/mpstate.h:31,
                 from /home/mukesh_lof/projects/lof-titan/firmware/micropython/py/mpstate.c:27:
/home/mukesh_lof/projects/lof-titan/firmware/micropython/ports/esp32/mpconfigport.h:115:9: warning: "MICROPY_PY_OS_DUPTERM" redefined
  115 | #define MICROPY_PY_OS_DUPTERM               (1)
      |         ^~~~~~~~~~~~~~~~~~~~~
In file included from /home/mukesh_lof/projects/lof-titan/firmware/micropython/ports/esp32/mpconfigport.h:5:
/home/mukesh_lof/projects/lof-titan/firmware/micropython/ports/esp32/boards/LOF_TITAN/mpconfigboard.h:13:9: note: this is the location of the previous definition
   13 | #define MICROPY_PY_OS_DUPTERM               (2)
      |         ^~~~~~~~~~~~~~~~~~~~~
In file included from /home/mukesh_lof/projects/lof-titan/firmware/micropython/py/mpconfig.h:100,
                 from /home/mukesh_lof/projects/lof-titan/firmware/micropython/py/mpstate.h:31,
                 from /home/mukesh_lof/projects/lof-titan/firmware/micropython/py/runtime.h:29,
                 from /home/mukesh_lof/projects/lof-titan/firmware/micropython/extmod/moddeflate.c:34:
/home/mukesh_lof/projects/lof-titan/firmware/micropython/ports/esp32/mpconfigport.h:115:9: warning: "MICROPY_PY_OS_DUPTERM" redefined
  115 | #define MICROPY_PY_OS_DUPTERM               (1)
      |         ^~~~~~~~~~~~~~~~~~~~~
In file included from /home/mukesh_lof/projects/lof-titan/firmware/micropython/ports/esp32/mpconfigport.h:5:
/home/mukesh_lof/projects/lof-titan/firmware/micropython/ports/esp32/boards/LOF_TITAN/mpconfigboard.h:13:9: note: this is the location of the previous definition
   13 | #define MICROPY_PY_OS_DUPTERM               (2)
      |         ^~~~~~~~~~~~~~~~~~~~~
In file included from /home/mukesh_lof/projects/lof-titan/firmware/micropython/py/mpconfig.h:100,
                 from /home/mukesh_lof/projects/lof-titan/firmware/micropython/py/ringbuf.h:33,
                 from /home/mukesh_lof/projects/lof-titan/firmware/micropython/py/objringio.c:27:
/home/mukesh_lof/projects/lof-titan/firmware/micropython/ports/esp32/mpconfigport.h:115:9: warning: "MICROPY_PY_OS_DUPTERM" redefined
  115 | #define MICROPY_PY_OS_DUPTERM               (1)
      |         ^~~~~~~~~~~~~~~~~~~~~
In file included from /home/mukesh_lof/projects/lof-titan/firmware/micropython/ports/esp32/mpconfigport.h:5:
/home/mukesh_lof/projects/lof-titan/firmware/micropython/ports/esp32/boards/LOF_TITAN/mpconfigboard.h:13:9: note: this is the location of the previous definition
   13 | #define MICROPY_PY_OS_DUPTERM               (2)
      |         ^~~~~~~~~~~~~~~~~~~~~
In file included from /home/mukesh_lof/projects/lof-titan/firmware/micropython/py/mpconfig.h:100,
                 from /home/mukesh_lof/projects/lof-titan/firmware/micropython/py/obj.h:31,
                 from /home/mukesh_lof/projects/lof-titan/firmware/micropython/py/repl.c:28:
/home/mukesh_lof/projects/lof-titan/firmware/micropython/ports/esp32/mpconfigport.h:115:9: warning: "MICROPY_PY_OS_DUPTERM" redefined
  115 | #define MICROPY_PY_OS_DUPTERM               (1)
      |         ^~~~~~~~~~~~~~~~~~~~~
In file included from /home/mukesh_lof/projects/lof-titan/firmware/micropython/ports/esp32/mpconfigport.h:5:
/home/mukesh_lof/projects/lof-titan/firmware/micropython/ports/esp32/boards/LOF_TITAN/mpconfigboard.h:13:9: note: this is the location of the previous definition
   13 | #define MICROPY_PY_OS_DUPTERM               (2)
      |         ^~~~~~~~~~~~~~~~~~~~~
In file included from /home/mukesh_lof/projects/lof-titan/firmware/micropython/py/mpconfig.h:100,
                 from /home/mukesh_lof/projects/lof-titan/firmware/micropython/py/mpstate.h:31,
                 from /home/mukesh_lof/projects/lof-titan/firmware/micropython/py/runtime.h:29,
                 from /home/mukesh_lof/projects/lof-titan/firmware/micropython/py/objdeque.c:29:
/home/mukesh_lof/projects/lof-titan/firmware/micropython/ports/esp32/mpconfigport.h:115:9: warning: "MICROPY_PY_OS_DUPTERM" redefined
  115 | #define MICROPY_PY_OS_DUPTERM               (1)
      |         ^~~~~~~~~~~~~~~~~~~~~
In file included from /home/mukesh_lof/projects/lof-titan/firmware/micropython/ports/esp32/mpconfigport.h:5:
/home/mukesh_lof/projects/lof-titan/firmware/micropython/ports/esp32/boards/LOF_TITAN/mpconfigboard.h:13:9: note: this is the location of the previous definition
   13 | #define MICROPY_PY_OS_DUPTERM               (2)
      |         ^~~~~~~~~~~~~~~~~~~~~
In file included from /home/mukesh_lof/projects/lof-titan/firmware/micropython/py/mpconfig.h:100,
                 from /home/mukesh_lof/projects/lof-titan/firmware/micropython/py/mpstate.h:31,
                 from /home/mukesh_lof/projects/lof-titan/firmware/micropython/py/runtime.h:29,
                 from /home/mukesh_lof/projects/lof-titan/firmware/micropython/ports/esp32/machine_dac.c:30:
/home/mukesh_lof/projects/lof-titan/firmware/micropython/ports/esp32/mpconfigport.h:115:9: warning: "MICROPY_PY_OS_DUPTERM" redefined
  115 | #define MICROPY_PY_OS_DUPTERM               (1)
      |         ^~~~~~~~~~~~~~~~~~~~~
In file included from /home/mukesh_lof/projects/lof-titan/firmware/micropython/ports/esp32/mpconfigport.h:5:
/home/mukesh_lof/projects/lof-titan/firmware/micropython/ports/esp32/boards/LOF_TITAN/mpconfigboard.h:13:9: note: this is the location of the previous definition
   13 | #define MICROPY_PY_OS_DUPTERM               (2)
      |         ^~~~~~~~~~~~~~~~~~~~~
In file included from /home/mukesh_lof/projects/lof-titan/firmware/micropython/py/mpconfig.h:100,
                 from /home/mukesh_lof/projects/lof-titan/firmware/micropython/extmod/os_dupterm.c:29:
/home/mukesh_lof/projects/lof-titan/firmware/micropython/ports/esp32/mpconfigport.h:115:9: warning: "MICROPY_PY_OS_DUPTERM" redefined
  115 | #define MICROPY_PY_OS_DUPTERM               (1)
      |         ^~~~~~~~~~~~~~~~~~~~~
In file included from /home/mukesh_lof/projects/lof-titan/firmware/micropython/ports/esp32/mpconfigport.h:5:
/home/mukesh_lof/projects/lof-titan/firmware/micropython/ports/esp32/boards/LOF_TITAN/mpconfigboard.h:13:9: note: this is the location of the previous definition
   13 | #define MICROPY_PY_OS_DUPTERM               (2)
      |         ^~~~~~~~~~~~~~~~~~~~~
In file included from /home/mukesh_lof/projects/lof-titan/firmware/micropython/py/mpconfig.h:100,
                 from /home/mukesh_lof/projects/lof-titan/firmware/micropython/py/mpstate.h:31,
                 from /home/mukesh_lof/projects/lof-titan/firmware/micropython/py/runtime.h:29,
                 from /home/mukesh_lof/projects/lof-titan/firmware/micropython/py/asmxtensa.c:30:
/home/mukesh_lof/projects/lof-titan/firmware/micropython/ports/esp32/mpconfigport.h:115:9: warning: "MICROPY_PY_OS_DUPTERM" redefined
  115 | #define MICROPY_PY_OS_DUPTERM               (1)
      |         ^~~~~~~~~~~~~~~~~~~~~
In file included from /home/mukesh_lof/projects/lof-titan/firmware/micropython/ports/esp32/mpconfigport.h:5:
/home/mukesh_lof/projects/lof-titan/firmware/micropython/ports/esp32/boards/LOF_TITAN/mpconfigboard.h:13:9: note: this is the location of the previous definition
   13 | #define MICROPY_PY_OS_DUPTERM               (2)
      |         ^~~~~~~~~~~~~~~~~~~~~
In file included from /home/mukesh_lof/projects/lof-titan/firmware/micropython/py/mpconfig.h:100,
                 from /home/mukesh_lof/projects/lof-titan/firmware/micropython/py/obj.h:31,
                 from /home/mukesh_lof/projects/lof-titan/firmware/micropython/ports/esp32/build-LOF_TITAN/pins.c:6:
/home/mukesh_lof/projects/lof-titan/firmware/micropython/ports/esp32/mpconfigport.h:115:9: warning: "MICROPY_PY_OS_DUPTERM" redefined
  115 | #define MICROPY_PY_OS_DUPTERM               (1)
      |         ^~~~~~~~~~~~~~~~~~~~~
In file included from /home/mukesh_lof/projects/lof-titan/firmware/micropython/ports/esp32/mpconfigport.h:5:
/home/mukesh_lof/projects/lof-titan/firmware/micropython/ports/esp32/boards/LOF_TITAN/mpconfigboard.h:13:9: note: this is the location of the previous definition
   13 | #define MICROPY_PY_OS_DUPTERM               (2)
      |         ^~~~~~~~~~~~~~~~~~~~~
In file included from /home/mukesh_lof/projects/lof-titan/firmware/micropython/py/mpconfig.h:100,
                 from /home/mukesh_lof/projects/lof-titan/firmware/micropython/py/mpz.h:31,
                 from /home/mukesh_lof/projects/lof-titan/firmware/micropython/py/mpz.c:30:
/home/mukesh_lof/projects/lof-titan/firmware/micropython/ports/esp32/mpconfigport.h:115:9: warning: "MICROPY_PY_OS_DUPTERM" redefined
  115 | #define MICROPY_PY_OS_DUPTERM               (1)
      |         ^~~~~~~~~~~~~~~~~~~~~
In file included from /home/mukesh_lof/projects/lof-titan/firmware/micropython/ports/esp32/mpconfigport.h:5:
/home/mukesh_lof/projects/lof-titan/firmware/micropython/ports/esp32/boards/LOF_TITAN/mpconfigboard.h:13:9: note: this is the location of the previous definition
   13 | #define MICROPY_PY_OS_DUPTERM               (2)
      |         ^~~~~~~~~~~~~~~~~~~~~
In file included from /home/mukesh_lof/projects/lof-titan/firmware/micropython/py/mpconfig.h:100,
                 from /home/mukesh_lof/projects/lof-titan/firmware/micropython/py/lexer.h:31,
                 from /home/mukesh_lof/projects/lof-titan/firmware/micropython/py/frozenmod.c:32:
/home/mukesh_lof/projects/lof-titan/firmware/micropython/ports/esp32/mpconfigport.h:115:9: warning: "MICROPY_PY_OS_DUPTERM" redefined
  115 | #define MICROPY_PY_OS_DUPTERM               (1)
      |         ^~~~~~~~~~~~~~~~~~~~~
In file included from /home/mukesh_lof/projects/lof-titan/firmware/micropython/ports/esp32/mpconfigport.h:5:
/home/mukesh_lof/projects/lof-titan/firmware/micropython/ports/esp32/boards/LOF_TITAN/mpconfigboard.h:13:9: note: this is the location of the previous definition
   13 | #define MICROPY_PY_OS_DUPTERM               (2)
      |         ^~~~~~~~~~~~~~~~~~~~~
In file included from /home/mukesh_lof/projects/lof-titan/firmware/micropython/py/mpconfig.h:100,
                 from /home/mukesh_lof/projects/lof-titan/firmware/micropython/py/mperrno.h:29,
                 from /home/mukesh_lof/projects/lof-titan/firmware/micropython/extmod/machine_i2c.c:31:
/home/mukesh_lof/projects/lof-titan/firmware/micropython/ports/esp32/mpconfigport.h:115:9: warning: "MICROPY_PY_OS_DUPTERM" redefined
  115 | #define MICROPY_PY_OS_DUPTERM               (1)
      |         ^~~~~~~~~~~~~~~~~~~~~
In file included from /home/mukesh_lof/projects/lof-titan/firmware/micropython/ports/esp32/mpconfigport.h:5:
/home/mukesh_lof/projects/lof-titan/firmware/micropython/ports/esp32/boards/LOF_TITAN/mpconfigboard.h:13:9: note: this is the location of the previous definition
   13 | #define MICROPY_PY_OS_DUPTERM               (2)
      |         ^~~~~~~~~~~~~~~~~~~~~
In file included from /home/mukesh_lof/projects/lof-titan/firmware/micropython/py/mpconfig.h:100,
                 from /home/mukesh_lof/projects/lof-titan/firmware/micropython/py/mpstate.h:31,
                 from /home/mukesh_lof/projects/lof-titan/firmware/micropython/py/runtime.h:29,
                 from /home/mukesh_lof/projects/lof-titan/firmware/micropython/extmod/modhashlib.c:30:
/home/mukesh_lof/projects/lof-titan/firmware/micropython/ports/esp32/mpconfigport.h:115:9: warning: "MICROPY_PY_OS_DUPTERM" redefined
  115 | #define MICROPY_PY_OS_DUPTERM               (1)
      |         ^~~~~~~~~~~~~~~~~~~~~
In file included from /home/mukesh_lof/projects/lof-titan/firmware/micropython/ports/esp32/mpconfigport.h:5:
/home/mukesh_lof/projects/lof-titan/firmware/micropython/ports/esp32/boards/LOF_TITAN/mpconfigboard.h:13:9: note: this is the location of the previous definition
   13 | #define MICROPY_PY_OS_DUPTERM               (2)
      |         ^~~~~~~~~~~~~~~~~~~~~
In file included from /home/mukesh_lof/projects/lof-titan/firmware/micropython/py/mpconfig.h:100,
                 from /home/mukesh_lof/projects/lof-titan/firmware/micropython/py/mpstate.h:31,
                 from /home/mukesh_lof/projects/lof-titan/firmware/micropython/py/runtime.h:29,
                 from /home/mukesh_lof/projects/lof-titan/firmware/micropython/py/objset.c:31:
/home/mukesh_lof/projects/lof-titan/firmware/micropython/ports/esp32/mpconfigport.h:115:9: warning: "MICROPY_PY_OS_DUPTERM" redefined
  115 | #define MICROPY_PY_OS_DUPTERM               (1)
      |         ^~~~~~~~~~~~~~~~~~~~~
In file included from /home/mukesh_lof/projects/lof-titan/firmware/micropython/ports/esp32/mpconfigport.h:5:
/home/mukesh_lof/projects/lof-titan/firmware/micropython/ports/esp32/boards/LOF_TITAN/mpconfigboard.h:13:9: note: this is the location of the previous definition
   13 | #define MICROPY_PY_OS_DUPTERM               (2)
      |         ^~~~~~~~~~~~~~~~~~~~~
In file included from /home/mukesh_lof/projects/lof-titan/firmware/micropython/py/mpconfig.h:100,
                 from /home/mukesh_lof/projects/lof-titan/firmware/micropython/py/ringbuf.h:33,
                 from /home/mukesh_lof/projects/lof-titan/firmware/micropython/py/ringbuf.c:27:
/home/mukesh_lof/projects/lof-titan/firmware/micropython/ports/esp32/mpconfigport.h:115:9: warning: "MICROPY_PY_OS_DUPTERM" redefined
  115 | #define MICROPY_PY_OS_DUPTERM               (1)
      |         ^~~~~~~~~~~~~~~~~~~~~
In file included from /home/mukesh_lof/projects/lof-titan/firmware/micropython/ports/esp32/mpconfigport.h:5:
/home/mukesh_lof/projects/lof-titan/firmware/micropython/ports/esp32/boards/LOF_TITAN/mpconfigboard.h:13:9: note: this is the location of the previous definition
   13 | #define MICROPY_PY_OS_DUPTERM               (2)
      |         ^~~~~~~~~~~~~~~~~~~~~
In file included from /home/mukesh_lof/projects/lof-titan/firmware/micropython/py/mpconfig.h:100,
                 from /home/mukesh_lof/projects/lof-titan/firmware/micropython/py/mpstate.h:31,
                 from /home/mukesh_lof/projects/lof-titan/firmware/micropython/py/runtime.h:29,
                 from /home/mukesh_lof/projects/lof-titan/firmware/micropython/py/objdict.c:31:
/home/mukesh_lof/projects/lof-titan/firmware/micropython/ports/esp32/mpconfigport.h:115:9: warning: "MICROPY_PY_OS_DUPTERM" redefined
  115 | #define MICROPY_PY_OS_DUPTERM               (1)
      |         ^~~~~~~~~~~~~~~~~~~~~
In file included from /home/mukesh_lof/projects/lof-titan/firmware/micropython/ports/esp32/mpconfigport.h:5:
/home/mukesh_lof/projects/lof-titan/firmware/micropython/ports/esp32/boards/LOF_TITAN/mpconfigboard.h:13:9: note: this is the location of the previous definition
   13 | #define MICROPY_PY_OS_DUPTERM               (2)
      |         ^~~~~~~~~~~~~~~~~~~~~
In file included from /home/mukesh_lof/projects/lof-titan/firmware/micropython/py/mpconfig.h:100,
                 from /home/mukesh_lof/projects/lof-titan/firmware/micropython/py/mpstate.h:31,
                 from /home/mukesh_lof/projects/lof-titan/firmware/micropython/py/runtime.h:29,
                 from /home/mukesh_lof/projects/lof-titan/firmware/micropython/extmod/vfs.c:30:
/home/mukesh_lof/projects/lof-titan/firmware/micropython/ports/esp32/mpconfigport.h:115:9: warning: "MICROPY_PY_OS_DUPTERM" redefined
  115 | #define MICROPY_PY_OS_DUPTERM               (1)
      |         ^~~~~~~~~~~~~~~~~~~~~
In file included from /home/mukesh_lof/projects/lof-titan/firmware/micropython/ports/esp32/mpconfigport.h:5:
/home/mukesh_lof/projects/lof-titan/firmware/micropython/ports/esp32/boards/LOF_TITAN/mpconfigboard.h:13:9: note: this is the location of the previous definition
   13 | #define MICROPY_PY_OS_DUPTERM               (2)
      |         ^~~~~~~~~~~~~~~~~~~~~
In file included from /home/mukesh_lof/projects/lof-titan/firmware/micropython/py/mpconfig.h:100,
                 from /home/mukesh_lof/projects/lof-titan/firmware/micropython/py/mpstate.h:31,
                 from /home/mukesh_lof/projects/lof-titan/firmware/micropython/py/runtime.h:29,
                 from /home/mukesh_lof/projects/lof-titan/firmware/micropython/ports/esp32/machine_i2c.c:28:
/home/mukesh_lof/projects/lof-titan/firmware/micropython/ports/esp32/mpconfigport.h:115:9: warning: "MICROPY_PY_OS_DUPTERM" redefined
  115 | #define MICROPY_PY_OS_DUPTERM               (1)
      |         ^~~~~~~~~~~~~~~~~~~~~
In file included from /home/mukesh_lof/projects/lof-titan/firmware/micropython/ports/esp32/mpconfigport.h:5:
/home/mukesh_lof/projects/lof-titan/firmware/micropython/ports/esp32/boards/LOF_TITAN/mpconfigboard.h:13:9: note: this is the location of the previous definition
   13 | #define MICROPY_PY_OS_DUPTERM               (2)
      |         ^~~~~~~~~~~~~~~~~~~~~
In file included from /home/mukesh_lof/projects/lof-titan/firmware/micropython/py/mpconfig.h:100,
                 from /home/mukesh_lof/projects/lof-titan/firmware/micropython/py/mpstate.h:31,
                 from /home/mukesh_lof/projects/lof-titan/firmware/micropython/py/runtime.h:29,
                 from /home/mukesh_lof/projects/lof-titan/firmware/micropython/py/bc.h:30,
                 from /home/mukesh_lof/projects/lof-titan/firmware/micropython/py/bc.c:33:
/home/mukesh_lof/projects/lof-titan/firmware/micropython/ports/esp32/mpconfigport.h:115:9: warning: "MICROPY_PY_OS_DUPTERM" redefined
  115 | #define MICROPY_PY_OS_DUPTERM               (1)
      |         ^~~~~~~~~~~~~~~~~~~~~
In file included from /home/mukesh_lof/projects/lof-titan/firmware/micropython/ports/esp32/mpconfigport.h:5:
/home/mukesh_lof/projects/lof-titan/firmware/micropython/ports/esp32/boards/LOF_TITAN/mpconfigboard.h:13:9: note: this is the location of the previous definition
   13 | #define MICROPY_PY_OS_DUPTERM               (2)
      |         ^~~~~~~~~~~~~~~~~~~~~
In file included from /home/mukesh_lof/projects/lof-titan/firmware/micropython/py/mpconfig.h:100,
                 from /home/mukesh_lof/projects/lof-titan/firmware/micropython/py/mphal.h:31,
                 from /home/mukesh_lof/projects/lof-titan/firmware/micropython/shared/tinyusb/mp_usbd.c:27:
/home/mukesh_lof/projects/lof-titan/firmware/micropython/ports/esp32/mpconfigport.h:115:9: warning: "MICROPY_PY_OS_DUPTERM" redefined
  115 | #define MICROPY_PY_OS_DUPTERM               (1)
      |         ^~~~~~~~~~~~~~~~~~~~~
In file included from /home/mukesh_lof/projects/lof-titan/firmware/micropython/ports/esp32/mpconfigport.h:5:
/home/mukesh_lof/projects/lof-titan/firmware/micropython/ports/esp32/boards/LOF_TITAN/mpconfigboard.h:13:9: note: this is the location of the previous definition
   13 | #define MICROPY_PY_OS_DUPTERM               (2)
      |         ^~~~~~~~~~~~~~~~~~~~~
In file included from /home/mukesh_lof/projects/lof-titan/firmware/micropython/py/mpconfig.h:100,
                 from /home/mukesh_lof/projects/lof-titan/firmware/micropython/py/obj.h:31,
                 from /home/mukesh_lof/projects/lof-titan/firmware/micropython/py/binary.h:30,
                 from /home/mukesh_lof/projects/lof-titan/firmware/micropython/py/nativeglue.c:32:
/home/mukesh_lof/projects/lof-titan/firmware/micropython/ports/esp32/mpconfigport.h:115:9: warning: "MICROPY_PY_OS_DUPTERM" redefined
  115 | #define MICROPY_PY_OS_DUPTERM               (1)
      |         ^~~~~~~~~~~~~~~~~~~~~
In file included from /home/mukesh_lof/projects/lof-titan/firmware/micropython/ports/esp32/mpconfigport.h:5:
/home/mukesh_lof/projects/lof-titan/firmware/micropython/ports/esp32/boards/LOF_TITAN/mpconfigboard.h:13:9: note: this is the location of the previous definition
   13 | #define MICROPY_PY_OS_DUPTERM               (2)
      |         ^~~~~~~~~~~~~~~~~~~~~
In file included from /home/mukesh_lof/projects/lof-titan/firmware/micropython/py/mpconfig.h:100,
                 from /home/mukesh_lof/projects/lof-titan/firmware/micropython/py/mpstate.h:31,
                 from /home/mukesh_lof/projects/lof-titan/firmware/micropython/py/runtime.h:29,
                 from /home/mukesh_lof/projects/lof-titan/firmware/micropython/extmod/machine_i2c_target.c:27:
/home/mukesh_lof/projects/lof-titan/firmware/micropython/ports/esp32/mpconfigport.h:115:9: warning: "MICROPY_PY_OS_DUPTERM" redefined
  115 | #define MICROPY_PY_OS_DUPTERM               (1)
      |         ^~~~~~~~~~~~~~~~~~~~~
In file included from /home/mukesh_lof/projects/lof-titan/firmware/micropython/ports/esp32/mpconfigport.h:5:
/home/mukesh_lof/projects/lof-titan/firmware/micropython/ports/esp32/boards/LOF_TITAN/mpconfigboard.h:13:9: note: this is the location of the previous definition
   13 | #define MICROPY_PY_OS_DUPTERM               (2)
      |         ^~~~~~~~~~~~~~~~~~~~~
In file included from /home/mukesh_lof/projects/lof-titan/firmware/micropython/py/mpconfig.h:100,
                 from /home/mukesh_lof/projects/lof-titan/firmware/micropython/py/mpprint.h:29,
                 from /home/mukesh_lof/projects/lof-titan/firmware/micropython/py/gc.h:31,
                 from /home/mukesh_lof/projects/lof-titan/firmware/micropython/py/gc.c:32:
/home/mukesh_lof/projects/lof-titan/firmware/micropython/ports/esp32/mpconfigport.h:115:9: warning: "MICROPY_PY_OS_DUPTERM" redefined
  115 | #define MICROPY_PY_OS_DUPTERM               (1)
      |         ^~~~~~~~~~~~~~~~~~~~~
In file included from /home/mukesh_lof/projects/lof-titan/firmware/micropython/ports/esp32/mpconfigport.h:5:
/home/mukesh_lof/projects/lof-titan/firmware/micropython/ports/esp32/boards/LOF_TITAN/mpconfigboard.h:13:9: note: this is the location of the previous definition
   13 | #define MICROPY_PY_OS_DUPTERM               (2)
      |         ^~~~~~~~~~~~~~~~~~~~~
In file included from /home/mukesh_lof/projects/lof-titan/firmware/micropython/py/mpconfig.h:100,
                 from /home/mukesh_lof/projects/lof-titan/firmware/micropython/py/obj.h:31,
                 from /home/mukesh_lof/projects/lof-titan/firmware/micropython/py/objlist.h:29,
                 from /home/mukesh_lof/projects/lof-titan/firmware/micropython/extmod/modheapq.c:27:
/home/mukesh_lof/projects/lof-titan/firmware/micropython/ports/esp32/mpconfigport.h:115:9: warning: "MICROPY_PY_OS_DUPTERM" redefined
  115 | #define MICROPY_PY_OS_DUPTERM               (1)
      |         ^~~~~~~~~~~~~~~~~~~~~
In file included from /home/mukesh_lof/projects/lof-titan/firmware/micropython/ports/esp32/mpconfigport.h:5:
/home/mukesh_lof/projects/lof-titan/firmware/micropython/ports/esp32/boards/LOF_TITAN/mpconfigboard.h:13:9: note: this is the location of the previous definition
   13 | #define MICROPY_PY_OS_DUPTERM               (2)
      |         ^~~~~~~~~~~~~~~~~~~~~
In file included from /home/mukesh_lof/projects/lof-titan/firmware/micropython/py/mpconfig.h:100,
                 from /home/mukesh_lof/projects/lof-titan/firmware/micropython/py/obj.h:31,
                 from /home/mukesh_lof/projects/lof-titan/firmware/micropython/py/objsingleton.c:30:
/home/mukesh_lof/projects/lof-titan/firmware/micropython/ports/esp32/mpconfigport.h:115:9: warning: "MICROPY_PY_OS_DUPTERM" redefined
  115 | #define MICROPY_PY_OS_DUPTERM               (1)
      |         ^~~~~~~~~~~~~~~~~~~~~
In file included from /home/mukesh_lof/projects/lof-titan/firmware/micropython/ports/esp32/mpconfigport.h:5:
/home/mukesh_lof/projects/lof-titan/firmware/micropython/ports/esp32/boards/LOF_TITAN/mpconfigboard.h:13:9: note: this is the location of the previous definition
   13 | #define MICROPY_PY_OS_DUPTERM               (2)
      |         ^~~~~~~~~~~~~~~~~~~~~
In file included from /home/mukesh_lof/projects/lof-titan/firmware/micropython/py/mpconfig.h:100,
                 from /home/mukesh_lof/projects/lof-titan/firmware/micropython/py/mpstate.h:31,
                 from /home/mukesh_lof/projects/lof-titan/firmware/micropython/py/runtime.h:29,
                 from /home/mukesh_lof/projects/lof-titan/firmware/micropython/py/objenumerate.c:30:
/home/mukesh_lof/projects/lof-titan/firmware/micropython/ports/esp32/mpconfigport.h:115:9: warning: "MICROPY_PY_OS_DUPTERM" redefined
  115 | #define MICROPY_PY_OS_DUPTERM               (1)
      |         ^~~~~~~~~~~~~~~~~~~~~
In file included from /home/mukesh_lof/projects/lof-titan/firmware/micropython/ports/esp32/mpconfigport.h:5:
/home/mukesh_lof/projects/lof-titan/firmware/micropython/ports/esp32/boards/LOF_TITAN/mpconfigboard.h:13:9: note: this is the location of the previous definition
   13 | #define MICROPY_PY_OS_DUPTERM               (2)
      |         ^~~~~~~~~~~~~~~~~~~~~
In file included from /home/mukesh_lof/projects/lof-titan/firmware/micropython/py/mpconfig.h:100,
                 from /home/mukesh_lof/projects/lof-titan/firmware/micropython/py/parsenum.h:29,
                 from /home/mukesh_lof/projects/lof-titan/firmware/micropython/py/runtime.c:34:
/home/mukesh_lof/projects/lof-titan/firmware/micropython/ports/esp32/mpconfigport.h:115:9: warning: "MICROPY_PY_OS_DUPTERM" redefined
  115 | #define MICROPY_PY_OS_DUPTERM               (1)
      |         ^~~~~~~~~~~~~~~~~~~~~
In file included from /home/mukesh_lof/projects/lof-titan/firmware/micropython/ports/esp32/mpconfigport.h:5:
/home/mukesh_lof/projects/lof-titan/firmware/micropython/ports/esp32/boards/LOF_TITAN/mpconfigboard.h:13:9: note: this is the location of the previous definition
   13 | #define MICROPY_PY_OS_DUPTERM               (2)
      |         ^~~~~~~~~~~~~~~~~~~~~
In file included from /home/mukesh_lof/projects/lof-titan/firmware/micropython/py/mpconfig.h:100,
                 from /home/mukesh_lof/projects/lof-titan/firmware/micropython/py/mpstate.h:31,
                 from /home/mukesh_lof/projects/lof-titan/firmware/micropython/py/runtime.h:29,
                 from /home/mukesh_lof/projects/lof-titan/firmware/micropython/extmod/vfs_blockdev.c:27:
/home/mukesh_lof/projects/lof-titan/firmware/micropython/ports/esp32/mpconfigport.h:115:9: warning: "MICROPY_PY_OS_DUPTERM" redefined
  115 | #define MICROPY_PY_OS_DUPTERM               (1)
      |         ^~~~~~~~~~~~~~~~~~~~~
In file included from /home/mukesh_lof/projects/lof-titan/firmware/micropython/ports/esp32/mpconfigport.h:5:
/home/mukesh_lof/projects/lof-titan/firmware/micropython/ports/esp32/boards/LOF_TITAN/mpconfigboard.h:13:9: note: this is the location of the previous definition
   13 | #define MICROPY_PY_OS_DUPTERM               (2)
      |         ^~~~~~~~~~~~~~~~~~~~~
In file included from /home/mukesh_lof/projects/lof-titan/firmware/micropython/py/mpconfig.h:100,
                 from /home/mukesh_lof/projects/lof-titan/firmware/micropython/py/mpstate.h:31,
                 from /home/mukesh_lof/projects/lof-titan/firmware/micropython/py/nlr.c:27:
/home/mukesh_lof/projects/lof-titan/firmware/micropython/ports/esp32/mpconfigport.h:115:9: warning: "MICROPY_PY_OS_DUPTERM" redefined
  115 | #define MICROPY_PY_OS_DUPTERM               (1)
      |         ^~~~~~~~~~~~~~~~~~~~~
In file included from /home/mukesh_lof/projects/lof-titan/firmware/micropython/ports/esp32/mpconfigport.h:5:
/home/mukesh_lof/projects/lof-titan/firmware/micropython/ports/esp32/boards/LOF_TITAN/mpconfigboard.h:13:9: note: this is the location of the previous definition
   13 | #define MICROPY_PY_OS_DUPTERM               (2)
      |         ^~~~~~~~~~~~~~~~~~~~~
In file included from /home/mukesh_lof/projects/lof-titan/firmware/micropython/py/mpconfig.h:100,
                 from /home/mukesh_lof/projects/lof-titan/firmware/micropython/py/mpstate.h:31,
                 from /home/mukesh_lof/projects/lof-titan/firmware/micropython/py/runtime.h:29,
                 from /home/mukesh_lof/projects/lof-titan/firmware/micropython/shared/tinyusb/mp_usbd_cdc.c:27:
/home/mukesh_lof/projects/lof-titan/firmware/micropython/ports/esp32/mpconfigport.h:115:9: warning: "MICROPY_PY_OS_DUPTERM" redefined
  115 | #define MICROPY_PY_OS_DUPTERM               (1)
      |         ^~~~~~~~~~~~~~~~~~~~~
In file included from /home/mukesh_lof/projects/lof-titan/firmware/micropython/ports/esp32/mpconfigport.h:5:
/home/mukesh_lof/projects/lof-titan/firmware/micropython/ports/esp32/boards/LOF_TITAN/mpconfigboard.h:13:9: note: this is the location of the previous definition
   13 | #define MICROPY_PY_OS_DUPTERM               (2)
      |         ^~~~~~~~~~~~~~~~~~~~~
In file included from /home/mukesh_lof/projects/lof-titan/firmware/micropython/py/mpconfig.h:100,
                 from /home/mukesh_lof/projects/lof-titan/firmware/micropython/py/obj.h:31,
                 from /home/mukesh_lof/projects/lof-titan/firmware/micropython/py/binary.h:30,
                 from /home/mukesh_lof/projects/lof-titan/firmware/micropython/py/binary.c:34:
/home/mukesh_lof/projects/lof-titan/firmware/micropython/ports/esp32/mpconfigport.h:115:9: warning: "MICROPY_PY_OS_DUPTERM" redefined
  115 | #define MICROPY_PY_OS_DUPTERM               (1)
      |         ^~~~~~~~~~~~~~~~~~~~~
In file included from /home/mukesh_lof/projects/lof-titan/firmware/micropython/ports/esp32/mpconfigport.h:5:
/home/mukesh_lof/projects/lof-titan/firmware/micropython/ports/esp32/boards/LOF_TITAN/mpconfigboard.h:13:9: note: this is the location of the previous definition
   13 | #define MICROPY_PY_OS_DUPTERM               (2)
      |         ^~~~~~~~~~~~~~~~~~~~~
In file included from /home/mukesh_lof/projects/lof-titan/firmware/micropython/py/mpconfig.h:100,
                 from /home/mukesh_lof/projects/lof-titan/firmware/micropython/py/mpstate.h:31,
                 from /home/mukesh_lof/projects/lof-titan/firmware/micropython/py/runtime.h:29,
                 from /home/mukesh_lof/projects/lof-titan/firmware/micropython/py/objslice.c:30:
/home/mukesh_lof/projects/lof-titan/firmware/micropython/ports/esp32/mpconfigport.h:115:9: warning: "MICROPY_PY_OS_DUPTERM" redefined
  115 | #define MICROPY_PY_OS_DUPTERM               (1)
      |         ^~~~~~~~~~~~~~~~~~~~~
In file included from /home/mukesh_lof/projects/lof-titan/firmware/micropython/ports/esp32/mpconfigport.h:5:
/home/mukesh_lof/projects/lof-titan/firmware/micropython/ports/esp32/boards/LOF_TITAN/mpconfigboard.h:13:9: note: this is the location of the previous definition
   13 | #define MICROPY_PY_OS_DUPTERM               (2)
      |         ^~~~~~~~~~~~~~~~~~~~~
In file included from /home/mukesh_lof/projects/lof-titan/firmware/micropython/py/mpconfig.h:100,
                 from /home/mukesh_lof/projects/lof-titan/firmware/micropython/py/obj.h:31,
                 from /home/mukesh_lof/projects/lof-titan/firmware/micropython/py/reader.h:29,
                 from /home/mukesh_lof/projects/lof-titan/firmware/micropython/py/lexer.c:31:
/home/mukesh_lof/projects/lof-titan/firmware/micropython/ports/esp32/mpconfigport.h:115:9: warning: "MICROPY_PY_OS_DUPTERM" redefined
  115 | #define MICROPY_PY_OS_DUPTERM               (1)
      |         ^~~~~~~~~~~~~~~~~~~~~
In file included from /home/mukesh_lof/projects/lof-titan/firmware/micropython/ports/esp32/mpconfigport.h:5:
/home/mukesh_lof/projects/lof-titan/firmware/micropython/ports/esp32/boards/LOF_TITAN/mpconfigboard.h:13:9: note: this is the location of the previous definition
   13 | #define MICROPY_PY_OS_DUPTERM               (2)
      |         ^~~~~~~~~~~~~~~~~~~~~
In file included from /home/mukesh_lof/projects/lof-titan/firmware/micropython/py/mpconfig.h:100,
                 from /home/mukesh_lof/projects/lof-titan/firmware/micropython/py/obj.h:31,
                 from /home/mukesh_lof/projects/lof-titan/firmware/micropython/py/objlist.h:29,
                 from /home/mukesh_lof/projects/lof-titan/firmware/micropython/extmod/modjson.c:29:
/home/mukesh_lof/projects/lof-titan/firmware/micropython/ports/esp32/mpconfigport.h:115:9: warning: "MICROPY_PY_OS_DUPTERM" redefined
  115 | #define MICROPY_PY_OS_DUPTERM               (1)
      |         ^~~~~~~~~~~~~~~~~~~~~
In file included from /home/mukesh_lof/projects/lof-titan/firmware/micropython/ports/esp32/mpconfigport.h:5:
/home/mukesh_lof/projects/lof-titan/firmware/micropython/ports/esp32/boards/LOF_TITAN/mpconfigboard.h:13:9: note: this is the location of the previous definition
   13 | #define MICROPY_PY_OS_DUPTERM               (2)
      |         ^~~~~~~~~~~~~~~~~~~~~
In file included from /home/mukesh_lof/projects/lof-titan/firmware/micropython/py/mpconfig.h:100,
                 from /home/mukesh_lof/projects/lof-titan/firmware/micropython/py/mpstate.h:31,
                 from /home/mukesh_lof/projects/lof-titan/firmware/micropython/py/runtime.h:29,
                 from /home/mukesh_lof/projects/lof-titan/firmware/micropython/ports/esp32/network_common.c:36:
/home/mukesh_lof/projects/lof-titan/firmware/micropython/ports/esp32/mpconfigport.h:115:9: warning: "MICROPY_PY_OS_DUPTERM" redefined
  115 | #define MICROPY_PY_OS_DUPTERM               (1)
      |         ^~~~~~~~~~~~~~~~~~~~~
In file included from /home/mukesh_lof/projects/lof-titan/firmware/micropython/ports/esp32/mpconfigport.h:5:
/home/mukesh_lof/projects/lof-titan/firmware/micropython/ports/esp32/boards/LOF_TITAN/mpconfigboard.h:13:9: note: this is the location of the previous definition
   13 | #define MICROPY_PY_OS_DUPTERM               (2)
      |         ^~~~~~~~~~~~~~~~~~~~~
In file included from /home/mukesh_lof/projects/lof-titan/firmware/micropython/py/mpconfig.h:100,
                 from /home/mukesh_lof/projects/lof-titan/firmware/micropython/py/mpstate.h:31,
                 from /home/mukesh_lof/projects/lof-titan/firmware/micropython/py/runtime.h:29,
                 from /home/mukesh_lof/projects/lof-titan/firmware/micropython/py/runtime_utils.c:28:
/home/mukesh_lof/projects/lof-titan/firmware/micropython/ports/esp32/mpconfigport.h:115:9: warning: "MICROPY_PY_OS_DUPTERM" redefined
  115 | #define MICROPY_PY_OS_DUPTERM               (1)
      |         ^~~~~~~~~~~~~~~~~~~~~
In file included from /home/mukesh_lof/projects/lof-titan/firmware/micropython/ports/esp32/mpconfigport.h:5:
/home/mukesh_lof/projects/lof-titan/firmware/micropython/ports/esp32/boards/LOF_TITAN/mpconfigboard.h:13:9: note: this is the location of the previous definition
   13 | #define MICROPY_PY_OS_DUPTERM               (2)
      |         ^~~~~~~~~~~~~~~~~~~~~
In file included from /home/mukesh_lof/projects/lof-titan/firmware/micropython/py/mpconfig.h:100,
                 from /home/mukesh_lof/projects/lof-titan/firmware/micropython/py/obj.h:31,
                 from /home/mukesh_lof/projects/lof-titan/firmware/micropython/py/objlist.h:29,
                 from /home/mukesh_lof/projects/lof-titan/firmware/micropython/py/objexcept.c:33:
/home/mukesh_lof/projects/lof-titan/firmware/micropython/ports/esp32/mpconfigport.h:115:9: warning: "MICROPY_PY_OS_DUPTERM" redefined
  115 | #define MICROPY_PY_OS_DUPTERM               (1)
      |         ^~~~~~~~~~~~~~~~~~~~~
In file included from /home/mukesh_lof/projects/lof-titan/firmware/micropython/ports/esp32/mpconfigport.h:5:
/home/mukesh_lof/projects/lof-titan/firmware/micropython/ports/esp32/boards/LOF_TITAN/mpconfigboard.h:13:9: note: this is the location of the previous definition
   13 | #define MICROPY_PY_OS_DUPTERM               (2)
      |         ^~~~~~~~~~~~~~~~~~~~~
In file included from /home/mukesh_lof/projects/lof-titan/firmware/micropython/py/mpconfig.h:100,
                 from /home/mukesh_lof/projects/lof-titan/firmware/micropython/py/mpstate.h:31,
                 from /home/mukesh_lof/projects/lof-titan/firmware/micropython/py/runtime.h:29,
                 from /home/mukesh_lof/projects/lof-titan/firmware/micropython/extmod/machine_i2s.c:28:
/home/mukesh_lof/projects/lof-titan/firmware/micropython/ports/esp32/mpconfigport.h:115:9: warning: "MICROPY_PY_OS_DUPTERM" redefined
  115 | #define MICROPY_PY_OS_DUPTERM               (1)
      |         ^~~~~~~~~~~~~~~~~~~~~
In file included from /home/mukesh_lof/projects/lof-titan/firmware/micropython/ports/esp32/mpconfigport.h:5:
/home/mukesh_lof/projects/lof-titan/firmware/micropython/ports/esp32/boards/LOF_TITAN/mpconfigboard.h:13:9: note: this is the location of the previous definition
   13 | #define MICROPY_PY_OS_DUPTERM               (2)
      |         ^~~~~~~~~~~~~~~~~~~~~
In file included from /home/mukesh_lof/projects/lof-titan/firmware/micropython/py/mpconfig.h:100,
                 from /home/mukesh_lof/projects/lof-titan/firmware/micropython/lib/oofatfs/ffconf.h:30,
                 from /home/mukesh_lof/projects/lof-titan/firmware/micropython/lib/oofatfs/ff.h:33,
                 from /home/mukesh_lof/projects/lof-titan/firmware/micropython/lib/oofatfs/ff.c:28:
/home/mukesh_lof/projects/lof-titan/firmware/micropython/ports/esp32/mpconfigport.h:115:9: warning: "MICROPY_PY_OS_DUPTERM" redefined
  115 | #define MICROPY_PY_OS_DUPTERM               (1)
      |         ^~~~~~~~~~~~~~~~~~~~~
In file included from /home/mukesh_lof/projects/lof-titan/firmware/micropython/ports/esp32/mpconfigport.h:5:
/home/mukesh_lof/projects/lof-titan/firmware/micropython/ports/esp32/boards/LOF_TITAN/mpconfigboard.h:13:9: note: this is the location of the previous definition
   13 | #define MICROPY_PY_OS_DUPTERM               (2)
      |         ^~~~~~~~~~~~~~~~~~~~~
In file included from /home/mukesh_lof/projects/lof-titan/firmware/micropython/py/mpconfig.h:100,
                 from /home/mukesh_lof/projects/lof-titan/firmware/micropython/py/mpstate.h:31,
                 from /home/mukesh_lof/projects/lof-titan/firmware/micropython/py/nlraarch64.c:27:
/home/mukesh_lof/projects/lof-titan/firmware/micropython/ports/esp32/mpconfigport.h:115:9: warning: "MICROPY_PY_OS_DUPTERM" redefined
  115 | #define MICROPY_PY_OS_DUPTERM               (1)
      |         ^~~~~~~~~~~~~~~~~~~~~
In file included from /home/mukesh_lof/projects/lof-titan/firmware/micropython/ports/esp32/mpconfigport.h:5:
/home/mukesh_lof/projects/lof-titan/firmware/micropython/ports/esp32/boards/LOF_TITAN/mpconfigboard.h:13:9: note: this is the location of the previous definition
   13 | #define MICROPY_PY_OS_DUPTERM               (2)
      |         ^~~~~~~~~~~~~~~~~~~~~
In file included from /home/mukesh_lof/projects/lof-titan/firmware/micropython/py/mpconfig.h:100,
                 from /home/mukesh_lof/projects/lof-titan/firmware/micropython/py/mpstate.h:31,
                 from /home/mukesh_lof/projects/lof-titan/firmware/micropython/py/runtime.h:29,
                 from /home/mukesh_lof/projects/lof-titan/firmware/micropython/py/bc.h:30,
                 from /home/mukesh_lof/projects/lof-titan/firmware/micropython/py/objcode.h:29,
                 from /home/mukesh_lof/projects/lof-titan/firmware/micropython/py/builtinevex.c:29:
/home/mukesh_lof/projects/lof-titan/firmware/micropython/ports/esp32/mpconfigport.h:115:9: warning: "MICROPY_PY_OS_DUPTERM" redefined
  115 | #define MICROPY_PY_OS_DUPTERM               (1)
      |         ^~~~~~~~~~~~~~~~~~~~~
In file included from /home/mukesh_lof/projects/lof-titan/firmware/micropython/ports/esp32/mpconfigport.h:5:
/home/mukesh_lof/projects/lof-titan/firmware/micropython/ports/esp32/boards/LOF_TITAN/mpconfigboard.h:13:9: note: this is the location of the previous definition
   13 | #define MICROPY_PY_OS_DUPTERM               (2)
      |         ^~~~~~~~~~~~~~~~~~~~~
In file included from /home/mukesh_lof/projects/lof-titan/firmware/micropython/py/mpconfig.h:100,
                 from /home/mukesh_lof/projects/lof-titan/firmware/micropython/extmod/vfs_fat.c:28:
/home/mukesh_lof/projects/lof-titan/firmware/micropython/ports/esp32/mpconfigport.h:115:9: warning: "MICROPY_PY_OS_DUPTERM" redefined
  115 | #define MICROPY_PY_OS_DUPTERM               (1)
      |         ^~~~~~~~~~~~~~~~~~~~~
In file included from /home/mukesh_lof/projects/lof-titan/firmware/micropython/ports/esp32/mpconfigport.h:5:
/home/mukesh_lof/projects/lof-titan/firmware/micropython/ports/esp32/boards/LOF_TITAN/mpconfigboard.h:13:9: note: this is the location of the previous definition
   13 | #define MICROPY_PY_OS_DUPTERM               (2)
      |         ^~~~~~~~~~~~~~~~~~~~~
In file included from /home/mukesh_lof/projects/lof-titan/firmware/micropython/py/mpconfig.h:100,
                 from /home/mukesh_lof/projects/lof-titan/firmware/micropython/py/unicode.h:29,
                 from /home/mukesh_lof/projects/lof-titan/firmware/micropython/py/objstr.c:31:
/home/mukesh_lof/projects/lof-titan/firmware/micropython/ports/esp32/mpconfigport.h:115:9: warning: "MICROPY_PY_OS_DUPTERM" redefined
  115 | #define MICROPY_PY_OS_DUPTERM               (1)
      |         ^~~~~~~~~~~~~~~~~~~~~
In file included from /home/mukesh_lof/projects/lof-titan/firmware/micropython/ports/esp32/mpconfigport.h:5:
/home/mukesh_lof/projects/lof-titan/firmware/micropython/ports/esp32/boards/LOF_TITAN/mpconfigboard.h:13:9: note: this is the location of the previous definition
   13 | #define MICROPY_PY_OS_DUPTERM               (2)
      |         ^~~~~~~~~~~~~~~~~~~~~
In file included from /home/mukesh_lof/projects/lof-titan/firmware/micropython/py/mpconfig.h:100,
                 from /home/mukesh_lof/projects/lof-titan/firmware/micropython/shared/tinyusb/mp_usbd_descriptor.c:28:
/home/mukesh_lof/projects/lof-titan/firmware/micropython/ports/esp32/mpconfigport.h:115:9: warning: "MICROPY_PY_OS_DUPTERM" redefined
  115 | #define MICROPY_PY_OS_DUPTERM               (1)
      |         ^~~~~~~~~~~~~~~~~~~~~
In file included from /home/mukesh_lof/projects/lof-titan/firmware/micropython/ports/esp32/mpconfigport.h:5:
/home/mukesh_lof/projects/lof-titan/firmware/micropython/ports/esp32/boards/LOF_TITAN/mpconfigboard.h:13:9: note: this is the location of the previous definition
   13 | #define MICROPY_PY_OS_DUPTERM               (2)
      |         ^~~~~~~~~~~~~~~~~~~~~
In file included from /home/mukesh_lof/projects/lof-titan/firmware/micropython/py/mpconfig.h:100,
                 from /home/mukesh_lof/projects/lof-titan/firmware/micropython/py/malloc.c:31:
/home/mukesh_lof/projects/lof-titan/firmware/micropython/ports/esp32/mpconfigport.h:115:9: warning: "MICROPY_PY_OS_DUPTERM" redefined
  115 | #define MICROPY_PY_OS_DUPTERM               (1)
      |         ^~~~~~~~~~~~~~~~~~~~~
In file included from /home/mukesh_lof/projects/lof-titan/firmware/micropython/ports/esp32/mpconfigport.h:5:
/home/mukesh_lof/projects/lof-titan/firmware/micropython/ports/esp32/boards/LOF_TITAN/mpconfigboard.h:13:9: note: this is the location of the previous definition
   13 | #define MICROPY_PY_OS_DUPTERM               (2)
      |         ^~~~~~~~~~~~~~~~~~~~~
In file included from /home/mukesh_lof/projects/lof-titan/firmware/micropython/py/mpconfig.h:100,
                 from /home/mukesh_lof/projects/lof-titan/firmware/micropython/py/mphal.h:31,
                 from /home/mukesh_lof/projects/lof-titan/firmware/micropython/extmod/modos.c:27:
/home/mukesh_lof/projects/lof-titan/firmware/micropython/ports/esp32/mpconfigport.h:115:9: warning: "MICROPY_PY_OS_DUPTERM" redefined
  115 | #define MICROPY_PY_OS_DUPTERM               (1)
      |         ^~~~~~~~~~~~~~~~~~~~~
In file included from /home/mukesh_lof/projects/lof-titan/firmware/micropython/ports/esp32/mpconfigport.h:5:
/home/mukesh_lof/projects/lof-titan/firmware/micropython/ports/esp32/boards/LOF_TITAN/mpconfigboard.h:13:9: note: this is the location of the previous definition
   13 | #define MICROPY_PY_OS_DUPTERM               (2)
      |         ^~~~~~~~~~~~~~~~~~~~~
In file included from /home/mukesh_lof/projects/lof-titan/firmware/micropython/py/mpconfig.h:100,
                 from /home/mukesh_lof/projects/lof-titan/firmware/micropython/py/mphal.h:31,
                 from /home/mukesh_lof/projects/lof-titan/firmware/micropython/py/scheduler.c:29:
/home/mukesh_lof/projects/lof-titan/firmware/micropython/ports/esp32/mpconfigport.h:115:9: warning: "MICROPY_PY_OS_DUPTERM" redefined
  115 | #define MICROPY_PY_OS_DUPTERM               (1)
      |         ^~~~~~~~~~~~~~~~~~~~~
In file included from /home/mukesh_lof/projects/lof-titan/firmware/micropython/ports/esp32/mpconfigport.h:5:
/home/mukesh_lof/projects/lof-titan/firmware/micropython/ports/esp32/boards/LOF_TITAN/mpconfigboard.h:13:9: note: this is the location of the previous definition
   13 | #define MICROPY_PY_OS_DUPTERM               (2)
      |         ^~~~~~~~~~~~~~~~~~~~~
In file included from /home/mukesh_lof/projects/lof-titan/firmware/micropython/py/mpconfig.h:100,
                 from /home/mukesh_lof/projects/lof-titan/firmware/micropython/py/mpstate.h:31,
                 from /home/mukesh_lof/projects/lof-titan/firmware/micropython/py/runtime.h:29,
                 from /home/mukesh_lof/projects/lof-titan/firmware/micropython/ports/esp32/network_lan.c:30:
/home/mukesh_lof/projects/lof-titan/firmware/micropython/ports/esp32/mpconfigport.h:115:9: warning: "MICROPY_PY_OS_DUPTERM" redefined
  115 | #define MICROPY_PY_OS_DUPTERM               (1)
      |         ^~~~~~~~~~~~~~~~~~~~~
In file included from /home/mukesh_lof/projects/lof-titan/firmware/micropython/ports/esp32/mpconfigport.h:5:
/home/mukesh_lof/projects/lof-titan/firmware/micropython/ports/esp32/boards/LOF_TITAN/mpconfigboard.h:13:9: note: this is the location of the previous definition
   13 | #define MICROPY_PY_OS_DUPTERM               (2)
      |         ^~~~~~~~~~~~~~~~~~~~~
In file included from /home/mukesh_lof/projects/lof-titan/firmware/micropython/py/mpconfig.h:100,
                 from /home/mukesh_lof/projects/lof-titan/firmware/micropython/py/mpstate.h:31,
                 from /home/mukesh_lof/projects/lof-titan/firmware/micropython/py/runtime.h:29,
                 from /home/mukesh_lof/projects/lof-titan/firmware/micropython/py/objfilter.c:27:
/home/mukesh_lof/projects/lof-titan/firmware/micropython/ports/esp32/mpconfigport.h:115:9: warning: "MICROPY_PY_OS_DUPTERM" redefined
  115 | #define MICROPY_PY_OS_DUPTERM               (1)
      |         ^~~~~~~~~~~~~~~~~~~~~
In file included from /home/mukesh_lof/projects/lof-titan/firmware/micropython/ports/esp32/mpconfigport.h:5:
/home/mukesh_lof/projects/lof-titan/firmware/micropython/ports/esp32/boards/LOF_TITAN/mpconfigboard.h:13:9: note: this is the location of the previous definition
   13 | #define MICROPY_PY_OS_DUPTERM               (2)
      |         ^~~~~~~~~~~~~~~~~~~~~
In file included from /home/mukesh_lof/projects/lof-titan/firmware/micropython/py/mpconfig.h:100,
                 from /home/mukesh_lof/projects/lof-titan/firmware/micropython/py/mpstate.h:31,
                 from /home/mukesh_lof/projects/lof-titan/firmware/micropython/py/runtime.h:29,
                 from /home/mukesh_lof/projects/lof-titan/firmware/micropython/extmod/machine_mem.c:27:
/home/mukesh_lof/projects/lof-titan/firmware/micropython/ports/esp32/mpconfigport.h:115:9: warning: "MICROPY_PY_OS_DUPTERM" redefined
  115 | #define MICROPY_PY_OS_DUPTERM               (1)
      |         ^~~~~~~~~~~~~~~~~~~~~
In file included from /home/mukesh_lof/projects/lof-titan/firmware/micropython/ports/esp32/mpconfigport.h:5:
/home/mukesh_lof/projects/lof-titan/firmware/micropython/ports/esp32/boards/LOF_TITAN/mpconfigboard.h:13:9: note: this is the location of the previous definition
   13 | #define MICROPY_PY_OS_DUPTERM               (2)
      |         ^~~~~~~~~~~~~~~~~~~~~
In file included from /home/mukesh_lof/projects/lof-titan/firmware/micropython/py/mpconfig.h:100,
                 from /home/mukesh_lof/projects/lof-titan/firmware/micropython/lib/oofatfs/ffconf.h:30,
                 from /home/mukesh_lof/projects/lof-titan/firmware/micropython/lib/oofatfs/ff.h:33,
                 from /home/mukesh_lof/projects/lof-titan/firmware/micropython/lib/oofatfs/ffunicode.c:26:
/home/mukesh_lof/projects/lof-titan/firmware/micropython/ports/esp32/mpconfigport.h:115:9: warning: "MICROPY_PY_OS_DUPTERM" redefined
  115 | #define MICROPY_PY_OS_DUPTERM               (1)
      |         ^~~~~~~~~~~~~~~~~~~~~
In file included from /home/mukesh_lof/projects/lof-titan/firmware/micropython/ports/esp32/mpconfigport.h:5:
/home/mukesh_lof/projects/lof-titan/firmware/micropython/ports/esp32/boards/LOF_TITAN/mpconfigboard.h:13:9: note: this is the location of the previous definition
   13 | #define MICROPY_PY_OS_DUPTERM               (2)
      |         ^~~~~~~~~~~~~~~~~~~~~
In file included from /home/mukesh_lof/projects/lof-titan/firmware/micropython/py/mpconfig.h:100,
                 from /home/mukesh_lof/projects/lof-titan/firmware/micropython/py/mpstate.h:31,
                 from /home/mukesh_lof/projects/lof-titan/firmware/micropython/py/nlrmips.c:27:
/home/mukesh_lof/projects/lof-titan/firmware/micropython/ports/esp32/mpconfigport.h:115:9: warning: "MICROPY_PY_OS_DUPTERM" redefined
  115 | #define MICROPY_PY_OS_DUPTERM               (1)
      |         ^~~~~~~~~~~~~~~~~~~~~
In file included from /home/mukesh_lof/projects/lof-titan/firmware/micropython/ports/esp32/mpconfigport.h:5:
/home/mukesh_lof/projects/lof-titan/firmware/micropython/ports/esp32/boards/LOF_TITAN/mpconfigboard.h:13:9: note: this is the location of the previous definition
   13 | #define MICROPY_PY_OS_DUPTERM               (2)
      |         ^~~~~~~~~~~~~~~~~~~~~
In file included from /home/mukesh_lof/projects/lof-titan/firmware/micropython/py/mpconfig.h:100,
                 from /home/mukesh_lof/projects/lof-titan/firmware/micropython/shared/tinyusb/mp_usbd.h:30,
                 from /home/mukesh_lof/projects/lof-titan/firmware/micropython/shared/tinyusb/mp_usbd_runtime.c:29:
/home/mukesh_lof/projects/lof-titan/firmware/micropython/ports/esp32/mpconfigport.h:115:9: warning: "MICROPY_PY_OS_DUPTERM" redefined
  115 | #define MICROPY_PY_OS_DUPTERM               (1)
      |         ^~~~~~~~~~~~~~~~~~~~~
In file included from /home/mukesh_lof/projects/lof-titan/firmware/micropython/ports/esp32/mpconfigport.h:5:
/home/mukesh_lof/projects/lof-titan/firmware/micropython/ports/esp32/boards/LOF_TITAN/mpconfigboard.h:13:9: note: this is the location of the previous definition
   13 | #define MICROPY_PY_OS_DUPTERM               (2)
      |         ^~~~~~~~~~~~~~~~~~~~~
In file included from /home/mukesh_lof/projects/lof-titan/firmware/micropython/py/mpconfig.h:100,
                 from /home/mukesh_lof/projects/lof-titan/firmware/micropython/extmod/vfs_fat_diskio.c:30:
/home/mukesh_lof/projects/lof-titan/firmware/micropython/ports/esp32/mpconfigport.h:115:9: warning: "MICROPY_PY_OS_DUPTERM" redefined
  115 | #define MICROPY_PY_OS_DUPTERM               (1)
      |         ^~~~~~~~~~~~~~~~~~~~~
In file included from /home/mukesh_lof/projects/lof-titan/firmware/micropython/ports/esp32/mpconfigport.h:5:
/home/mukesh_lof/projects/lof-titan/firmware/micropython/ports/esp32/boards/LOF_TITAN/mpconfigboard.h:13:9: note: this is the location of the previous definition
   13 | #define MICROPY_PY_OS_DUPTERM               (2)
      |         ^~~~~~~~~~~~~~~~~~~~~
In file included from /home/mukesh_lof/projects/lof-titan/firmware/micropython/py/mpconfig.h:100,
                 from /home/mukesh_lof/projects/lof-titan/firmware/micropython/py/obj.h:31,
                 from /home/mukesh_lof/projects/lof-titan/firmware/micropython/py/builtin.h:29,
                 from /home/mukesh_lof/projects/lof-titan/firmware/micropython/py/builtinhelp.c:30:
/home/mukesh_lof/projects/lof-titan/firmware/micropython/ports/esp32/mpconfigport.h:115:9: warning: "MICROPY_PY_OS_DUPTERM" redefined
  115 | #define MICROPY_PY_OS_DUPTERM               (1)
      |         ^~~~~~~~~~~~~~~~~~~~~
In file included from /home/mukesh_lof/projects/lof-titan/firmware/micropython/ports/esp32/mpconfigport.h:5:
/home/mukesh_lof/projects/lof-titan/firmware/micropython/ports/esp32/boards/LOF_TITAN/mpconfigboard.h:13:9: note: this is the location of the previous definition
   13 | #define MICROPY_PY_OS_DUPTERM               (2)
      |         ^~~~~~~~~~~~~~~~~~~~~
In file included from /home/mukesh_lof/projects/lof-titan/firmware/micropython/py/mpconfig.h:100,
                 from /home/mukesh_lof/projects/lof-titan/firmware/micropython/py/obj.h:31,
                 from /home/mukesh_lof/projects/lof-titan/firmware/micropython/py/objstr.h:29,
                 from /home/mukesh_lof/projects/lof-titan/firmware/micropython/py/objstringio.c:31:
/home/mukesh_lof/projects/lof-titan/firmware/micropython/ports/esp32/mpconfigport.h:115:9: warning: "MICROPY_PY_OS_DUPTERM" redefined
  115 | #define MICROPY_PY_OS_DUPTERM               (1)
      |         ^~~~~~~~~~~~~~~~~~~~~
In file included from /home/mukesh_lof/projects/lof-titan/firmware/micropython/ports/esp32/mpconfigport.h:5:
/home/mukesh_lof/projects/lof-titan/firmware/micropython/ports/esp32/boards/LOF_TITAN/mpconfigboard.h:13:9: note: this is the location of the previous definition
   13 | #define MICROPY_PY_OS_DUPTERM               (2)
      |         ^~~~~~~~~~~~~~~~~~~~~
In file included from /home/mukesh_lof/projects/lof-titan/firmware/micropython/py/mpconfig.h:100,
                 from /home/mukesh_lof/projects/lof-titan/firmware/micropython/py/map.c:32:
/home/mukesh_lof/projects/lof-titan/firmware/micropython/ports/esp32/mpconfigport.h:115:9: warning: "MICROPY_PY_OS_DUPTERM" redefined
  115 | #define MICROPY_PY_OS_DUPTERM               (1)
      |         ^~~~~~~~~~~~~~~~~~~~~
In file included from /home/mukesh_lof/projects/lof-titan/firmware/micropython/ports/esp32/mpconfigport.h:5:
/home/mukesh_lof/projects/lof-titan/firmware/micropython/ports/esp32/boards/LOF_TITAN/mpconfigboard.h:13:9: note: this is the location of the previous definition
   13 | #define MICROPY_PY_OS_DUPTERM               (2)
      |         ^~~~~~~~~~~~~~~~~~~~~
In file included from /home/mukesh_lof/projects/lof-titan/firmware/micropython/py/mpconfig.h:100,
                 from /home/mukesh_lof/projects/lof-titan/firmware/micropython/ports/esp32/panichandler.c:28:
/home/mukesh_lof/projects/lof-titan/firmware/micropython/ports/esp32/mpconfigport.h:115:9: warning: "MICROPY_PY_OS_DUPTERM" redefined
  115 | #define MICROPY_PY_OS_DUPTERM               (1)
      |         ^~~~~~~~~~~~~~~~~~~~~
In file included from /home/mukesh_lof/projects/lof-titan/firmware/micropython/ports/esp32/mpconfigport.h:5:
/home/mukesh_lof/projects/lof-titan/firmware/micropython/ports/esp32/boards/LOF_TITAN/mpconfigboard.h:13:9: note: this is the location of the previous definition
   13 | #define MICROPY_PY_OS_DUPTERM               (2)
      |         ^~~~~~~~~~~~~~~~~~~~~
In file included from /home/mukesh_lof/projects/lof-titan/firmware/micropython/py/mpconfig.h:100,
                 from /home/mukesh_lof/projects/lof-titan/firmware/micropython/py/obj.h:31,
                 from /home/mukesh_lof/projects/lof-titan/firmware/micropython/py/parse.h:32,
                 from /home/mukesh_lof/projects/lof-titan/firmware/micropython/py/scope.h:29,
                 from /home/mukesh_lof/projects/lof-titan/firmware/micropython/py/scope.c:29:
/home/mukesh_lof/projects/lof-titan/firmware/micropython/ports/esp32/mpconfigport.h:115:9: warning: "MICROPY_PY_OS_DUPTERM" redefined
  115 | #define MICROPY_PY_OS_DUPTERM               (1)
      |         ^~~~~~~~~~~~~~~~~~~~~
In file included from /home/mukesh_lof/projects/lof-titan/firmware/micropython/ports/esp32/mpconfigport.h:5:
/home/mukesh_lof/projects/lof-titan/firmware/micropython/ports/esp32/boards/LOF_TITAN/mpconfigboard.h:13:9: note: this is the location of the previous definition
   13 | #define MICROPY_PY_OS_DUPTERM               (2)
      |         ^~~~~~~~~~~~~~~~~~~~~
In file included from /home/mukesh_lof/projects/lof-titan/firmware/micropython/py/mpconfig.h:100,
                 from /home/mukesh_lof/projects/lof-titan/firmware/micropython/py/mpstate.h:31,
                 from /home/mukesh_lof/projects/lof-titan/firmware/micropython/py/runtime.h:29,
                 from /home/mukesh_lof/projects/lof-titan/firmware/micropython/extmod/modplatform.c:28:
/home/mukesh_lof/projects/lof-titan/firmware/micropython/ports/esp32/mpconfigport.h:115:9: warning: "MICROPY_PY_OS_DUPTERM" redefined
  115 | #define MICROPY_PY_OS_DUPTERM               (1)
      |         ^~~~~~~~~~~~~~~~~~~~~
In file included from /home/mukesh_lof/projects/lof-titan/firmware/micropython/ports/esp32/mpconfigport.h:5:
/home/mukesh_lof/projects/lof-titan/firmware/micropython/ports/esp32/boards/LOF_TITAN/mpconfigboard.h:13:9: note: this is the location of the previous definition
   13 | #define MICROPY_PY_OS_DUPTERM               (2)
      |         ^~~~~~~~~~~~~~~~~~~~~
In file included from /home/mukesh_lof/projects/lof-titan/firmware/micropython/py/mpconfig.h:100,
                 from /home/mukesh_lof/projects/lof-titan/firmware/micropython/py/parsenum.h:29,
                 from /home/mukesh_lof/projects/lof-titan/firmware/micropython/py/objfloat.c:32:
/home/mukesh_lof/projects/lof-titan/firmware/micropython/ports/esp32/mpconfigport.h:115:9: warning: "MICROPY_PY_OS_DUPTERM" redefined
  115 | #define MICROPY_PY_OS_DUPTERM               (1)
      |         ^~~~~~~~~~~~~~~~~~~~~
In file included from /home/mukesh_lof/projects/lof-titan/firmware/micropython/ports/esp32/mpconfigport.h:5:
/home/mukesh_lof/projects/lof-titan/firmware/micropython/ports/esp32/boards/LOF_TITAN/mpconfigboard.h:13:9: note: this is the location of the previous definition
   13 | #define MICROPY_PY_OS_DUPTERM               (2)
      |         ^~~~~~~~~~~~~~~~~~~~~
In file included from /home/mukesh_lof/projects/lof-titan/firmware/micropython/py/mpconfig.h:100,
                 from /home/mukesh_lof/projects/lof-titan/firmware/micropython/py/mpstate.h:31,
                 from /home/mukesh_lof/projects/lof-titan/firmware/micropython/py/nlrpowerpc.c:27:
/home/mukesh_lof/projects/lof-titan/firmware/micropython/ports/esp32/mpconfigport.h:115:9: warning: "MICROPY_PY_OS_DUPTERM" redefined
  115 | #define MICROPY_PY_OS_DUPTERM               (1)
      |         ^~~~~~~~~~~~~~~~~~~~~
In file included from /home/mukesh_lof/projects/lof-titan/firmware/micropython/ports/esp32/mpconfigport.h:5:
/home/mukesh_lof/projects/lof-titan/firmware/micropython/ports/esp32/boards/LOF_TITAN/mpconfigboard.h:13:9: note: this is the location of the previous definition
   13 | #define MICROPY_PY_OS_DUPTERM               (2)
      |         ^~~~~~~~~~~~~~~~~~~~~
In file included from /home/mukesh_lof/projects/lof-titan/firmware/micropython/py/mpconfig.h:100,
                 from /home/mukesh_lof/projects/lof-titan/firmware/micropython/py/mpstate.h:31,
                 from /home/mukesh_lof/projects/lof-titan/firmware/micropython/py/runtime.h:29,
                 from /home/mukesh_lof/projects/lof-titan/firmware/micropython/ports/esp32/network_ppp.c:34:
/home/mukesh_lof/projects/lof-titan/firmware/micropython/ports/esp32/mpconfigport.h:115:9: warning: "MICROPY_PY_OS_DUPTERM" redefined
  115 | #define MICROPY_PY_OS_DUPTERM               (1)
      |         ^~~~~~~~~~~~~~~~~~~~~
In file included from /home/mukesh_lof/projects/lof-titan/firmware/micropython/ports/esp32/mpconfigport.h:5:
/home/mukesh_lof/projects/lof-titan/firmware/micropython/ports/esp32/boards/LOF_TITAN/mpconfigboard.h:13:9: note: this is the location of the previous definition
   13 | #define MICROPY_PY_OS_DUPTERM               (2)
      |         ^~~~~~~~~~~~~~~~~~~~~
In file included from /home/mukesh_lof/projects/lof-titan/firmware/micropython/py/mpconfig.h:100,
                 from /home/mukesh_lof/projects/lof-titan/firmware/micropython/py/lexer.h:31,
                 from /home/mukesh_lof/projects/lof-titan/firmware/micropython/py/compile.h:29,
                 from /home/mukesh_lof/projects/lof-titan/firmware/micropython/py/builtinimport.c:33:
/home/mukesh_lof/projects/lof-titan/firmware/micropython/ports/esp32/mpconfigport.h:115:9: warning: "MICROPY_PY_OS_DUPTERM" redefined
  115 | #define MICROPY_PY_OS_DUPTERM               (1)
      |         ^~~~~~~~~~~~~~~~~~~~~
In file included from /home/mukesh_lof/projects/lof-titan/firmware/micropython/ports/esp32/mpconfigport.h:5:
/home/mukesh_lof/projects/lof-titan/firmware/micropython/ports/esp32/boards/LOF_TITAN/mpconfigboard.h:13:9: note: this is the location of the previous definition
   13 | #define MICROPY_PY_OS_DUPTERM               (2)
      |         ^~~~~~~~~~~~~~~~~~~~~
In file included from /home/mukesh_lof/projects/lof-titan/firmware/micropython/py/mpconfig.h:100,
                 from /home/mukesh_lof/projects/lof-titan/firmware/micropython/py/mpstate.h:31,
                 from /home/mukesh_lof/projects/lof-titan/firmware/micropython/py/runtime.h:29,
                 from /home/mukesh_lof/projects/lof-titan/firmware/micropython/extmod/machine_pulse.c:27:
/home/mukesh_lof/projects/lof-titan/firmware/micropython/ports/esp32/mpconfigport.h:115:9: warning: "MICROPY_PY_OS_DUPTERM" redefined
  115 | #define MICROPY_PY_OS_DUPTERM               (1)
      |         ^~~~~~~~~~~~~~~~~~~~~
In file included from /home/mukesh_lof/projects/lof-titan/firmware/micropython/ports/esp32/mpconfigport.h:5:
/home/mukesh_lof/projects/lof-titan/firmware/micropython/ports/esp32/boards/LOF_TITAN/mpconfigboard.h:13:9: note: this is the location of the previous definition
   13 | #define MICROPY_PY_OS_DUPTERM               (2)
      |         ^~~~~~~~~~~~~~~~~~~~~
In file included from /home/mukesh_lof/projects/lof-titan/firmware/micropython/py/mpconfig.h:100,
                 from /home/mukesh_lof/projects/lof-titan/firmware/micropython/extmod/vfs_fat_file.c:27:
/home/mukesh_lof/projects/lof-titan/firmware/micropython/ports/esp32/mpconfigport.h:115:9: warning: "MICROPY_PY_OS_DUPTERM" redefined
  115 | #define MICROPY_PY_OS_DUPTERM               (1)
      |         ^~~~~~~~~~~~~~~~~~~~~
In file included from /home/mukesh_lof/projects/lof-titan/firmware/micropython/ports/esp32/mpconfigport.h:5:
/home/mukesh_lof/projects/lof-titan/firmware/micropython/ports/esp32/boards/LOF_TITAN/mpconfigboard.h:13:9: note: this is the location of the previous definition
   13 | #define MICROPY_PY_OS_DUPTERM               (2)
      |         ^~~~~~~~~~~~~~~~~~~~~
In file included from /home/mukesh_lof/projects/lof-titan/firmware/micropython/py/mpconfig.h:100,
                 from /home/mukesh_lof/projects/lof-titan/firmware/micropython/py/obj.h:31,
                 from /home/mukesh_lof/projects/lof-titan/firmware/micropython/py/objstr.h:29,
                 from /home/mukesh_lof/projects/lof-titan/firmware/micropython/py/objstrunicode.c:31:
/home/mukesh_lof/projects/lof-titan/firmware/micropython/ports/esp32/mpconfigport.h:115:9: warning: "MICROPY_PY_OS_DUPTERM" redefined
  115 | #define MICROPY_PY_OS_DUPTERM               (1)
      |         ^~~~~~~~~~~~~~~~~~~~~
In file included from /home/mukesh_lof/projects/lof-titan/firmware/micropython/ports/esp32/mpconfigport.h:5:
/home/mukesh_lof/projects/lof-titan/firmware/micropython/ports/esp32/boards/LOF_TITAN/mpconfigboard.h:13:9: note: this is the location of the previous definition
   13 | #define MICROPY_PY_OS_DUPTERM               (2)
      |         ^~~~~~~~~~~~~~~~~~~~~
In file included from /home/mukesh_lof/projects/lof-titan/firmware/micropython/py/mpconfig.h:100,
                 from /home/mukesh_lof/projects/lof-titan/firmware/micropython/py/obj.h:31,
                 from /home/mukesh_lof/projects/lof-titan/firmware/micropython/py/builtin.h:29,
                 from /home/mukesh_lof/projects/lof-titan/firmware/micropython/py/modarray.c:27:
/home/mukesh_lof/projects/lof-titan/firmware/micropython/ports/esp32/mpconfigport.h:115:9: warning: "MICROPY_PY_OS_DUPTERM" redefined
  115 | #define MICROPY_PY_OS_DUPTERM               (1)
      |         ^~~~~~~~~~~~~~~~~~~~~
In file included from /home/mukesh_lof/projects/lof-titan/firmware/micropython/ports/esp32/mpconfigport.h:5:
/home/mukesh_lof/projects/lof-titan/firmware/micropython/ports/esp32/boards/LOF_TITAN/mpconfigboard.h:13:9: note: this is the location of the previous definition
   13 | #define MICROPY_PY_OS_DUPTERM               (2)
      |         ^~~~~~~~~~~~~~~~~~~~~
In file included from /home/mukesh_lof/projects/lof-titan/firmware/micropython/py/mpconfig.h:100,
                 from /home/mukesh_lof/projects/lof-titan/firmware/micropython/py/mphal.h:31,
                 from /home/mukesh_lof/projects/lof-titan/firmware/micropython/ports/esp32/adc.c:28:
/home/mukesh_lof/projects/lof-titan/firmware/micropython/ports/esp32/mpconfigport.h:115:9: warning: "MICROPY_PY_OS_DUPTERM" redefined
  115 | #define MICROPY_PY_OS_DUPTERM               (1)
      |         ^~~~~~~~~~~~~~~~~~~~~
In file included from /home/mukesh_lof/projects/lof-titan/firmware/micropython/ports/esp32/mpconfigport.h:5:
/home/mukesh_lof/projects/lof-titan/firmware/micropython/ports/esp32/boards/LOF_TITAN/mpconfigboard.h:13:9: note: this is the location of the previous definition
   13 | #define MICROPY_PY_OS_DUPTERM               (2)
      |         ^~~~~~~~~~~~~~~~~~~~~
In file included from /home/mukesh_lof/projects/lof-titan/firmware/micropython/py/mpconfig.h:100,
                 from /home/mukesh_lof/projects/lof-titan/firmware/micropython/py/mpstate.h:31,
                 from /home/mukesh_lof/projects/lof-titan/firmware/micropython/py/nlrrv32.c:27:
/home/mukesh_lof/projects/lof-titan/firmware/micropython/ports/esp32/mpconfigport.h:115:9: warning: "MICROPY_PY_OS_DUPTERM" redefined
  115 | #define MICROPY_PY_OS_DUPTERM               (1)
      |         ^~~~~~~~~~~~~~~~~~~~~
In file included from /home/mukesh_lof/projects/lof-titan/firmware/micropython/ports/esp32/mpconfigport.h:5:
/home/mukesh_lof/projects/lof-titan/firmware/micropython/ports/esp32/boards/LOF_TITAN/mpconfigboard.h:13:9: note: this is the location of the previous definition
   13 | #define MICROPY_PY_OS_DUPTERM               (2)
      |         ^~~~~~~~~~~~~~~~~~~~~
In file included from /home/mukesh_lof/projects/lof-titan/firmware/micropython/py/mpconfig.h:100,
                 from /home/mukesh_lof/projects/lof-titan/firmware/micropython/py/mpstate.h:31,
                 from /home/mukesh_lof/projects/lof-titan/firmware/micropython/py/runtime.h:29,
                 from /home/mukesh_lof/projects/lof-titan/firmware/micropython/py/sequence.c:30:
/home/mukesh_lof/projects/lof-titan/firmware/micropython/ports/esp32/mpconfigport.h:115:9: warning: "MICROPY_PY_OS_DUPTERM" redefined
  115 | #define MICROPY_PY_OS_DUPTERM               (1)
      |         ^~~~~~~~~~~~~~~~~~~~~
In file included from /home/mukesh_lof/projects/lof-titan/firmware/micropython/ports/esp32/mpconfigport.h:5:
/home/mukesh_lof/projects/lof-titan/firmware/micropython/ports/esp32/boards/LOF_TITAN/mpconfigboard.h:13:9: note: this is the location of the previous definition
   13 | #define MICROPY_PY_OS_DUPTERM               (2)
      |         ^~~~~~~~~~~~~~~~~~~~~
In file included from /home/mukesh_lof/projects/lof-titan/firmware/micropython/py/mpconfig.h:100,
                 from /home/mukesh_lof/projects/lof-titan/firmware/micropython/py/mpstate.h:31,
                 from /home/mukesh_lof/projects/lof-titan/firmware/micropython/py/runtime.h:29,
                 from /home/mukesh_lof/projects/lof-titan/firmware/micropython/extmod/modrandom.c:30:
/home/mukesh_lof/projects/lof-titan/firmware/micropython/ports/esp32/mpconfigport.h:115:9: warning: "MICROPY_PY_OS_DUPTERM" redefined
  115 | #define MICROPY_PY_OS_DUPTERM               (1)
      |         ^~~~~~~~~~~~~~~~~~~~~
In file included from /home/mukesh_lof/projects/lof-titan/firmware/micropython/py/mpconfig.h:100,
                 from /home/mukesh_lof/projects/lof-titan/firmware/micropython/py/obj.h:31,
                 from /home/mukesh_lof/projects/lof-titan/firmware/micropython/py/emitglue.h:29,
                 from /home/mukesh_lof/projects/lof-titan/firmware/micropython/py/objfun.c:31:
/home/mukesh_lof/projects/lof-titan/firmware/micropython/ports/esp32/mpconfigport.h:115:9: warning: "MICROPY_PY_OS_DUPTERM" redefined
  115 | #define MICROPY_PY_OS_DUPTERM               (1)
      |         ^~~~~~~~~~~~~~~~~~~~~
In file included from /home/mukesh_lof/projects/lof-titan/firmware/micropython/ports/esp32/mpconfigport.h:5:
/home/mukesh_lof/projects/lof-titan/firmware/micropython/ports/esp32/boards/LOF_TITAN/mpconfigboard.h:13:9: note: this is the location of the previous definition
   13 | #define MICROPY_PY_OS_DUPTERM               (2)
      |         ^~~~~~~~~~~~~~~~~~~~~
In file included from /home/mukesh_lof/projects/lof-titan/firmware/micropython/ports/esp32/mpconfigport.h:5:
/home/mukesh_lof/projects/lof-titan/firmware/micropython/ports/esp32/boards/LOF_TITAN/mpconfigboard.h:13:9: note: this is the location of the previous definition
   13 | #define MICROPY_PY_OS_DUPTERM               (2)
      |         ^~~~~~~~~~~~~~~~~~~~~
In file included from /home/mukesh_lof/projects/lof-titan/firmware/micropython/py/mpconfig.h:100,
                 from /home/mukesh_lof/projects/lof-titan/firmware/micropython/py/obj.h:31,
                 from /home/mukesh_lof/projects/lof-titan/firmware/micropython/py/parse.h:32,
                 from /home/mukesh_lof/projects/lof-titan/firmware/micropython/py/scope.h:29,
                 from /home/mukesh_lof/projects/lof-titan/firmware/micropython/py/compile.c:33:
/home/mukesh_lof/projects/lof-titan/firmware/micropython/ports/esp32/mpconfigport.h:115:9: warning: "MICROPY_PY_OS_DUPTERM" redefined
  115 | #define MICROPY_PY_OS_DUPTERM               (1)
      |         ^~~~~~~~~~~~~~~~~~~~~
In file included from /home/mukesh_lof/projects/lof-titan/firmware/micropython/ports/esp32/mpconfigport.h:5:
/home/mukesh_lof/projects/lof-titan/firmware/micropython/ports/esp32/boards/LOF_TITAN/mpconfigboard.h:13:9: note: this is the location of the previous definition
   13 | #define MICROPY_PY_OS_DUPTERM               (2)
      |         ^~~~~~~~~~~~~~~~~~~~~
In file included from /home/mukesh_lof/projects/lof-titan/firmware/micropython/py/mpconfig.h:100,
                 from /home/mukesh_lof/projects/lof-titan/firmware/micropython/py/mpstate.h:31,
                 from /home/mukesh_lof/projects/lof-titan/firmware/micropython/py/runtime.h:29,
                 from /home/mukesh_lof/projects/lof-titan/firmware/micropython/py/objtemplate.c:28:
/home/mukesh_lof/projects/lof-titan/firmware/micropython/ports/esp32/mpconfigport.h:115:9: warning: "MICROPY_PY_OS_DUPTERM" redefined
  115 | #define MICROPY_PY_OS_DUPTERM               (1)
      |         ^~~~~~~~~~~~~~~~~~~~~
In file included from /home/mukesh_lof/projects/lof-titan/firmware/micropython/ports/esp32/mpconfigport.h:5:
/home/mukesh_lof/projects/lof-titan/firmware/micropython/ports/esp32/boards/LOF_TITAN/mpconfigboard.h:13:9: note: this is the location of the previous definition
   13 | #define MICROPY_PY_OS_DUPTERM               (2)
      |         ^~~~~~~~~~~~~~~~~~~~~
In file included from /home/mukesh_lof/projects/lof-titan/firmware/micropython/py/mpconfig.h:100,
                 from /home/mukesh_lof/projects/lof-titan/firmware/micropython/py/mpstate.h:31,
                 from /home/mukesh_lof/projects/lof-titan/firmware/micropython/py/runtime.h:29,
                 from /home/mukesh_lof/projects/lof-titan/firmware/micropython/extmod/vfs_lfs.c:27:
/home/mukesh_lof/projects/lof-titan/firmware/micropython/ports/esp32/mpconfigport.h:115:9: warning: "MICROPY_PY_OS_DUPTERM" redefined
  115 | #define MICROPY_PY_OS_DUPTERM               (1)
      |         ^~~~~~~~~~~~~~~~~~~~~
In file included from /home/mukesh_lof/projects/lof-titan/firmware/micropython/ports/esp32/mpconfigport.h:5:
/home/mukesh_lof/projects/lof-titan/firmware/micropython/ports/esp32/boards/LOF_TITAN/mpconfigboard.h:13:9: note: this is the location of the previous definition
   13 | #define MICROPY_PY_OS_DUPTERM               (2)
      |         ^~~~~~~~~~~~~~~~~~~~~
In file included from /home/mukesh_lof/projects/lof-titan/firmware/micropython/py/mpconfig.h:100,
                 from /home/mukesh_lof/projects/lof-titan/firmware/micropython/py/smallint.h:29,
                 from /home/mukesh_lof/projects/lof-titan/firmware/micropython/py/modbuiltins.c:30:
/home/mukesh_lof/projects/lof-titan/firmware/micropython/ports/esp32/mpconfigport.h:115:9: warning: "MICROPY_PY_OS_DUPTERM" redefined
  115 | #define MICROPY_PY_OS_DUPTERM               (1)
      |         ^~~~~~~~~~~~~~~~~~~~~
In file included from /home/mukesh_lof/projects/lof-titan/firmware/micropython/ports/esp32/mpconfigport.h:5:
/home/mukesh_lof/projects/lof-titan/firmware/micropython/ports/esp32/boards/LOF_TITAN/mpconfigboard.h:13:9: note: this is the location of the previous definition
   13 | #define MICROPY_PY_OS_DUPTERM               (2)
      |         ^~~~~~~~~~~~~~~~~~~~~
In file included from /home/mukesh_lof/projects/lof-titan/firmware/micropython/py/mpconfig.h:100,
                 from /home/mukesh_lof/projects/lof-titan/firmware/micropython/py/mpstate.h:31,
                 from /home/mukesh_lof/projects/lof-titan/firmware/micropython/py/runtime.h:29,
                 from /home/mukesh_lof/projects/lof-titan/firmware/micropython/extmod/machine_pwm.c:27:
/home/mukesh_lof/projects/lof-titan/firmware/micropython/ports/esp32/mpconfigport.h:115:9: warning: "MICROPY_PY_OS_DUPTERM" redefined
  115 | #define MICROPY_PY_OS_DUPTERM               (1)
      |         ^~~~~~~~~~~~~~~~~~~~~
In file included from /home/mukesh_lof/projects/lof-titan/firmware/micropython/ports/esp32/mpconfigport.h:5:
/home/mukesh_lof/projects/lof-titan/firmware/micropython/ports/esp32/boards/LOF_TITAN/mpconfigboard.h:13:9: note: this is the location of the previous definition
   13 | #define MICROPY_PY_OS_DUPTERM               (2)
      |         ^~~~~~~~~~~~~~~~~~~~~
In file included from /home/mukesh_lof/projects/lof-titan/firmware/micropython/py/mpconfig.h:100,
                 from /home/mukesh_lof/projects/lof-titan/firmware/micropython/py/obj.h:31,
                 from /home/mukesh_lof/projects/lof-titan/firmware/micropython/py/objlist.h:29,
                 from /home/mukesh_lof/projects/lof-titan/firmware/micropython/ports/esp32/network_wlan.c:36:
/home/mukesh_lof/projects/lof-titan/firmware/micropython/ports/esp32/mpconfigport.h:115:9: warning: "MICROPY_PY_OS_DUPTERM" redefined
  115 | #define MICROPY_PY_OS_DUPTERM               (1)
      |         ^~~~~~~~~~~~~~~~~~~~~
In file included from /home/mukesh_lof/projects/lof-titan/firmware/micropython/ports/esp32/mpconfigport.h:5:
/home/mukesh_lof/projects/lof-titan/firmware/micropython/ports/esp32/boards/LOF_TITAN/mpconfigboard.h:13:9: note: this is the location of the previous definition
   13 | #define MICROPY_PY_OS_DUPTERM               (2)
      |         ^~~~~~~~~~~~~~~~~~~~~
In file included from /home/mukesh_lof/projects/lof-titan/firmware/micropython/py/mpconfig.h:100,
                 from /home/mukesh_lof/projects/lof-titan/firmware/micropython/py/mpstate.h:31,
                 from /home/mukesh_lof/projects/lof-titan/firmware/micropython/py/nlrrv64.c:27:
/home/mukesh_lof/projects/lof-titan/firmware/micropython/ports/esp32/mpconfigport.h:115:9: warning: "MICROPY_PY_OS_DUPTERM" redefined
  115 | #define MICROPY_PY_OS_DUPTERM               (1)
      |         ^~~~~~~~~~~~~~~~~~~~~
In file included from /home/mukesh_lof/projects/lof-titan/firmware/micropython/ports/esp32/mpconfigport.h:5:
/home/mukesh_lof/projects/lof-titan/firmware/micropython/ports/esp32/boards/LOF_TITAN/mpconfigboard.h:13:9: note: this is the location of the previous definition
   13 | #define MICROPY_PY_OS_DUPTERM               (2)
      |         ^~~~~~~~~~~~~~~~~~~~~
In file included from /home/mukesh_lof/projects/lof-titan/firmware/micropython/py/mpconfig.h:100,
                 from /home/mukesh_lof/projects/lof-titan/firmware/micropython/py/obj.h:31,
                 from /home/mukesh_lof/projects/lof-titan/firmware/micropython/py/emitglue.h:29,
                 from /home/mukesh_lof/projects/lof-titan/firmware/micropython/py/showbc.c:31:
/home/mukesh_lof/projects/lof-titan/firmware/micropython/ports/esp32/mpconfigport.h:115:9: warning: "MICROPY_PY_OS_DUPTERM" redefined
  115 | #define MICROPY_PY_OS_DUPTERM               (1)
      |         ^~~~~~~~~~~~~~~~~~~~~
In file included from /home/mukesh_lof/projects/lof-titan/firmware/micropython/ports/esp32/mpconfigport.h:5:
/home/mukesh_lof/projects/lof-titan/firmware/micropython/ports/esp32/boards/LOF_TITAN/mpconfigboard.h:13:9: note: this is the location of the previous definition
   13 | #define MICROPY_PY_OS_DUPTERM               (2)
      |         ^~~~~~~~~~~~~~~~~~~~~
In file included from /home/mukesh_lof/projects/lof-titan/firmware/micropython/py/mpconfig.h:100,
                 from /home/mukesh_lof/projects/lof-titan/firmware/micropython/py/mpstate.h:31,
                 from /home/mukesh_lof/projects/lof-titan/firmware/micropython/py/runtime.h:29,
                 from /home/mukesh_lof/projects/lof-titan/firmware/micropython/py/objgenerator.c:31:
/home/mukesh_lof/projects/lof-titan/firmware/micropython/ports/esp32/mpconfigport.h:115:9: warning: "MICROPY_PY_OS_DUPTERM" redefined
  115 | #define MICROPY_PY_OS_DUPTERM               (1)
      |         ^~~~~~~~~~~~~~~~~~~~~
In file included from /home/mukesh_lof/projects/lof-titan/firmware/micropython/ports/esp32/mpconfigport.h:5:
/home/mukesh_lof/projects/lof-titan/firmware/micropython/ports/esp32/boards/LOF_TITAN/mpconfigboard.h:13:9: note: this is the location of the previous definition
   13 | #define MICROPY_PY_OS_DUPTERM               (2)
      |         ^~~~~~~~~~~~~~~~~~~~~
In file included from /home/mukesh_lof/projects/lof-titan/firmware/micropython/py/mpconfig.h:100,
                 from /home/mukesh_lof/projects/lof-titan/firmware/micropython/py/mpstate.h:31,
                 from /home/mukesh_lof/projects/lof-titan/firmware/micropython/py/runtime.h:29,
                 from /home/mukesh_lof/projects/lof-titan/firmware/micropython/extmod/modre.c:31:
/home/mukesh_lof/projects/lof-titan/firmware/micropython/ports/esp32/mpconfigport.h:115:9: warning: "MICROPY_PY_OS_DUPTERM" redefined
  115 | #define MICROPY_PY_OS_DUPTERM               (1)
      |         ^~~~~~~~~~~~~~~~~~~~~
In file included from /home/mukesh_lof/projects/lof-titan/firmware/micropython/ports/esp32/mpconfigport.h:5:
/home/mukesh_lof/projects/lof-titan/firmware/micropython/ports/esp32/boards/LOF_TITAN/mpconfigboard.h:13:9: note: this is the location of the previous definition
   13 | #define MICROPY_PY_OS_DUPTERM               (2)
      |         ^~~~~~~~~~~~~~~~~~~~~
In file included from /home/mukesh_lof/projects/lof-titan/firmware/micropython/py/mpconfig.h:100,
                 from /home/mukesh_lof/projects/lof-titan/firmware/micropython/py/mpstate.h:31,
                 from /home/mukesh_lof/projects/lof-titan/firmware/micropython/py/runtime.h:29,
                 from /home/mukesh_lof/projects/lof-titan/firmware/micropython/py/cstack.c:28:
/home/mukesh_lof/projects/lof-titan/firmware/micropython/ports/esp32/mpconfigport.h:115:9: warning: "MICROPY_PY_OS_DUPTERM" redefined
  115 | #define MICROPY_PY_OS_DUPTERM               (1)
      |         ^~~~~~~~~~~~~~~~~~~~~
In file included from /home/mukesh_lof/projects/lof-titan/firmware/micropython/ports/esp32/mpconfigport.h:5:
/home/mukesh_lof/projects/lof-titan/firmware/micropython/ports/esp32/boards/LOF_TITAN/mpconfigboard.h:13:9: note: this is the location of the previous definition
   13 | #define MICROPY_PY_OS_DUPTERM               (2)
      |         ^~~~~~~~~~~~~~~~~~~~~
In file included from /home/mukesh_lof/projects/lof-titan/firmware/micropython/py/mpconfig.h:100,
                 from /home/mukesh_lof/projects/lof-titan/firmware/micropython/py/mpstate.h:31,
                 from /home/mukesh_lof/projects/lof-titan/firmware/micropython/py/cstack.h:30,
                 from /home/mukesh_lof/projects/lof-titan/firmware/micropython/ports/esp32/main.c:46:
/home/mukesh_lof/projects/lof-titan/firmware/micropython/ports/esp32/mpconfigport.h:115:9: warning: "MICROPY_PY_OS_DUPTERM" redefined
  115 | #define MICROPY_PY_OS_DUPTERM               (1)
      |         ^~~~~~~~~~~~~~~~~~~~~
In file included from /home/mukesh_lof/projects/lof-titan/firmware/micropython/ports/esp32/mpconfigport.h:5:
/home/mukesh_lof/projects/lof-titan/firmware/micropython/ports/esp32/boards/LOF_TITAN/mpconfigboard.h:13:9: note: this is the location of the previous definition
   13 | #define MICROPY_PY_OS_DUPTERM               (2)
      |         ^~~~~~~~~~~~~~~~~~~~~
In file included from /home/mukesh_lof/projects/lof-titan/firmware/micropython/py/mpconfig.h:100,
                 from /home/mukesh_lof/projects/lof-titan/firmware/micropython/py/obj.h:31,
                 from /home/mukesh_lof/projects/lof-titan/firmware/micropython/py/objtuple.h:29,
                 from /home/mukesh_lof/projects/lof-titan/firmware/micropython/py/objtuple.c:31:
/home/mukesh_lof/projects/lof-titan/firmware/micropython/ports/esp32/mpconfigport.h:115:9: warning: "MICROPY_PY_OS_DUPTERM" redefined
  115 | #define MICROPY_PY_OS_DUPTERM               (1)
      |         ^~~~~~~~~~~~~~~~~~~~~
In file included from /home/mukesh_lof/projects/lof-titan/firmware/micropython/ports/esp32/mpconfigport.h:5:
/home/mukesh_lof/projects/lof-titan/firmware/micropython/ports/esp32/boards/LOF_TITAN/mpconfigboard.h:13:9: note: this is the location of the previous definition
   13 | #define MICROPY_PY_OS_DUPTERM               (2)
      |         ^~~~~~~~~~~~~~~~~~~~~
In file included from /home/mukesh_lof/projects/lof-titan/firmware/micropython/py/mpconfig.h:100,
                 from /home/mukesh_lof/projects/lof-titan/firmware/micropython/py/obj.h:31,
                 from /home/mukesh_lof/projects/lof-titan/firmware/micropython/py/builtin.h:29,
                 from /home/mukesh_lof/projects/lof-titan/firmware/micropython/py/modcmath.c:27:
/home/mukesh_lof/projects/lof-titan/firmware/micropython/ports/esp32/mpconfigport.h:115:9: warning: "MICROPY_PY_OS_DUPTERM" redefined
  115 | #define MICROPY_PY_OS_DUPTERM               (1)
      |         ^~~~~~~~~~~~~~~~~~~~~
In file included from /home/mukesh_lof/projects/lof-titan/firmware/micropython/ports/esp32/mpconfigport.h:5:
/home/mukesh_lof/projects/lof-titan/firmware/micropython/ports/esp32/boards/LOF_TITAN/mpconfigboard.h:13:9: note: this is the location of the previous definition
   13 | #define MICROPY_PY_OS_DUPTERM               (2)
      |         ^~~~~~~~~~~~~~~~~~~~~
In file included from /home/mukesh_lof/projects/lof-titan/firmware/micropython/py/mpconfig.h:100,
                 from /home/mukesh_lof/projects/lof-titan/firmware/micropython/py/mpstate.h:31,
                 from /home/mukesh_lof/projects/lof-titan/firmware/micropython/py/runtime.h:29,
                 from /home/mukesh_lof/projects/lof-titan/firmware/micropython/py/bc.h:30,
                 from /home/mukesh_lof/projects/lof-titan/firmware/micropython/extmod/vfs_rom.c:74:
/home/mukesh_lof/projects/lof-titan/firmware/micropython/ports/esp32/mpconfigport.h:115:9: warning: "MICROPY_PY_OS_DUPTERM" redefined
  115 | #define MICROPY_PY_OS_DUPTERM               (1)
      |         ^~~~~~~~~~~~~~~~~~~~~
In file included from /home/mukesh_lof/projects/lof-titan/firmware/micropython/ports/esp32/mpconfigport.h:5:
/home/mukesh_lof/projects/lof-titan/firmware/micropython/ports/esp32/boards/LOF_TITAN/mpconfigboard.h:13:9: note: this is the location of the previous definition
   13 | #define MICROPY_PY_OS_DUPTERM               (2)
      |         ^~~~~~~~~~~~~~~~~~~~~
In file included from /home/mukesh_lof/projects/lof-titan/firmware/micropython/py/mpconfig.h:100,
                 from /home/mukesh_lof/projects/lof-titan/firmware/micropython/py/mpstate.h:31,
                 from /home/mukesh_lof/projects/lof-titan/firmware/micropython/py/runtime.h:29,
                 from /home/mukesh_lof/projects/lof-titan/firmware/micropython/extmod/machine_signal.c:28:
/home/mukesh_lof/projects/lof-titan/firmware/micropython/ports/esp32/mpconfigport.h:115:9: warning: "MICROPY_PY_OS_DUPTERM" redefined
  115 | #define MICROPY_PY_OS_DUPTERM               (1)
      |         ^~~~~~~~~~~~~~~~~~~~~
In file included from /home/mukesh_lof/projects/lof-titan/firmware/micropython/ports/esp32/mpconfigport.h:5:
/home/mukesh_lof/projects/lof-titan/firmware/micropython/ports/esp32/boards/LOF_TITAN/mpconfigboard.h:13:9: note: this is the location of the previous definition
   13 | #define MICROPY_PY_OS_DUPTERM               (2)
      |         ^~~~~~~~~~~~~~~~~~~~~
In file included from /home/mukesh_lof/projects/lof-titan/firmware/micropython/py/mpconfig.h:100,
                 from /home/mukesh_lof/projects/lof-titan/firmware/micropython/py/mpstate.h:31,
                 from /home/mukesh_lof/projects/lof-titan/firmware/micropython/py/nlrsetjmp.c:27:
/home/mukesh_lof/projects/lof-titan/firmware/micropython/ports/esp32/mpconfigport.h:115:9: warning: "MICROPY_PY_OS_DUPTERM" redefined
  115 | #define MICROPY_PY_OS_DUPTERM               (1)
      |         ^~~~~~~~~~~~~~~~~~~~~
In file included from /home/mukesh_lof/projects/lof-titan/firmware/micropython/ports/esp32/mpconfigport.h:5:
/home/mukesh_lof/projects/lof-titan/firmware/micropython/ports/esp32/boards/LOF_TITAN/mpconfigboard.h:13:9: note: this is the location of the previous definition
   13 | #define MICROPY_PY_OS_DUPTERM               (2)
      |         ^~~~~~~~~~~~~~~~~~~~~
In file included from /home/mukesh_lof/projects/lof-titan/firmware/micropython/py/mpconfig.h:100,
                 from /home/mukesh_lof/projects/lof-titan/firmware/micropython/py/smallint.h:29,
                 from /home/mukesh_lof/projects/lof-titan/firmware/micropython/py/smallint.c:27:
/home/mukesh_lof/projects/lof-titan/firmware/micropython/ports/esp32/mpconfigport.h:115:9: warning: "MICROPY_PY_OS_DUPTERM" redefined
  115 | #define MICROPY_PY_OS_DUPTERM               (1)
      |         ^~~~~~~~~~~~~~~~~~~~~
In file included from /home/mukesh_lof/projects/lof-titan/firmware/micropython/ports/esp32/mpconfigport.h:5:
/home/mukesh_lof/projects/lof-titan/firmware/micropython/ports/esp32/boards/LOF_TITAN/mpconfigboard.h:13:9: note: this is the location of the previous definition
   13 | #define MICROPY_PY_OS_DUPTERM               (2)
      |         ^~~~~~~~~~~~~~~~~~~~~
In file included from /home/mukesh_lof/projects/lof-titan/firmware/micropython/py/mpconfig.h:100,
                 from /home/mukesh_lof/projects/lof-titan/firmware/micropython/py/mpstate.h:31,
                 from /home/mukesh_lof/projects/lof-titan/firmware/micropython/py/runtime.h:29,
                 from /home/mukesh_lof/projects/lof-titan/firmware/micropython/ports/esp32/mpnimbleport.c:27:
/home/mukesh_lof/projects/lof-titan/firmware/micropython/ports/esp32/mpconfigport.h:115:9: warning: "MICROPY_PY_OS_DUPTERM" redefined
  115 | #define MICROPY_PY_OS_DUPTERM               (1)
      |         ^~~~~~~~~~~~~~~~~~~~~
In file included from /home/mukesh_lof/projects/lof-titan/firmware/micropython/ports/esp32/mpconfigport.h:5:
/home/mukesh_lof/projects/lof-titan/firmware/micropython/ports/esp32/boards/LOF_TITAN/mpconfigboard.h:13:9: note: this is the location of the previous definition
   13 | #define MICROPY_PY_OS_DUPTERM               (2)
      |         ^~~~~~~~~~~~~~~~~~~~~
In file included from /home/mukesh_lof/projects/lof-titan/firmware/micropython/py/mpconfig.h:100,
                 from /home/mukesh_lof/projects/lof-titan/firmware/micropython/py/mpstate.h:31,
                 from /home/mukesh_lof/projects/lof-titan/firmware/micropython/py/runtime.h:29,
                 from /home/mukesh_lof/projects/lof-titan/firmware/micropython/py/objgetitemiter.c:29:
/home/mukesh_lof/projects/lof-titan/firmware/micropython/ports/esp32/mpconfigport.h:115:9: warning: "MICROPY_PY_OS_DUPTERM" redefined
  115 | #define MICROPY_PY_OS_DUPTERM               (1)
      |         ^~~~~~~~~~~~~~~~~~~~~
In file included from /home/mukesh_lof/projects/lof-titan/firmware/micropython/ports/esp32/mpconfigport.h:5:
/home/mukesh_lof/projects/lof-titan/firmware/micropython/ports/esp32/boards/LOF_TITAN/mpconfigboard.h:13:9: note: this is the location of the previous definition
   13 | #define MICROPY_PY_OS_DUPTERM               (2)
      |         ^~~~~~~~~~~~~~~~~~~~~
In file included from /home/mukesh_lof/projects/lof-titan/firmware/micropython/py/mpconfig.h:100,
                 from /home/mukesh_lof/projects/lof-titan/firmware/micropython/extmod/modselect.c:28:
/home/mukesh_lof/projects/lof-titan/firmware/micropython/ports/esp32/mpconfigport.h:115:9: warning: "MICROPY_PY_OS_DUPTERM" redefined
  115 | #define MICROPY_PY_OS_DUPTERM               (1)
      |         ^~~~~~~~~~~~~~~~~~~~~
In file included from /home/mukesh_lof/projects/lof-titan/firmware/micropython/ports/esp32/mpconfigport.h:5:
/home/mukesh_lof/projects/lof-titan/firmware/micropython/ports/esp32/boards/LOF_TITAN/mpconfigboard.h:13:9: note: this is the location of the previous definition
   13 | #define MICROPY_PY_OS_DUPTERM               (2)
      |         ^~~~~~~~~~~~~~~~~~~~~
In file included from /home/mukesh_lof/projects/lof-titan/firmware/micropython/py/mpconfig.h:100,
                 from /home/mukesh_lof/projects/lof-titan/firmware/micropython/py/mpstate.h:31,
                 from /home/mukesh_lof/projects/lof-titan/firmware/micropython/py/emitbc.c:34:
/home/mukesh_lof/projects/lof-titan/firmware/micropython/ports/esp32/mpconfigport.h:115:9: warning: "MICROPY_PY_OS_DUPTERM" redefined
  115 | #define MICROPY_PY_OS_DUPTERM               (1)
      |         ^~~~~~~~~~~~~~~~~~~~~
In file included from /home/mukesh_lof/projects/lof-titan/firmware/micropython/ports/esp32/mpconfigport.h:5:
/home/mukesh_lof/projects/lof-titan/firmware/micropython/ports/esp32/boards/LOF_TITAN/mpconfigboard.h:13:9: note: this is the location of the previous definition
   13 | #define MICROPY_PY_OS_DUPTERM               (2)
      |         ^~~~~~~~~~~~~~~~~~~~~
In file included from /home/mukesh_lof/projects/lof-titan/firmware/micropython/py/mpconfig.h:100,
                 from /home/mukesh_lof/projects/lof-titan/firmware/micropython/py/obj.h:31,
                 from /home/mukesh_lof/projects/lof-titan/firmware/micropython/py/objtype.h:29,
                 from /home/mukesh_lof/projects/lof-titan/firmware/micropython/py/objtype.c:33:
/home/mukesh_lof/projects/lof-titan/firmware/micropython/ports/esp32/mpconfigport.h:115:9: warning: "MICROPY_PY_OS_DUPTERM" redefined
  115 | #define MICROPY_PY_OS_DUPTERM               (1)
      |         ^~~~~~~~~~~~~~~~~~~~~
In file included from /home/mukesh_lof/projects/lof-titan/firmware/micropython/ports/esp32/mpconfigport.h:5:
/home/mukesh_lof/projects/lof-titan/firmware/micropython/ports/esp32/boards/LOF_TITAN/mpconfigboard.h:13:9: note: this is the location of the previous definition
   13 | #define MICROPY_PY_OS_DUPTERM               (2)
      |         ^~~~~~~~~~~~~~~~~~~~~
In file included from /home/mukesh_lof/projects/lof-titan/firmware/micropython/py/mpconfig.h:100,
                 from /home/mukesh_lof/projects/lof-titan/firmware/micropython/py/obj.h:31,
                 from /home/mukesh_lof/projects/lof-titan/firmware/micropython/py/builtin.h:29,
                 from /home/mukesh_lof/projects/lof-titan/firmware/micropython/py/modcollections.c:27:
/home/mukesh_lof/projects/lof-titan/firmware/micropython/ports/esp32/mpconfigport.h:115:9: warning: "MICROPY_PY_OS_DUPTERM" redefined
  115 | #define MICROPY_PY_OS_DUPTERM               (1)
      |         ^~~~~~~~~~~~~~~~~~~~~
In file included from /home/mukesh_lof/projects/lof-titan/firmware/micropython/ports/esp32/mpconfigport.h:5:
/home/mukesh_lof/projects/lof-titan/firmware/micropython/ports/esp32/boards/LOF_TITAN/mpconfigboard.h:13:9: note: this is the location of the previous definition
   13 | #define MICROPY_PY_OS_DUPTERM               (2)
      |         ^~~~~~~~~~~~~~~~~~~~~
In file included from /home/mukesh_lof/projects/lof-titan/firmware/micropython/py/mpconfig.h:100,
                 from /home/mukesh_lof/projects/lof-titan/firmware/micropython/py/obj.h:31,
                 from /home/mukesh_lof/projects/lof-titan/firmware/micropython/py/reader.h:29,
                 from /home/mukesh_lof/projects/lof-titan/firmware/micropython/extmod/vfs_rom_file.c:29:
/home/mukesh_lof/projects/lof-titan/firmware/micropython/ports/esp32/mpconfigport.h:115:9: warning: "MICROPY_PY_OS_DUPTERM" redefined
  115 | #define MICROPY_PY_OS_DUPTERM               (1)
      |         ^~~~~~~~~~~~~~~~~~~~~
In file included from /home/mukesh_lof/projects/lof-titan/firmware/micropython/ports/esp32/mpconfigport.h:5:
/home/mukesh_lof/projects/lof-titan/firmware/micropython/ports/esp32/boards/LOF_TITAN/mpconfigboard.h:13:9: note: this is the location of the previous definition
   13 | #define MICROPY_PY_OS_DUPTERM               (2)
      |         ^~~~~~~~~~~~~~~~~~~~~
In file included from /home/mukesh_lof/projects/lof-titan/firmware/micropython/py/mpconfig.h:100,
                 from /home/mukesh_lof/projects/lof-titan/firmware/micropython/py/mpstate.h:31,
                 from /home/mukesh_lof/projects/lof-titan/firmware/micropython/py/runtime.h:29,
                 from /home/mukesh_lof/projects/lof-titan/firmware/micropython/py/stackctrl.c:29:
/home/mukesh_lof/projects/lof-titan/firmware/micropython/ports/esp32/mpconfigport.h:115:9: warning: "MICROPY_PY_OS_DUPTERM" redefined
  115 | #define MICROPY_PY_OS_DUPTERM               (1)
      |         ^~~~~~~~~~~~~~~~~~~~~
In file included from /home/mukesh_lof/projects/lof-titan/firmware/micropython/ports/esp32/mpconfigport.h:5:
/home/mukesh_lof/projects/lof-titan/firmware/micropython/ports/esp32/boards/LOF_TITAN/mpconfigboard.h:13:9: note: this is the location of the previous definition
   13 | #define MICROPY_PY_OS_DUPTERM               (2)
      |         ^~~~~~~~~~~~~~~~~~~~~
In file included from /home/mukesh_lof/projects/lof-titan/firmware/micropython/py/mpconfig.h:100,
                 from /home/mukesh_lof/projects/lof-titan/firmware/micropython/py/mpstate.h:31,
                 from /home/mukesh_lof/projects/lof-titan/firmware/micropython/py/nlrthumb.c:27:
/home/mukesh_lof/projects/lof-titan/firmware/micropython/ports/esp32/mpconfigport.h:115:9: warning: "MICROPY_PY_OS_DUPTERM" redefined
  115 | #define MICROPY_PY_OS_DUPTERM               (1)
      |         ^~~~~~~~~~~~~~~~~~~~~
In file included from /home/mukesh_lof/projects/lof-titan/firmware/micropython/ports/esp32/mpconfigport.h:5:
/home/mukesh_lof/projects/lof-titan/firmware/micropython/ports/esp32/boards/LOF_TITAN/mpconfigboard.h:13:9: note: this is the location of the previous definition
   13 | #define MICROPY_PY_OS_DUPTERM               (2)
      |         ^~~~~~~~~~~~~~~~~~~~~
In file included from /home/mukesh_lof/projects/lof-titan/firmware/micropython/py/mpconfig.h:100,
                 from /home/mukesh_lof/projects/lof-titan/firmware/micropython/py/lexer.h:31,
                 from /home/mukesh_lof/projects/lof-titan/firmware/micropython/py/emit.h:29,
                 from /home/mukesh_lof/projects/lof-titan/firmware/micropython/py/emitcommon.c:30:
/home/mukesh_lof/projects/lof-titan/firmware/micropython/ports/esp32/mpconfigport.h:115:9: warning: "MICROPY_PY_OS_DUPTERM" redefined
  115 | #define MICROPY_PY_OS_DUPTERM               (1)
      |         ^~~~~~~~~~~~~~~~~~~~~
In file included from /home/mukesh_lof/projects/lof-titan/firmware/micropython/ports/esp32/mpconfigport.h:5:
/home/mukesh_lof/projects/lof-titan/firmware/micropython/ports/esp32/boards/LOF_TITAN/mpconfigboard.h:13:9: note: this is the location of the previous definition
   13 | #define MICROPY_PY_OS_DUPTERM               (2)
      |         ^~~~~~~~~~~~~~~~~~~~~
In file included from /home/mukesh_lof/projects/lof-titan/firmware/micropython/py/mpconfig.h:100,
                 from /home/mukesh_lof/projects/lof-titan/firmware/micropython/py/mpstate.h:31,
                 from /home/mukesh_lof/projects/lof-titan/firmware/micropython/py/runtime.h:29,
                 from /home/mukesh_lof/projects/lof-titan/firmware/micropython/extmod/machine_spi.c:30:
/home/mukesh_lof/projects/lof-titan/firmware/micropython/ports/esp32/mpconfigport.h:115:9: warning: "MICROPY_PY_OS_DUPTERM" redefined
  115 | #define MICROPY_PY_OS_DUPTERM               (1)
      |         ^~~~~~~~~~~~~~~~~~~~~
In file included from /home/mukesh_lof/projects/lof-titan/firmware/micropython/ports/esp32/mpconfigport.h:5:
/home/mukesh_lof/projects/lof-titan/firmware/micropython/ports/esp32/boards/LOF_TITAN/mpconfigboard.h:13:9: note: this is the location of the previous definition
   13 | #define MICROPY_PY_OS_DUPTERM               (2)
      |         ^~~~~~~~~~~~~~~~~~~~~
In file included from /home/mukesh_lof/projects/lof-titan/firmware/micropython/py/mpconfig.h:100,
                 from /home/mukesh_lof/projects/lof-titan/firmware/micropython/py/parsenum.h:29,
                 from /home/mukesh_lof/projects/lof-titan/firmware/micropython/py/objint.c:31:
/home/mukesh_lof/projects/lof-titan/firmware/micropython/ports/esp32/mpconfigport.h:115:9: warning: "MICROPY_PY_OS_DUPTERM" redefined
  115 | #define MICROPY_PY_OS_DUPTERM               (1)
      |         ^~~~~~~~~~~~~~~~~~~~~
In file included from /home/mukesh_lof/projects/lof-titan/firmware/micropython/ports/esp32/mpconfigport.h:5:
/home/mukesh_lof/projects/lof-titan/firmware/micropython/ports/esp32/boards/LOF_TITAN/mpconfigboard.h:13:9: note: this is the location of the previous definition
   13 | #define MICROPY_PY_OS_DUPTERM               (2)
      |         ^~~~~~~~~~~~~~~~~~~~~
In file included from /home/mukesh_lof/projects/lof-titan/firmware/micropython/py/mpconfig.h:100,
                 from /home/mukesh_lof/projects/lof-titan/firmware/micropython/py/obj.h:31,
                 from /home/mukesh_lof/projects/lof-titan/firmware/micropython/py/objtuple.h:29,
                 from /home/mukesh_lof/projects/lof-titan/firmware/micropython/py/objzip.c:30:
/home/mukesh_lof/projects/lof-titan/firmware/micropython/ports/esp32/mpconfigport.h:115:9: warning: "MICROPY_PY_OS_DUPTERM" redefined
  115 | #define MICROPY_PY_OS_DUPTERM               (1)
      |         ^~~~~~~~~~~~~~~~~~~~~
In file included from /home/mukesh_lof/projects/lof-titan/firmware/micropython/ports/esp32/mpconfigport.h:5:
/home/mukesh_lof/projects/lof-titan/firmware/micropython/ports/esp32/boards/LOF_TITAN/mpconfigboard.h:13:9: note: this is the location of the previous definition
   13 | #define MICROPY_PY_OS_DUPTERM               (2)
      |         ^~~~~~~~~~~~~~~~~~~~~
In file included from /home/mukesh_lof/projects/lof-titan/firmware/micropython/py/mpconfig.h:100,
                 from /home/mukesh_lof/projects/lof-titan/firmware/micropython/py/mpprint.h:29,
                 from /home/mukesh_lof/projects/lof-titan/firmware/micropython/py/gc.h:31,
                 from /home/mukesh_lof/projects/lof-titan/firmware/micropython/ports/esp32/modsocket.c:39:
/home/mukesh_lof/projects/lof-titan/firmware/micropython/ports/esp32/mpconfigport.h:115:9: warning: "MICROPY_PY_OS_DUPTERM" redefined
  115 | #define MICROPY_PY_OS_DUPTERM               (1)
      |         ^~~~~~~~~~~~~~~~~~~~~
In file included from /home/mukesh_lof/projects/lof-titan/firmware/micropython/ports/esp32/mpconfigport.h:5:
/home/mukesh_lof/projects/lof-titan/firmware/micropython/ports/esp32/boards/LOF_TITAN/mpconfigboard.h:13:9: note: this is the location of the previous definition
   13 | #define MICROPY_PY_OS_DUPTERM               (2)
      |         ^~~~~~~~~~~~~~~~~~~~~
In file included from /home/mukesh_lof/projects/lof-titan/firmware/micropython/py/mpconfig.h:100,
                 from /home/mukesh_lof/projects/lof-titan/firmware/micropython/py/mpstate.h:31,
                 from /home/mukesh_lof/projects/lof-titan/firmware/micropython/py/modgc.c:27:
/home/mukesh_lof/projects/lof-titan/firmware/micropython/ports/esp32/mpconfigport.h:115:9: warning: "MICROPY_PY_OS_DUPTERM" redefined
  115 | #define MICROPY_PY_OS_DUPTERM               (1)
      |         ^~~~~~~~~~~~~~~~~~~~~
In file included from /home/mukesh_lof/projects/lof-titan/firmware/micropython/ports/esp32/mpconfigport.h:5:
/home/mukesh_lof/projects/lof-titan/firmware/micropython/ports/esp32/boards/LOF_TITAN/mpconfigboard.h:13:9: note: this is the location of the previous definition
   13 | #define MICROPY_PY_OS_DUPTERM               (2)
      |         ^~~~~~~~~~~~~~~~~~~~~
In file included from /home/mukesh_lof/projects/lof-titan/firmware/micropython/py/mpconfig.h:100,
                 from /home/mukesh_lof/projects/lof-titan/firmware/micropython/py/obj.h:31,
                 from /home/mukesh_lof/projects/lof-titan/firmware/micropython/py/objtuple.h:29,
                 from /home/mukesh_lof/projects/lof-titan/firmware/micropython/extmod/modsocket.c:30:
/home/mukesh_lof/projects/lof-titan/firmware/micropython/ports/esp32/mpconfigport.h:115:9: warning: "MICROPY_PY_OS_DUPTERM" redefined
  115 | #define MICROPY_PY_OS_DUPTERM               (1)
      |         ^~~~~~~~~~~~~~~~~~~~~
In file included from /home/mukesh_lof/projects/lof-titan/firmware/micropython/ports/esp32/mpconfigport.h:5:
/home/mukesh_lof/projects/lof-titan/firmware/micropython/ports/esp32/boards/LOF_TITAN/mpconfigboard.h:13:9: note: this is the location of the previous definition
   13 | #define MICROPY_PY_OS_DUPTERM               (2)
      |         ^~~~~~~~~~~~~~~~~~~~~
In file included from /home/mukesh_lof/projects/lof-titan/firmware/micropython/py/mpconfig.h:100,
                 from /home/mukesh_lof/projects/lof-titan/firmware/micropython/py/mpstate.h:31,
                 from /home/mukesh_lof/projects/lof-titan/firmware/micropython/py/runtime.h:29,
                 from /home/mukesh_lof/projects/lof-titan/firmware/micropython/extmod/vfs_posix.c:27:
/home/mukesh_lof/projects/lof-titan/firmware/micropython/ports/esp32/mpconfigport.h:115:9: warning: "MICROPY_PY_OS_DUPTERM" redefined
  115 | #define MICROPY_PY_OS_DUPTERM               (1)
      |         ^~~~~~~~~~~~~~~~~~~~~
In file included from /home/mukesh_lof/projects/lof-titan/firmware/micropython/ports/esp32/mpconfigport.h:5:
/home/mukesh_lof/projects/lof-titan/firmware/micropython/ports/esp32/boards/LOF_TITAN/mpconfigboard.h:13:9: note: this is the location of the previous definition
   13 | #define MICROPY_PY_OS_DUPTERM               (2)
      |         ^~~~~~~~~~~~~~~~~~~~~
In file included from /home/mukesh_lof/projects/lof-titan/firmware/micropython/py/mpconfig.h:100,
                 from /home/mukesh_lof/projects/lof-titan/firmware/micropython/py/mpstate.h:31,
                 from /home/mukesh_lof/projects/lof-titan/firmware/micropython/py/nlrx64.c:27:
/home/mukesh_lof/projects/lof-titan/firmware/micropython/ports/esp32/mpconfigport.h:115:9: warning: "MICROPY_PY_OS_DUPTERM" redefined
  115 | #define MICROPY_PY_OS_DUPTERM               (1)
      |         ^~~~~~~~~~~~~~~~~~~~~
In file included from /home/mukesh_lof/projects/lof-titan/firmware/micropython/ports/esp32/mpconfigport.h:5:
/home/mukesh_lof/projects/lof-titan/firmware/micropython/ports/esp32/boards/LOF_TITAN/mpconfigboard.h:13:9: note: this is the location of the previous definition
   13 | #define MICROPY_PY_OS_DUPTERM               (2)
      |         ^~~~~~~~~~~~~~~~~~~~~
In file included from /home/mukesh_lof/projects/lof-titan/firmware/micropython/py/mpconfig.h:100,
                 from /home/mukesh_lof/projects/lof-titan/firmware/micropython/py/obj.h:31,
                 from /home/mukesh_lof/projects/lof-titan/firmware/micropython/py/objstr.h:29,
                 from /home/mukesh_lof/projects/lof-titan/firmware/micropython/py/stream.c:31:
/home/mukesh_lof/projects/lof-titan/firmware/micropython/ports/esp32/mpconfigport.h:115:9: warning: "MICROPY_PY_OS_DUPTERM" redefined
  115 | #define MICROPY_PY_OS_DUPTERM               (1)
      |         ^~~~~~~~~~~~~~~~~~~~~
In file included from /home/mukesh_lof/projects/lof-titan/firmware/micropython/ports/esp32/mpconfigport.h:5:
/home/mukesh_lof/projects/lof-titan/firmware/micropython/ports/esp32/boards/LOF_TITAN/mpconfigboard.h:13:9: note: this is the location of the previous definition
   13 | #define MICROPY_PY_OS_DUPTERM               (2)
      |         ^~~~~~~~~~~~~~~~~~~~~
In file included from /home/mukesh_lof/projects/lof-titan/firmware/micropython/py/mpconfig.h:100,
                 from /home/mukesh_lof/projects/lof-titan/firmware/micropython/py/mpstate.h:31,
                 from /home/mukesh_lof/projects/lof-titan/firmware/micropython/py/runtime.h:29,
                 from /home/mukesh_lof/projects/lof-titan/firmware/micropython/ports/esp32/uart.c:30:
/home/mukesh_lof/projects/lof-titan/firmware/micropython/ports/esp32/mpconfigport.h:115:9: warning: "MICROPY_PY_OS_DUPTERM" redefined
  115 | #define MICROPY_PY_OS_DUPTERM               (1)
      |         ^~~~~~~~~~~~~~~~~~~~~
In file included from /home/mukesh_lof/projects/lof-titan/firmware/micropython/ports/esp32/mpconfigport.h:5:
/home/mukesh_lof/projects/lof-titan/firmware/micropython/ports/esp32/boards/LOF_TITAN/mpconfigboard.h:13:9: note: this is the location of the previous definition
   13 | #define MICROPY_PY_OS_DUPTERM               (2)
      |         ^~~~~~~~~~~~~~~~~~~~~
In file included from /home/mukesh_lof/projects/lof-titan/firmware/micropython/py/mpconfig.h:100,
                 from /home/mukesh_lof/projects/lof-titan/firmware/micropython/py/smallint.h:29,
                 from /home/mukesh_lof/projects/lof-titan/firmware/micropython/py/objint_longlong.c:31:
/home/mukesh_lof/projects/lof-titan/firmware/micropython/ports/esp32/mpconfigport.h:115:9: warning: "MICROPY_PY_OS_DUPTERM" redefined
  115 | #define MICROPY_PY_OS_DUPTERM               (1)
      |         ^~~~~~~~~~~~~~~~~~~~~
In file included from /home/mukesh_lof/projects/lof-titan/firmware/micropython/ports/esp32/mpconfigport.h:5:
/home/mukesh_lof/projects/lof-titan/firmware/micropython/ports/esp32/boards/LOF_TITAN/mpconfigboard.h:13:9: note: this is the location of the previous definition
   13 | #define MICROPY_PY_OS_DUPTERM               (2)
      |         ^~~~~~~~~~~~~~~~~~~~~
In file included from /home/mukesh_lof/projects/lof-titan/firmware/micropython/py/mpconfig.h:100,
                 from /home/mukesh_lof/projects/lof-titan/firmware/micropython/py/obj.h:31,
                 from /home/mukesh_lof/projects/lof-titan/firmware/micropython/py/opmethods.c:27:
/home/mukesh_lof/projects/lof-titan/firmware/micropython/ports/esp32/mpconfigport.h:115:9: warning: "MICROPY_PY_OS_DUPTERM" redefined
  115 | #define MICROPY_PY_OS_DUPTERM               (1)
      |         ^~~~~~~~~~~~~~~~~~~~~
In file included from /home/mukesh_lof/projects/lof-titan/firmware/micropython/ports/esp32/mpconfigport.h:5:
/home/mukesh_lof/projects/lof-titan/firmware/micropython/ports/esp32/boards/LOF_TITAN/mpconfigboard.h:13:9: note: this is the location of the previous definition
   13 | #define MICROPY_PY_OS_DUPTERM               (2)
      |         ^~~~~~~~~~~~~~~~~~~~~
In file included from /home/mukesh_lof/projects/lof-titan/firmware/micropython/py/mpconfig.h:100,
                 from /home/mukesh_lof/projects/lof-titan/firmware/micropython/py/mpstate.h:31,
                 from /home/mukesh_lof/projects/lof-titan/firmware/micropython/py/runtime.h:29,
                 from /home/mukesh_lof/projects/lof-titan/firmware/micropython/extmod/machine_uart.c:27:
/home/mukesh_lof/projects/lof-titan/firmware/micropython/ports/esp32/mpconfigport.h:115:9: warning: "MICROPY_PY_OS_DUPTERM" redefined
  115 | #define MICROPY_PY_OS_DUPTERM               (1)
      |         ^~~~~~~~~~~~~~~~~~~~~
In file included from /home/mukesh_lof/projects/lof-titan/firmware/micropython/ports/esp32/mpconfigport.h:5:
/home/mukesh_lof/projects/lof-titan/firmware/micropython/ports/esp32/boards/LOF_TITAN/mpconfigboard.h:13:9: note: this is the location of the previous definition
   13 | #define MICROPY_PY_OS_DUPTERM               (2)
      |         ^~~~~~~~~~~~~~~~~~~~~
In file included from /home/mukesh_lof/projects/lof-titan/firmware/micropython/py/mpconfig.h:100,
                 from /home/mukesh_lof/projects/lof-titan/firmware/micropython/py/obj.h:31,
                 from /home/mukesh_lof/projects/lof-titan/firmware/micropython/py/emitglue.h:29,
                 from /home/mukesh_lof/projects/lof-titan/firmware/micropython/py/emitglue.c:34:
/home/mukesh_lof/projects/lof-titan/firmware/micropython/ports/esp32/mpconfigport.h:115:9: warning: "MICROPY_PY_OS_DUPTERM" redefined
  115 | #define MICROPY_PY_OS_DUPTERM               (1)
      |         ^~~~~~~~~~~~~~~~~~~~~
In file included from /home/mukesh_lof/projects/lof-titan/firmware/micropython/ports/esp32/mpconfigport.h:5:
/home/mukesh_lof/projects/lof-titan/firmware/micropython/ports/esp32/boards/LOF_TITAN/mpconfigboard.h:13:9: note: this is the location of the previous definition
   13 | #define MICROPY_PY_OS_DUPTERM               (2)
      |         ^~~~~~~~~~~~~~~~~~~~~
In file included from /home/mukesh_lof/projects/lof-titan/firmware/micropython/py/mpconfig.h:100,
                 from /home/mukesh_lof/projects/lof-titan/firmware/micropython/py/mpstate.h:31,
                 from /home/mukesh_lof/projects/lof-titan/firmware/micropython/py/runtime.h:29,
                 from /home/mukesh_lof/projects/lof-titan/firmware/micropython/py/modio.c:30:
/home/mukesh_lof/projects/lof-titan/firmware/micropython/ports/esp32/mpconfigport.h:115:9: warning: "MICROPY_PY_OS_DUPTERM" redefined
  115 | #define MICROPY_PY_OS_DUPTERM               (1)
      |         ^~~~~~~~~~~~~~~~~~~~~
In file included from /home/mukesh_lof/projects/lof-titan/firmware/micropython/ports/esp32/mpconfigport.h:5:
/home/mukesh_lof/projects/lof-titan/firmware/micropython/ports/esp32/boards/LOF_TITAN/mpconfigboard.h:13:9: note: this is the location of the previous definition
   13 | #define MICROPY_PY_OS_DUPTERM               (2)
      |         ^~~~~~~~~~~~~~~~~~~~~
In file included from /home/mukesh_lof/projects/lof-titan/firmware/micropython/py/mpconfig.h:100,
                 from /home/mukesh_lof/projects/lof-titan/firmware/micropython/py/mpstate.h:31,
                 from /home/mukesh_lof/projects/lof-titan/firmware/micropython/py/runtime.h:29,
                 from /home/mukesh_lof/projects/lof-titan/firmware/micropython/extmod/modtls_axtls.c:31:
/home/mukesh_lof/projects/lof-titan/firmware/micropython/ports/esp32/mpconfigport.h:115:9: warning: "MICROPY_PY_OS_DUPTERM" redefined
  115 | #define MICROPY_PY_OS_DUPTERM               (1)
      |         ^~~~~~~~~~~~~~~~~~~~~
In file included from /home/mukesh_lof/projects/lof-titan/firmware/micropython/ports/esp32/mpconfigport.h:5:
/home/mukesh_lof/projects/lof-titan/firmware/micropython/ports/esp32/boards/LOF_TITAN/mpconfigboard.h:13:9: note: this is the location of the previous definition
   13 | #define MICROPY_PY_OS_DUPTERM               (2)
      |         ^~~~~~~~~~~~~~~~~~~~~
In file included from /home/mukesh_lof/projects/lof-titan/firmware/micropython/py/mpconfig.h:100,
                 from /home/mukesh_lof/projects/lof-titan/firmware/micropython/py/mphal.h:31,
                 from /home/mukesh_lof/projects/lof-titan/firmware/micropython/extmod/vfs_posix_file.c:27:
/home/mukesh_lof/projects/lof-titan/firmware/micropython/ports/esp32/mpconfigport.h:115:9: warning: "MICROPY_PY_OS_DUPTERM" redefined
  115 | #define MICROPY_PY_OS_DUPTERM               (1)
      |         ^~~~~~~~~~~~~~~~~~~~~
In file included from /home/mukesh_lof/projects/lof-titan/firmware/micropython/ports/esp32/mpconfigport.h:5:
/home/mukesh_lof/projects/lof-titan/firmware/micropython/ports/esp32/boards/LOF_TITAN/mpconfigboard.h:13:9: note: this is the location of the previous definition
   13 | #define MICROPY_PY_OS_DUPTERM               (2)
      |         ^~~~~~~~~~~~~~~~~~~~~
In file included from /home/mukesh_lof/projects/lof-titan/firmware/micropython/py/mpconfig.h:100,
                 from /home/mukesh_lof/projects/lof-titan/firmware/micropython/py/unicode.h:29,
                 from /home/mukesh_lof/projects/lof-titan/firmware/micropython/py/unicode.c:29:
/home/mukesh_lof/projects/lof-titan/firmware/micropython/ports/esp32/mpconfigport.h:115:9: warning: "MICROPY_PY_OS_DUPTERM" redefined
  115 | #define MICROPY_PY_OS_DUPTERM               (1)
      |         ^~~~~~~~~~~~~~~~~~~~~
In file included from /home/mukesh_lof/projects/lof-titan/firmware/micropython/ports/esp32/mpconfigport.h:5:
/home/mukesh_lof/projects/lof-titan/firmware/micropython/ports/esp32/boards/LOF_TITAN/mpconfigboard.h:13:9: note: this is the location of the previous definition
   13 | #define MICROPY_PY_OS_DUPTERM               (2)
      |         ^~~~~~~~~~~~~~~~~~~~~
In file included from /home/mukesh_lof/projects/lof-titan/firmware/micropython/py/mpconfig.h:100,
                 from /home/mukesh_lof/projects/lof-titan/firmware/micropython/py/mpstate.h:31,
                 from /home/mukesh_lof/projects/lof-titan/firmware/micropython/py/nlrx86.c:27:
/home/mukesh_lof/projects/lof-titan/firmware/micropython/ports/esp32/mpconfigport.h:115:9: warning: "MICROPY_PY_OS_DUPTERM" redefined
  115 | #define MICROPY_PY_OS_DUPTERM               (1)
      |         ^~~~~~~~~~~~~~~~~~~~~
In file included from /home/mukesh_lof/projects/lof-titan/firmware/micropython/ports/esp32/mpconfigport.h:5:
/home/mukesh_lof/projects/lof-titan/firmware/micropython/ports/esp32/boards/LOF_TITAN/mpconfigboard.h:13:9: note: this is the location of the previous definition
   13 | #define MICROPY_PY_OS_DUPTERM               (2)
      |         ^~~~~~~~~~~~~~~~~~~~~
In file included from /home/mukesh_lof/projects/lof-titan/firmware/micropython/py/mpconfig.h:100,
                 from /home/mukesh_lof/projects/lof-titan/firmware/micropython/py/parsenumbase.h:29,
                 from /home/mukesh_lof/projects/lof-titan/firmware/micropython/py/objint_mpz.c:31:
/home/mukesh_lof/projects/lof-titan/firmware/micropython/ports/esp32/mpconfigport.h:115:9: warning: "MICROPY_PY_OS_DUPTERM" redefined
  115 | #define MICROPY_PY_OS_DUPTERM               (1)
      |         ^~~~~~~~~~~~~~~~~~~~~
In file included from /home/mukesh_lof/projects/lof-titan/firmware/micropython/ports/esp32/mpconfigport.h:5:
/home/mukesh_lof/projects/lof-titan/firmware/micropython/ports/esp32/boards/LOF_TITAN/mpconfigboard.h:13:9: note: this is the location of the previous definition
   13 | #define MICROPY_PY_OS_DUPTERM               (2)
      |         ^~~~~~~~~~~~~~~~~~~~~
In file included from /home/mukesh_lof/projects/lof-titan/firmware/micropython/py/mpconfig.h:100,
                 from /home/mukesh_lof/projects/lof-titan/firmware/micropython/py/obj.h:31,
                 from /home/mukesh_lof/projects/lof-titan/firmware/micropython/py/pairheap.h:39,
                 from /home/mukesh_lof/projects/lof-titan/firmware/micropython/py/pairheap.c:27:
/home/mukesh_lof/projects/lof-titan/firmware/micropython/ports/esp32/mpconfigport.h:115:9: warning: "MICROPY_PY_OS_DUPTERM" redefined
  115 | #define MICROPY_PY_OS_DUPTERM               (1)
      |         ^~~~~~~~~~~~~~~~~~~~~
In file included from /home/mukesh_lof/projects/lof-titan/firmware/micropython/ports/esp32/mpconfigport.h:5:
/home/mukesh_lof/projects/lof-titan/firmware/micropython/ports/esp32/boards/LOF_TITAN/mpconfigboard.h:13:9: note: this is the location of the previous definition
   13 | #define MICROPY_PY_OS_DUPTERM               (2)
      |         ^~~~~~~~~~~~~~~~~~~~~
In file included from /home/mukesh_lof/projects/lof-titan/firmware/micropython/py/mpconfig.h:100,
                 from /home/mukesh_lof/projects/lof-titan/firmware/micropython/py/obj.h:31,
                 from /home/mukesh_lof/projects/lof-titan/firmware/micropython/py/builtin.h:29,
                 from /home/mukesh_lof/projects/lof-titan/firmware/micropython/py/modmath.c:27:
/home/mukesh_lof/projects/lof-titan/firmware/micropython/ports/esp32/mpconfigport.h:115:9: warning: "MICROPY_PY_OS_DUPTERM" redefined
  115 | #define MICROPY_PY_OS_DUPTERM               (1)
      |         ^~~~~~~~~~~~~~~~~~~~~
In file included from /home/mukesh_lof/projects/lof-titan/firmware/micropython/ports/esp32/mpconfigport.h:5:
/home/mukesh_lof/projects/lof-titan/firmware/micropython/ports/esp32/boards/LOF_TITAN/mpconfigboard.h:13:9: note: this is the location of the previous definition
   13 | #define MICROPY_PY_OS_DUPTERM               (2)
      |         ^~~~~~~~~~~~~~~~~~~~~
In file included from /home/mukesh_lof/projects/lof-titan/firmware/micropython/py/mpconfig.h:100,
                 from /home/mukesh_lof/projects/lof-titan/firmware/micropython/py/lexer.h:31,
                 from /home/mukesh_lof/projects/lof-titan/firmware/micropython/py/emit.h:29,
                 from /home/mukesh_lof/projects/lof-titan/firmware/micropython/py/emitinlinerv32.c:33:
/home/mukesh_lof/projects/lof-titan/firmware/micropython/ports/esp32/mpconfigport.h:115:9: warning: "MICROPY_PY_OS_DUPTERM" redefined
  115 | #define MICROPY_PY_OS_DUPTERM               (1)
      |         ^~~~~~~~~~~~~~~~~~~~~
In file included from /home/mukesh_lof/projects/lof-titan/firmware/micropython/ports/esp32/mpconfigport.h:5:
/home/mukesh_lof/projects/lof-titan/firmware/micropython/ports/esp32/boards/LOF_TITAN/mpconfigboard.h:13:9: note: this is the location of the previous definition
   13 | #define MICROPY_PY_OS_DUPTERM               (2)
      |         ^~~~~~~~~~~~~~~~~~~~~
In file included from /home/mukesh_lof/projects/lof-titan/firmware/micropython/py/mpconfig.h:100,
                 from /home/mukesh_lof/projects/lof-titan/firmware/micropython/py/mpstate.h:31,
                 from /home/mukesh_lof/projects/lof-titan/firmware/micropython/py/runtime.h:29,
                 from /home/mukesh_lof/projects/lof-titan/firmware/micropython/ports/esp32/usb.c:27:
/home/mukesh_lof/projects/lof-titan/firmware/micropython/ports/esp32/mpconfigport.h:115:9: warning: "MICROPY_PY_OS_DUPTERM" redefined
  115 | #define MICROPY_PY_OS_DUPTERM               (1)
      |         ^~~~~~~~~~~~~~~~~~~~~
In file included from /home/mukesh_lof/projects/lof-titan/firmware/micropython/ports/esp32/mpconfigport.h:5:
/home/mukesh_lof/projects/lof-titan/firmware/micropython/ports/esp32/boards/LOF_TITAN/mpconfigboard.h:13:9: note: this is the location of the previous definition
   13 | #define MICROPY_PY_OS_DUPTERM               (2)
      |         ^~~~~~~~~~~~~~~~~~~~~
In file included from /home/mukesh_lof/projects/lof-titan/firmware/micropython/py/mpconfig.h:100,
                 from /home/mukesh_lof/projects/lof-titan/firmware/micropython/extmod/machine_usb_device.c:27:
/home/mukesh_lof/projects/lof-titan/firmware/micropython/ports/esp32/mpconfigport.h:115:9: warning: "MICROPY_PY_OS_DUPTERM" redefined
  115 | #define MICROPY_PY_OS_DUPTERM               (1)
      |         ^~~~~~~~~~~~~~~~~~~~~
In file included from /home/mukesh_lof/projects/lof-titan/firmware/micropython/ports/esp32/mpconfigport.h:5:
/home/mukesh_lof/projects/lof-titan/firmware/micropython/ports/esp32/boards/LOF_TITAN/mpconfigboard.h:13:9: note: this is the location of the previous definition
   13 | #define MICROPY_PY_OS_DUPTERM               (2)
      |         ^~~~~~~~~~~~~~~~~~~~~
In file included from /home/mukesh_lof/projects/lof-titan/firmware/micropython/py/mpconfig.h:100,
                 from /home/mukesh_lof/projects/lof-titan/firmware/micropython/extmod/modtls_mbedtls.c:29:
/home/mukesh_lof/projects/lof-titan/firmware/micropython/ports/esp32/mpconfigport.h:115:9: warning: "MICROPY_PY_OS_DUPTERM" redefined
  115 | #define MICROPY_PY_OS_DUPTERM               (1)
      |         ^~~~~~~~~~~~~~~~~~~~~
In file included from /home/mukesh_lof/projects/lof-titan/firmware/micropython/ports/esp32/mpconfigport.h:5:
/home/mukesh_lof/projects/lof-titan/firmware/micropython/ports/esp32/boards/LOF_TITAN/mpconfigboard.h:13:9: note: this is the location of the previous definition
   13 | #define MICROPY_PY_OS_DUPTERM               (2)
      |         ^~~~~~~~~~~~~~~~~~~~~
In file included from /home/mukesh_lof/projects/lof-titan/firmware/micropython/py/mpconfig.h:100,
                 from /home/mukesh_lof/projects/lof-titan/firmware/micropython/py/mpstate.h:31,
                 from /home/mukesh_lof/projects/lof-titan/firmware/micropython/py/runtime.h:29,
                 from /home/mukesh_lof/projects/lof-titan/firmware/micropython/extmod/vfs_reader.c:31:
/home/mukesh_lof/projects/lof-titan/firmware/micropython/ports/esp32/mpconfigport.h:115:9: warning: "MICROPY_PY_OS_DUPTERM" redefined
  115 | #define MICROPY_PY_OS_DUPTERM               (1)
      |         ^~~~~~~~~~~~~~~~~~~~~
In file included from /home/mukesh_lof/projects/lof-titan/firmware/micropython/ports/esp32/mpconfigport.h:5:
/home/mukesh_lof/projects/lof-titan/firmware/micropython/ports/esp32/boards/LOF_TITAN/mpconfigboard.h:13:9: note: this is the location of the previous definition
   13 | #define MICROPY_PY_OS_DUPTERM               (2)
      |         ^~~~~~~~~~~~~~~~~~~~~
In file included from /home/mukesh_lof/projects/lof-titan/firmware/micropython/py/mpconfig.h:100,
                 from /home/mukesh_lof/projects/lof-titan/firmware/micropython/py/obj.h:31,
                 from /home/mukesh_lof/projects/lof-titan/firmware/micropython/py/emitglue.h:29,
                 from /home/mukesh_lof/projects/lof-titan/firmware/micropython/py/vm.c:32:
/home/mukesh_lof/projects/lof-titan/firmware/micropython/ports/esp32/mpconfigport.h:115:9: warning: "MICROPY_PY_OS_DUPTERM" redefined
  115 | #define MICROPY_PY_OS_DUPTERM               (1)
      |         ^~~~~~~~~~~~~~~~~~~~~
In file included from /home/mukesh_lof/projects/lof-titan/firmware/micropython/ports/esp32/mpconfigport.h:5:
/home/mukesh_lof/projects/lof-titan/firmware/micropython/ports/esp32/boards/LOF_TITAN/mpconfigboard.h:13:9: note: this is the location of the previous definition
   13 | #define MICROPY_PY_OS_DUPTERM               (2)
      |         ^~~~~~~~~~~~~~~~~~~~~
In file included from /home/mukesh_lof/projects/lof-titan/firmware/micropython/py/mpconfig.h:100,
                 from /home/mukesh_lof/projects/lof-titan/firmware/micropython/py/mpstate.h:31,
                 from /home/mukesh_lof/projects/lof-titan/firmware/micropython/py/nlrxtensa.c:27:
/home/mukesh_lof/projects/lof-titan/firmware/micropython/ports/esp32/mpconfigport.h:115:9: warning: "MICROPY_PY_OS_DUPTERM" redefined
  115 | #define MICROPY_PY_OS_DUPTERM               (1)
      |         ^~~~~~~~~~~~~~~~~~~~~
In file included from /home/mukesh_lof/projects/lof-titan/firmware/micropython/ports/esp32/mpconfigport.h:5:
/home/mukesh_lof/projects/lof-titan/firmware/micropython/ports/esp32/boards/LOF_TITAN/mpconfigboard.h:13:9: note: this is the location of the previous definition
   13 | #define MICROPY_PY_OS_DUPTERM               (2)
      |         ^~~~~~~~~~~~~~~~~~~~~
In file included from /home/mukesh_lof/projects/lof-titan/firmware/micropython/py/mpconfig.h:100,
                 from /home/mukesh_lof/projects/lof-titan/firmware/micropython/py/mpstate.h:31,
                 from /home/mukesh_lof/projects/lof-titan/firmware/micropython/py/runtime.h:29,
                 from /home/mukesh_lof/projects/lof-titan/firmware/micropython/ports/esp32/modesp.c:35:
/home/mukesh_lof/projects/lof-titan/firmware/micropython/ports/esp32/mpconfigport.h:115:9: warning: "MICROPY_PY_OS_DUPTERM" redefined
  115 | #define MICROPY_PY_OS_DUPTERM               (1)
      |         ^~~~~~~~~~~~~~~~~~~~~
In file included from /home/mukesh_lof/projects/lof-titan/firmware/micropython/ports/esp32/mpconfigport.h:5:
/home/mukesh_lof/projects/lof-titan/firmware/micropython/ports/esp32/boards/LOF_TITAN/mpconfigboard.h:13:9: note: this is the location of the previous definition
   13 | #define MICROPY_PY_OS_DUPTERM               (2)
      |         ^~~~~~~~~~~~~~~~~~~~~
In file included from /home/mukesh_lof/projects/lof-titan/firmware/micropython/py/mpconfig.h:100,
                 from /home/mukesh_lof/projects/lof-titan/firmware/micropython/py/lexer.h:31,
                 from /home/mukesh_lof/projects/lof-titan/firmware/micropython/py/parse.c:34:
/home/mukesh_lof/projects/lof-titan/firmware/micropython/ports/esp32/mpconfigport.h:115:9: warning: "MICROPY_PY_OS_DUPTERM" redefined
  115 | #define MICROPY_PY_OS_DUPTERM               (1)
      |         ^~~~~~~~~~~~~~~~~~~~~
In file included from /home/mukesh_lof/projects/lof-titan/firmware/micropython/ports/esp32/mpconfigport.h:5:
/home/mukesh_lof/projects/lof-titan/firmware/micropython/ports/esp32/boards/LOF_TITAN/mpconfigboard.h:13:9: note: this is the location of the previous definition
   13 | #define MICROPY_PY_OS_DUPTERM               (2)
      |         ^~~~~~~~~~~~~~~~~~~~~
In file included from /home/mukesh_lof/projects/lof-titan/firmware/micropython/py/mpconfig.h:100,
                 from /home/mukesh_lof/projects/lof-titan/firmware/micropython/py/obj.h:31,
                 from /home/mukesh_lof/projects/lof-titan/firmware/micropython/py/builtin.h:29,
                 from /home/mukesh_lof/projects/lof-titan/firmware/micropython/py/modmicropython.c:29:
/home/mukesh_lof/projects/lof-titan/firmware/micropython/ports/esp32/mpconfigport.h:115:9: warning: "MICROPY_PY_OS_DUPTERM" redefined
  115 | #define MICROPY_PY_OS_DUPTERM               (1)
      |         ^~~~~~~~~~~~~~~~~~~~~
In file included from /home/mukesh_lof/projects/lof-titan/firmware/micropython/ports/esp32/mpconfigport.h:5:
/home/mukesh_lof/projects/lof-titan/firmware/micropython/ports/esp32/boards/LOF_TITAN/mpconfigboard.h:13:9: note: this is the location of the previous definition
   13 | #define MICROPY_PY_OS_DUPTERM               (2)
      |         ^~~~~~~~~~~~~~~~~~~~~
In file included from /home/mukesh_lof/projects/lof-titan/firmware/micropython/py/mpconfig.h:100,
                 from /home/mukesh_lof/projects/lof-titan/firmware/micropython/py/lexer.h:31,
                 from /home/mukesh_lof/projects/lof-titan/firmware/micropython/py/emit.h:29,
                 from /home/mukesh_lof/projects/lof-titan/firmware/micropython/py/emitinlinethumb.c:33:
/home/mukesh_lof/projects/lof-titan/firmware/micropython/ports/esp32/mpconfigport.h:115:9: warning: "MICROPY_PY_OS_DUPTERM" redefined
  115 | #define MICROPY_PY_OS_DUPTERM               (1)
      |         ^~~~~~~~~~~~~~~~~~~~~
In file included from /home/mukesh_lof/projects/lof-titan/firmware/micropython/ports/esp32/mpconfigport.h:5:
/home/mukesh_lof/projects/lof-titan/firmware/micropython/ports/esp32/boards/LOF_TITAN/mpconfigboard.h:13:9: note: this is the location of the previous definition
   13 | #define MICROPY_PY_OS_DUPTERM               (2)
      |         ^~~~~~~~~~~~~~~~~~~~~
In file included from /home/mukesh_lof/projects/lof-titan/firmware/micropython/py/mpconfig.h:100,
                 from /home/mukesh_lof/projects/lof-titan/firmware/micropython/py/obj.h:31,
                 from /home/mukesh_lof/projects/lof-titan/firmware/micropython/py/objlist.h:29,
                 from /home/mukesh_lof/projects/lof-titan/firmware/micropython/py/objlist.c:30:
/home/mukesh_lof/projects/lof-titan/firmware/micropython/ports/esp32/mpconfigport.h:115:9: warning: "MICROPY_PY_OS_DUPTERM" redefined
  115 | #define MICROPY_PY_OS_DUPTERM               (1)
      |         ^~~~~~~~~~~~~~~~~~~~~
In file included from /home/mukesh_lof/projects/lof-titan/firmware/micropython/ports/esp32/mpconfigport.h:5:
/home/mukesh_lof/projects/lof-titan/firmware/micropython/ports/esp32/boards/LOF_TITAN/mpconfigboard.h:13:9: note: this is the location of the previous definition
   13 | #define MICROPY_PY_OS_DUPTERM               (2)
      |         ^~~~~~~~~~~~~~~~~~~~~
In file included from /home/mukesh_lof/projects/lof-titan/firmware/micropython/py/mpconfig.h:100,
                 from /home/mukesh_lof/projects/lof-titan/firmware/micropython/py/mpstate.h:31,
                 from /home/mukesh_lof/projects/lof-titan/firmware/micropython/py/runtime.h:29,
                 from /home/mukesh_lof/projects/lof-titan/firmware/micropython/extmod/machine_wdt.c:27:
/home/mukesh_lof/projects/lof-titan/firmware/micropython/ports/esp32/mpconfigport.h:115:9: warning: "MICROPY_PY_OS_DUPTERM" redefined
  115 | #define MICROPY_PY_OS_DUPTERM               (1)
      |         ^~~~~~~~~~~~~~~~~~~~~
In file included from /home/mukesh_lof/projects/lof-titan/firmware/micropython/ports/esp32/mpconfigport.h:5:
/home/mukesh_lof/projects/lof-titan/firmware/micropython/ports/esp32/boards/LOF_TITAN/mpconfigboard.h:13:9: note: this is the location of the previous definition
   13 | #define MICROPY_PY_OS_DUPTERM               (2)
      |         ^~~~~~~~~~~~~~~~~~~~~
In file included from /home/mukesh_lof/projects/lof-titan/firmware/micropython/py/mpconfig.h:100,
                 from /home/mukesh_lof/projects/lof-titan/firmware/micropython/py/mpstate.h:31,
                 from /home/mukesh_lof/projects/lof-titan/firmware/micropython/py/runtime.h:29,
                 from /home/mukesh_lof/projects/lof-titan/firmware/micropython/ports/esp32/usb_serial_jtag.c:27:
/home/mukesh_lof/projects/lof-titan/firmware/micropython/ports/esp32/mpconfigport.h:115:9: warning: "MICROPY_PY_OS_DUPTERM" redefined
  115 | #define MICROPY_PY_OS_DUPTERM               (1)
      |         ^~~~~~~~~~~~~~~~~~~~~
In file included from /home/mukesh_lof/projects/lof-titan/firmware/micropython/ports/esp32/mpconfigport.h:5:
/home/mukesh_lof/projects/lof-titan/firmware/micropython/ports/esp32/boards/LOF_TITAN/mpconfigboard.h:13:9: note: this is the location of the previous definition
   13 | #define MICROPY_PY_OS_DUPTERM               (2)
      |         ^~~~~~~~~~~~~~~~~~~~~
In file included from /home/mukesh_lof/projects/lof-titan/firmware/micropython/py/mpconfig.h:100,
                 from /home/mukesh_lof/projects/lof-titan/firmware/micropython/py/obj.h:31,
                 from /home/mukesh_lof/projects/lof-titan/firmware/micropython/extmod/virtpin.h:29,
                 from /home/mukesh_lof/projects/lof-titan/firmware/micropython/extmod/virtpin.c:27:
/home/mukesh_lof/projects/lof-titan/firmware/micropython/ports/esp32/mpconfigport.h:115:9: warning: "MICROPY_PY_OS_DUPTERM" redefined
  115 | #define MICROPY_PY_OS_DUPTERM               (1)
      |         ^~~~~~~~~~~~~~~~~~~~~
In file included from /home/mukesh_lof/projects/lof-titan/firmware/micropython/ports/esp32/mpconfigport.h:5:
/home/mukesh_lof/projects/lof-titan/firmware/micropython/ports/esp32/boards/LOF_TITAN/mpconfigboard.h:13:9: note: this is the location of the previous definition
   13 | #define MICROPY_PY_OS_DUPTERM               (2)
      |         ^~~~~~~~~~~~~~~~~~~~~
In file included from /home/mukesh_lof/projects/lof-titan/firmware/micropython/py/mpconfig.h:100,
                 from /home/mukesh_lof/projects/lof-titan/firmware/micropython/py/obj.h:31,
                 from /home/mukesh_lof/projects/lof-titan/firmware/micropython/py/obj.c:32:
/home/mukesh_lof/projects/lof-titan/firmware/micropython/ports/esp32/mpconfigport.h:115:9: warning: "MICROPY_PY_OS_DUPTERM" redefined
  115 | #define MICROPY_PY_OS_DUPTERM               (1)
      |         ^~~~~~~~~~~~~~~~~~~~~
In file included from /home/mukesh_lof/projects/lof-titan/firmware/micropython/ports/esp32/mpconfigport.h:5:
/home/mukesh_lof/projects/lof-titan/firmware/micropython/ports/esp32/boards/LOF_TITAN/mpconfigboard.h:13:9: note: this is the location of the previous definition
   13 | #define MICROPY_PY_OS_DUPTERM               (2)
      |         ^~~~~~~~~~~~~~~~~~~~~
In file included from /home/mukesh_lof/projects/lof-titan/firmware/micropython/py/mpconfig.h:100,
                 from /home/mukesh_lof/projects/lof-titan/firmware/micropython/py/vstr.c:33:
/home/mukesh_lof/projects/lof-titan/firmware/micropython/ports/esp32/mpconfigport.h:115:9: warning: "MICROPY_PY_OS_DUPTERM" redefined
  115 | #define MICROPY_PY_OS_DUPTERM               (1)
      |         ^~~~~~~~~~~~~~~~~~~~~
In file included from /home/mukesh_lof/projects/lof-titan/firmware/micropython/ports/esp32/mpconfigport.h:5:
/home/mukesh_lof/projects/lof-titan/firmware/micropython/ports/esp32/boards/LOF_TITAN/mpconfigboard.h:13:9: note: this is the location of the previous definition
   13 | #define MICROPY_PY_OS_DUPTERM               (2)
      |         ^~~~~~~~~~~~~~~~~~~~~
In file included from /home/mukesh_lof/projects/lof-titan/firmware/micropython/py/mpconfig.h:100,
                 from /home/mukesh_lof/projects/lof-titan/firmware/micropython/py/mpstate.h:31,
                 from /home/mukesh_lof/projects/lof-titan/firmware/micropython/py/runtime.h:29,
                 from /home/mukesh_lof/projects/lof-titan/firmware/micropython/py/parsenum.c:30:
/home/mukesh_lof/projects/lof-titan/firmware/micropython/ports/esp32/mpconfigport.h:115:9: warning: "MICROPY_PY_OS_DUPTERM" redefined
  115 | #define MICROPY_PY_OS_DUPTERM               (1)
      |         ^~~~~~~~~~~~~~~~~~~~~
In file included from /home/mukesh_lof/projects/lof-titan/firmware/micropython/ports/esp32/mpconfigport.h:5:
/home/mukesh_lof/projects/lof-titan/firmware/micropython/ports/esp32/boards/LOF_TITAN/mpconfigboard.h:13:9: note: this is the location of the previous definition
   13 | #define MICROPY_PY_OS_DUPTERM               (2)
      |         ^~~~~~~~~~~~~~~~~~~~~
In file included from /home/mukesh_lof/projects/lof-titan/firmware/micropython/py/mpconfig.h:100,
                 from /home/mukesh_lof/projects/lof-titan/firmware/micropython/py/lexer.h:31,
                 from /home/mukesh_lof/projects/lof-titan/firmware/micropython/py/emit.h:29,
                 from /home/mukesh_lof/projects/lof-titan/firmware/micropython/py/emitinlinextensa.c:33:
/home/mukesh_lof/projects/lof-titan/firmware/micropython/ports/esp32/mpconfigport.h:115:9: warning: "MICROPY_PY_OS_DUPTERM" redefined
  115 | #define MICROPY_PY_OS_DUPTERM               (1)
      |         ^~~~~~~~~~~~~~~~~~~~~
In file included from /home/mukesh_lof/projects/lof-titan/firmware/micropython/ports/esp32/mpconfigport.h:5:
/home/mukesh_lof/projects/lof-titan/firmware/micropython/ports/esp32/boards/LOF_TITAN/mpconfigboard.h:13:9: note: this is the location of the previous definition
   13 | #define MICROPY_PY_OS_DUPTERM               (2)
      |         ^~~~~~~~~~~~~~~~~~~~~
In file included from /home/mukesh_lof/projects/lof-titan/firmware/micropython/py/mpconfig.h:100,
                 from /home/mukesh_lof/projects/lof-titan/firmware/micropython/py/mpstate.h:31,
                 from /home/mukesh_lof/projects/lof-titan/firmware/micropython/py/runtime.h:29,
                 from /home/mukesh_lof/projects/lof-titan/firmware/micropython/ports/esp32/esp32_nvs.c:29:
/home/mukesh_lof/projects/lof-titan/firmware/micropython/ports/esp32/mpconfigport.h:115:9: warning: "MICROPY_PY_OS_DUPTERM" redefined
  115 | #define MICROPY_PY_OS_DUPTERM               (1)
      |         ^~~~~~~~~~~~~~~~~~~~~
In file included from /home/mukesh_lof/projects/lof-titan/firmware/micropython/ports/esp32/mpconfigport.h:5:
/home/mukesh_lof/projects/lof-titan/firmware/micropython/ports/esp32/boards/LOF_TITAN/mpconfigboard.h:13:9: note: this is the location of the previous definition
   13 | #define MICROPY_PY_OS_DUPTERM               (2)
      |         ^~~~~~~~~~~~~~~~~~~~~
In file included from /home/mukesh_lof/projects/lof-titan/firmware/micropython/py/mpconfig.h:100,
                 from /home/mukesh_lof/projects/lof-titan/firmware/micropython/py/mpstate.h:31,
                 from /home/mukesh_lof/projects/lof-titan/firmware/micropython/py/runtime.h:29,
                 from /home/mukesh_lof/projects/lof-titan/firmware/micropython/py/objmap.c:30:
/home/mukesh_lof/projects/lof-titan/firmware/micropython/ports/esp32/mpconfigport.h:115:9: warning: "MICROPY_PY_OS_DUPTERM" redefined
  115 | #define MICROPY_PY_OS_DUPTERM               (1)
      |         ^~~~~~~~~~~~~~~~~~~~~
In file included from /home/mukesh_lof/projects/lof-titan/firmware/micropython/ports/esp32/mpconfigport.h:5:
/home/mukesh_lof/projects/lof-titan/firmware/micropython/ports/esp32/boards/LOF_TITAN/mpconfigboard.h:13:9: note: this is the location of the previous definition
   13 | #define MICROPY_PY_OS_DUPTERM               (2)
      |         ^~~~~~~~~~~~~~~~~~~~~
In file included from /home/mukesh_lof/projects/lof-titan/firmware/micropython/py/mpconfig.h:100,
                 from /home/mukesh_lof/projects/lof-titan/firmware/micropython/py/obj.h:31,
                 from /home/mukesh_lof/projects/lof-titan/firmware/micropython/py/modstring.c:27:
/home/mukesh_lof/projects/lof-titan/firmware/micropython/ports/esp32/mpconfigport.h:115:9: warning: "MICROPY_PY_OS_DUPTERM" redefined
  115 | #define MICROPY_PY_OS_DUPTERM               (1)
      |         ^~~~~~~~~~~~~~~~~~~~~
In file included from /home/mukesh_lof/projects/lof-titan/firmware/micropython/ports/esp32/mpconfigport.h:5:
/home/mukesh_lof/projects/lof-titan/firmware/micropython/ports/esp32/boards/LOF_TITAN/mpconfigboard.h:13:9: note: this is the location of the previous definition
   13 | #define MICROPY_PY_OS_DUPTERM               (2)
      |         ^~~~~~~~~~~~~~~~~~~~~
In file included from /home/mukesh_lof/projects/lof-titan/firmware/micropython/py/mpconfig.h:100,
                 from /home/mukesh_lof/projects/lof-titan/firmware/micropython/py/obj.h:31,
                 from /home/mukesh_lof/projects/lof-titan/firmware/micropython/py/binary.h:30,
                 from /home/mukesh_lof/projects/lof-titan/firmware/micropython/extmod/modbluetooth.c:28:
/home/mukesh_lof/projects/lof-titan/firmware/micropython/ports/esp32/mpconfigport.h:115:9: warning: "MICROPY_PY_OS_DUPTERM" redefined
  115 | #define MICROPY_PY_OS_DUPTERM               (1)
      |         ^~~~~~~~~~~~~~~~~~~~~
In file included from /home/mukesh_lof/projects/lof-titan/firmware/micropython/ports/esp32/mpconfigport.h:5:
/home/mukesh_lof/projects/lof-titan/firmware/micropython/ports/esp32/boards/LOF_TITAN/mpconfigboard.h:13:9: note: this is the location of the previous definition
   13 | #define MICROPY_PY_OS_DUPTERM               (2)
      |         ^~~~~~~~~~~~~~~~~~~~~
In file included from /home/mukesh_lof/projects/lof-titan/firmware/micropython/py/mpconfig.h:100,
                 from /home/mukesh_lof/projects/lof-titan/firmware/micropython/py/mphal.h:31,
                 from /home/mukesh_lof/projects/lof-titan/firmware/micropython/extmod/modtime.c:28:
/home/mukesh_lof/projects/lof-titan/firmware/micropython/ports/esp32/mpconfigport.h:115:9: warning: "MICROPY_PY_OS_DUPTERM" redefined
  115 | #define MICROPY_PY_OS_DUPTERM               (1)
      |         ^~~~~~~~~~~~~~~~~~~~~
In file included from /home/mukesh_lof/projects/lof-titan/firmware/micropython/ports/esp32/mpconfigport.h:5:
/home/mukesh_lof/projects/lof-titan/firmware/micropython/ports/esp32/boards/LOF_TITAN/mpconfigboard.h:13:9: note: this is the location of the previous definition
   13 | #define MICROPY_PY_OS_DUPTERM               (2)
      |         ^~~~~~~~~~~~~~~~~~~~~
In file included from /home/mukesh_lof/projects/lof-titan/firmware/micropython/py/mpconfig.h:100,
                 from /home/mukesh_lof/projects/lof-titan/firmware/micropython/py/mpstate.h:31,
                 from /home/mukesh_lof/projects/lof-titan/firmware/micropython/py/runtime.h:29,
                 from /home/mukesh_lof/projects/lof-titan/firmware/micropython/extmod/nimble/modbluetooth_nimble.c:28:
/home/mukesh_lof/projects/lof-titan/firmware/micropython/ports/esp32/mpconfigport.h:115:9: warning: "MICROPY_PY_OS_DUPTERM" redefined
  115 | #define MICROPY_PY_OS_DUPTERM               (1)
      |         ^~~~~~~~~~~~~~~~~~~~~
In file included from /home/mukesh_lof/projects/lof-titan/firmware/micropython/ports/esp32/mpconfigport.h:5:
/home/mukesh_lof/projects/lof-titan/firmware/micropython/ports/esp32/boards/LOF_TITAN/mpconfigboard.h:13:9: note: this is the location of the previous definition
   13 | #define MICROPY_PY_OS_DUPTERM               (2)
      |         ^~~~~~~~~~~~~~~~~~~~~
In file included from /home/mukesh_lof/projects/lof-titan/firmware/micropython/py/mpconfig.h:100,
                 from /home/mukesh_lof/projects/lof-titan/firmware/micropython/py/lexer.h:31,
                 from /home/mukesh_lof/projects/lof-titan/firmware/micropython/py/emit.h:29,
                 from /home/mukesh_lof/projects/lof-titan/firmware/micropython/py/warning.c:31:
/home/mukesh_lof/projects/lof-titan/firmware/micropython/ports/esp32/mpconfigport.h:115:9: warning: "MICROPY_PY_OS_DUPTERM" redefined
  115 | #define MICROPY_PY_OS_DUPTERM               (1)
      |         ^~~~~~~~~~~~~~~~~~~~~
In file included from /home/mukesh_lof/projects/lof-titan/firmware/micropython/ports/esp32/mpconfigport.h:5:
/home/mukesh_lof/projects/lof-titan/firmware/micropython/ports/esp32/boards/LOF_TITAN/mpconfigboard.h:13:9: note: this is the location of the previous definition
   13 | #define MICROPY_PY_OS_DUPTERM               (2)
      |         ^~~~~~~~~~~~~~~~~~~~~
In file included from /home/mukesh_lof/projects/lof-titan/firmware/micropython/py/mpconfig.h:100,
                 from /home/mukesh_lof/projects/lof-titan/firmware/micropython/py/mpstate.h:31,
                 from /home/mukesh_lof/projects/lof-titan/firmware/micropython/py/runtime.h:29,
                 from /home/mukesh_lof/projects/lof-titan/firmware/micropython/py/objarray.c:32:
/home/mukesh_lof/projects/lof-titan/firmware/micropython/ports/esp32/mpconfigport.h:115:9: warning: "MICROPY_PY_OS_DUPTERM" redefined
  115 | #define MICROPY_PY_OS_DUPTERM               (1)
      |         ^~~~~~~~~~~~~~~~~~~~~
In file included from /home/mukesh_lof/projects/lof-titan/firmware/micropython/ports/esp32/mpconfigport.h:5:
/home/mukesh_lof/projects/lof-titan/firmware/micropython/ports/esp32/boards/LOF_TITAN/mpconfigboard.h:13:9: note: this is the location of the previous definition
   13 | #define MICROPY_PY_OS_DUPTERM               (2)
      |         ^~~~~~~~~~~~~~~~~~~~~
In file included from /home/mukesh_lof/projects/lof-titan/firmware/micropython/py/mpconfig.h:100,
                 from /home/mukesh_lof/projects/lof-titan/firmware/micropython/ports/esp32/gccollect.c:32:
/home/mukesh_lof/projects/lof-titan/firmware/micropython/ports/esp32/mpconfigport.h:115:9: warning: "MICROPY_PY_OS_DUPTERM" redefined
  115 | #define MICROPY_PY_OS_DUPTERM               (1)
      |         ^~~~~~~~~~~~~~~~~~~~~
In file included from /home/mukesh_lof/projects/lof-titan/firmware/micropython/ports/esp32/mpconfigport.h:5:
/home/mukesh_lof/projects/lof-titan/firmware/micropython/ports/esp32/boards/LOF_TITAN/mpconfigboard.h:13:9: note: this is the location of the previous definition
   13 | #define MICROPY_PY_OS_DUPTERM               (2)
      |         ^~~~~~~~~~~~~~~~~~~~~
In file included from /home/mukesh_lof/projects/lof-titan/firmware/micropython/py/mpconfig.h:100,
                 from /home/mukesh_lof/projects/lof-titan/firmware/micropython/py/emitnarm.c:3:
/home/mukesh_lof/projects/lof-titan/firmware/micropython/ports/esp32/mpconfigport.h:115:9: warning: "MICROPY_PY_OS_DUPTERM" redefined
  115 | #define MICROPY_PY_OS_DUPTERM               (1)
      |         ^~~~~~~~~~~~~~~~~~~~~
In file included from /home/mukesh_lof/projects/lof-titan/firmware/micropython/ports/esp32/mpconfigport.h:5:
/home/mukesh_lof/projects/lof-titan/firmware/micropython/ports/esp32/boards/LOF_TITAN/mpconfigboard.h:13:9: note: this is the location of the previous definition
   13 | #define MICROPY_PY_OS_DUPTERM               (2)
      |         ^~~~~~~~~~~~~~~~~~~~~
In file included from /home/mukesh_lof/projects/lof-titan/firmware/micropython/py/mpconfig.h:100,
                 from /home/mukesh_lof/projects/lof-titan/firmware/micropython/py/mpstate.h:31,
                 from /home/mukesh_lof/projects/lof-titan/firmware/micropython/py/runtime.h:29,
                 from /home/mukesh_lof/projects/lof-titan/firmware/micropython/py/bc.h:30,
                 from /home/mukesh_lof/projects/lof-titan/firmware/micropython/py/objmodule.c:32:
/home/mukesh_lof/projects/lof-titan/firmware/micropython/ports/esp32/mpconfigport.h:115:9: warning: "MICROPY_PY_OS_DUPTERM" redefined
  115 | #define MICROPY_PY_OS_DUPTERM               (1)
      |         ^~~~~~~~~~~~~~~~~~~~~
In file included from /home/mukesh_lof/projects/lof-titan/firmware/micropython/ports/esp32/mpconfigport.h:5:
/home/mukesh_lof/projects/lof-titan/firmware/micropython/ports/esp32/boards/LOF_TITAN/mpconfigboard.h:13:9: note: this is the location of the previous definition
   13 | #define MICROPY_PY_OS_DUPTERM               (2)
      |         ^~~~~~~~~~~~~~~~~~~~~
In file included from /home/mukesh_lof/projects/lof-titan/firmware/micropython/py/mpconfig.h:100,
                 from /home/mukesh_lof/projects/lof-titan/firmware/micropython/py/mpstate.h:31,
                 from /home/mukesh_lof/projects/lof-titan/firmware/micropython/py/runtime.h:29,
                 from /home/mukesh_lof/projects/lof-titan/firmware/micropython/ports/esp32/esp32_partition.c:29:
/home/mukesh_lof/projects/lof-titan/firmware/micropython/ports/esp32/mpconfigport.h:115:9: warning: "MICROPY_PY_OS_DUPTERM" redefined
  115 | #define MICROPY_PY_OS_DUPTERM               (1)
      |         ^~~~~~~~~~~~~~~~~~~~~
In file included from /home/mukesh_lof/projects/lof-titan/firmware/micropython/ports/esp32/mpconfigport.h:5:
/home/mukesh_lof/projects/lof-titan/firmware/micropython/ports/esp32/boards/LOF_TITAN/mpconfigboard.h:13:9: note: this is the location of the previous definition
   13 | #define MICROPY_PY_OS_DUPTERM               (2)
      |         ^~~~~~~~~~~~~~~~~~~~~
In file included from /home/mukesh_lof/projects/lof-titan/firmware/micropython/py/mpconfig.h:100,
                 from /home/mukesh_lof/projects/lof-titan/firmware/micropython/py/mpstate.h:31,
                 from /home/mukesh_lof/projects/lof-titan/firmware/micropython/py/runtime.h:29,
                 from /home/mukesh_lof/projects/lof-titan/firmware/micropython/extmod/modframebuf.c:30:
/home/mukesh_lof/projects/lof-titan/firmware/micropython/ports/esp32/mpconfigport.h:115:9: warning: "MICROPY_PY_OS_DUPTERM" redefined
  115 | #define MICROPY_PY_OS_DUPTERM               (1)
      |         ^~~~~~~~~~~~~~~~~~~~~
In file included from /home/mukesh_lof/projects/lof-titan/firmware/micropython/ports/esp32/mpconfigport.h:5:
/home/mukesh_lof/projects/lof-titan/firmware/micropython/ports/esp32/boards/LOF_TITAN/mpconfigboard.h:13:9: note: this is the location of the previous definition
   13 | #define MICROPY_PY_OS_DUPTERM               (2)
      |         ^~~~~~~~~~~~~~~~~~~~~
In file included from /home/mukesh_lof/projects/lof-titan/firmware/micropython/py/mpconfig.h:100,
                 from /home/mukesh_lof/projects/lof-titan/firmware/micropython/py/mpstate.h:31,
                 from /home/mukesh_lof/projects/lof-titan/firmware/micropython/py/runtime.h:29,
                 from /home/mukesh_lof/projects/lof-titan/firmware/micropython/shared/libc/abort_.c:1:
/home/mukesh_lof/projects/lof-titan/firmware/micropython/ports/esp32/mpconfigport.h:115:9: warning: "MICROPY_PY_OS_DUPTERM" redefined
  115 | #define MICROPY_PY_OS_DUPTERM               (1)
      |         ^~~~~~~~~~~~~~~~~~~~~
In file included from /home/mukesh_lof/projects/lof-titan/firmware/micropython/ports/esp32/mpconfigport.h:5:
/home/mukesh_lof/projects/lof-titan/firmware/micropython/ports/esp32/boards/LOF_TITAN/mpconfigboard.h:13:9: note: this is the location of the previous definition
   13 | #define MICROPY_PY_OS_DUPTERM               (2)
      |         ^~~~~~~~~~~~~~~~~~~~~
In file included from /home/mukesh_lof/projects/lof-titan/firmware/micropython/py/mpconfig.h:100,
                 from /home/mukesh_lof/projects/lof-titan/firmware/micropython/py/mpstate.h:31,
                 from /home/mukesh_lof/projects/lof-titan/firmware/micropython/py/runtime.h:29,
                 from /home/mukesh_lof/projects/lof-titan/firmware/micropython/extmod/modvfs.c:27:
/home/mukesh_lof/projects/lof-titan/firmware/micropython/ports/esp32/mpconfigport.h:115:9: warning: "MICROPY_PY_OS_DUPTERM" redefined
  115 | #define MICROPY_PY_OS_DUPTERM               (1)
      |         ^~~~~~~~~~~~~~~~~~~~~
In file included from /home/mukesh_lof/projects/lof-titan/firmware/micropython/ports/esp32/mpconfigport.h:5:
/home/mukesh_lof/projects/lof-titan/firmware/micropython/ports/esp32/boards/LOF_TITAN/mpconfigboard.h:13:9: note: this is the location of the previous definition
   13 | #define MICROPY_PY_OS_DUPTERM               (2)
      |         ^~~~~~~~~~~~~~~~~~~~~
In file included from /home/mukesh_lof/projects/lof-titan/firmware/micropython/py/mpconfig.h:100,
                 from /home/mukesh_lof/projects/lof-titan/firmware/micropython/py/mpstate.h:31,
                 from /home/mukesh_lof/projects/lof-titan/firmware/micropython/py/runtime.h:29,
                 from /home/mukesh_lof/projects/lof-titan/firmware/micropython/extmod/modbtree.c:27:
/home/mukesh_lof/projects/lof-titan/firmware/micropython/ports/esp32/mpconfigport.h:115:9: warning: "MICROPY_PY_OS_DUPTERM" redefined
  115 | #define MICROPY_PY_OS_DUPTERM               (1)
      |         ^~~~~~~~~~~~~~~~~~~~~
In file included from /home/mukesh_lof/projects/lof-titan/firmware/micropython/ports/esp32/mpconfigport.h:5:
/home/mukesh_lof/projects/lof-titan/firmware/micropython/ports/esp32/boards/LOF_TITAN/mpconfigboard.h:13:9: note: this is the location of the previous definition
   13 | #define MICROPY_PY_OS_DUPTERM               (2)
      |         ^~~~~~~~~~~~~~~~~~~~~
In file included from /home/mukesh_lof/projects/lof-titan/firmware/micropython/py/mpconfig.h:100,
                 from /home/mukesh_lof/projects/lof-titan/firmware/micropython/py/obj.h:31,
                 from /home/mukesh_lof/projects/lof-titan/firmware/micropython/ports/esp32/mphalport.c:37:
/home/mukesh_lof/projects/lof-titan/firmware/micropython/ports/esp32/mpconfigport.h:115:9: warning: "MICROPY_PY_OS_DUPTERM" redefined
  115 | #define MICROPY_PY_OS_DUPTERM               (1)
      |         ^~~~~~~~~~~~~~~~~~~~~
In file included from /home/mukesh_lof/projects/lof-titan/firmware/micropython/ports/esp32/mpconfigport.h:5:
/home/mukesh_lof/projects/lof-titan/firmware/micropython/ports/esp32/boards/LOF_TITAN/mpconfigboard.h:13:9: note: this is the location of the previous definition
   13 | #define MICROPY_PY_OS_DUPTERM               (2)
      |         ^~~~~~~~~~~~~~~~~~~~~
In file included from /home/mukesh_lof/projects/lof-titan/firmware/micropython/py/mpconfig.h:100,
                 from /home/mukesh_lof/projects/lof-titan/firmware/micropython/py/mpstate.h:31,
                 from /home/mukesh_lof/projects/lof-titan/firmware/micropython/py/runtime.h:29,
                 from /home/mukesh_lof/projects/lof-titan/firmware/micropython/ports/esp32/esp32_pcnt.c:28:
/home/mukesh_lof/projects/lof-titan/firmware/micropython/ports/esp32/mpconfigport.h:115:9: warning: "MICROPY_PY_OS_DUPTERM" redefined
  115 | #define MICROPY_PY_OS_DUPTERM               (1)
      |         ^~~~~~~~~~~~~~~~~~~~~
In file included from /home/mukesh_lof/projects/lof-titan/firmware/micropython/ports/esp32/mpconfigport.h:5:
/home/mukesh_lof/projects/lof-titan/firmware/micropython/ports/esp32/boards/LOF_TITAN/mpconfigboard.h:13:9: note: this is the location of the previous definition
   13 | #define MICROPY_PY_OS_DUPTERM               (2)
      |         ^~~~~~~~~~~~~~~~~~~~~
In file included from /home/mukesh_lof/projects/lof-titan/firmware/micropython/py/mpconfig.h:100,
                 from /home/mukesh_lof/projects/lof-titan/firmware/micropython/py/obj.h:31,
                 from /home/mukesh_lof/projects/lof-titan/firmware/micropython/py/objlist.h:29,
                 from /home/mukesh_lof/projects/lof-titan/firmware/micropython/extmod/modlwip.c:32:
/home/mukesh_lof/projects/lof-titan/firmware/micropython/ports/esp32/mpconfigport.h:115:9: warning: "MICROPY_PY_OS_DUPTERM" redefined
  115 | #define MICROPY_PY_OS_DUPTERM               (1)
      |         ^~~~~~~~~~~~~~~~~~~~~
In file included from /home/mukesh_lof/projects/lof-titan/firmware/micropython/ports/esp32/mpconfigport.h:5:
/home/mukesh_lof/projects/lof-titan/firmware/micropython/ports/esp32/boards/LOF_TITAN/mpconfigboard.h:13:9: note: this is the location of the previous definition
   13 | #define MICROPY_PY_OS_DUPTERM               (2)
      |         ^~~~~~~~~~~~~~~~~~~~~
In file included from /home/mukesh_lof/projects/lof-titan/firmware/micropython/py/mpconfig.h:100,
                 from /home/mukesh_lof/projects/lof-titan/firmware/micropython/py/mpstate.h:31,
                 from /home/mukesh_lof/projects/lof-titan/firmware/micropython/py/runtime.h:29,
                 from /home/mukesh_lof/projects/lof-titan/firmware/micropython/extmod/modwebsocket.c:31:
/home/mukesh_lof/projects/lof-titan/firmware/micropython/ports/esp32/mpconfigport.h:115:9: warning: "MICROPY_PY_OS_DUPTERM" redefined
  115 | #define MICROPY_PY_OS_DUPTERM               (1)
      |         ^~~~~~~~~~~~~~~~~~~~~
In file included from /home/mukesh_lof/projects/lof-titan/firmware/micropython/ports/esp32/mpconfigport.h:5:
/home/mukesh_lof/projects/lof-titan/firmware/micropython/ports/esp32/boards/LOF_TITAN/mpconfigboard.h:13:9: note: this is the location of the previous definition
   13 | #define MICROPY_PY_OS_DUPTERM               (2)
      |         ^~~~~~~~~~~~~~~~~~~~~
In file included from /home/mukesh_lof/projects/lof-titan/firmware/micropython/py/mpconfig.h:100,
                 from /home/mukesh_lof/projects/lof-titan/firmware/micropython/py/mpstate.h:31,
                 from /home/mukesh_lof/projects/lof-titan/firmware/micropython/shared/readline/readline.c:31:
/home/mukesh_lof/projects/lof-titan/firmware/micropython/ports/esp32/mpconfigport.h:115:9: warning: "MICROPY_PY_OS_DUPTERM" redefined
  115 | #define MICROPY_PY_OS_DUPTERM               (1)
      |         ^~~~~~~~~~~~~~~~~~~~~
In file included from /home/mukesh_lof/projects/lof-titan/firmware/micropython/ports/esp32/mpconfigport.h:5:
/home/mukesh_lof/projects/lof-titan/firmware/micropython/ports/esp32/boards/LOF_TITAN/mpconfigboard.h:13:9: note: this is the location of the previous definition
   13 | #define MICROPY_PY_OS_DUPTERM               (2)
      |         ^~~~~~~~~~~~~~~~~~~~~
In file included from /home/mukesh_lof/projects/lof-titan/firmware/micropython/py/mpconfig.h:100,
                 from /home/mukesh_lof/projects/lof-titan/firmware/micropython/py/obj.h:31,
                 from /home/mukesh_lof/projects/lof-titan/firmware/micropython/py/builtin.h:29,
                 from /home/mukesh_lof/projects/lof-titan/firmware/micropython/extmod/modmachine.c:27:
/home/mukesh_lof/projects/lof-titan/firmware/micropython/ports/esp32/mpconfigport.h:115:9: warning: "MICROPY_PY_OS_DUPTERM" redefined
  115 | #define MICROPY_PY_OS_DUPTERM               (1)
      |         ^~~~~~~~~~~~~~~~~~~~~
In file included from /home/mukesh_lof/projects/lof-titan/firmware/micropython/ports/esp32/mpconfigport.h:5:
/home/mukesh_lof/projects/lof-titan/firmware/micropython/ports/esp32/boards/LOF_TITAN/mpconfigboard.h:13:9: note: this is the location of the previous definition
   13 | #define MICROPY_PY_OS_DUPTERM               (2)
      |         ^~~~~~~~~~~~~~~~~~~~~
In file included from /home/mukesh_lof/projects/lof-titan/firmware/micropython/py/mpconfig.h:100,
                 from /home/mukesh_lof/projects/lof-titan/firmware/micropython/py/mpstate.h:31,
                 from /home/mukesh_lof/projects/lof-titan/firmware/micropython/py/runtime.h:29,
                 from /home/mukesh_lof/projects/lof-titan/firmware/micropython/extmod/modwebrepl.c:31:
/home/mukesh_lof/projects/lof-titan/firmware/micropython/ports/esp32/mpconfigport.h:115:9: warning: "MICROPY_PY_OS_DUPTERM" redefined
  115 | #define MICROPY_PY_OS_DUPTERM               (1)
      |         ^~~~~~~~~~~~~~~~~~~~~
In file included from /home/mukesh_lof/projects/lof-titan/firmware/micropython/ports/esp32/mpconfigport.h:5:
/home/mukesh_lof/projects/lof-titan/firmware/micropython/ports/esp32/boards/LOF_TITAN/mpconfigboard.h:13:9: note: this is the location of the previous definition
   13 | #define MICROPY_PY_OS_DUPTERM               (2)
      |         ^~~~~~~~~~~~~~~~~~~~~
In file included from /home/mukesh_lof/projects/lof-titan/firmware/micropython/py/mpconfig.h:100,
                 from /home/mukesh_lof/projects/lof-titan/firmware/micropython/py/mphal.h:31,
                 from /home/mukesh_lof/projects/lof-titan/firmware/micropython/ports/esp32/esp32_rmt.c:28:
/home/mukesh_lof/projects/lof-titan/firmware/micropython/ports/esp32/mpconfigport.h:115:9: warning: "MICROPY_PY_OS_DUPTERM" redefined
  115 | #define MICROPY_PY_OS_DUPTERM               (1)
      |         ^~~~~~~~~~~~~~~~~~~~~
In file included from /home/mukesh_lof/projects/lof-titan/firmware/micropython/ports/esp32/mpconfigport.h:5:
/home/mukesh_lof/projects/lof-titan/firmware/micropython/ports/esp32/boards/LOF_TITAN/mpconfigboard.h:13:9: note: this is the location of the previous definition
   13 | #define MICROPY_PY_OS_DUPTERM               (2)
      |         ^~~~~~~~~~~~~~~~~~~~~
In file included from /home/mukesh_lof/projects/lof-titan/firmware/micropython/py/mpconfig.h:100,
                 from /home/mukesh_lof/projects/lof-titan/firmware/micropython/py/mpstate.h:31,
                 from /home/mukesh_lof/projects/lof-titan/firmware/micropython/py/runtime.h:29,
                 from /home/mukesh_lof/projects/lof-titan/firmware/micropython/shared/netutils/netutils.c:32:
/home/mukesh_lof/projects/lof-titan/firmware/micropython/ports/esp32/mpconfigport.h:115:9: warning: "MICROPY_PY_OS_DUPTERM" redefined
  115 | #define MICROPY_PY_OS_DUPTERM               (1)
      |         ^~~~~~~~~~~~~~~~~~~~~
In file included from /home/mukesh_lof/projects/lof-titan/firmware/micropython/ports/esp32/mpconfigport.h:5:
/home/mukesh_lof/projects/lof-titan/firmware/micropython/ports/esp32/boards/LOF_TITAN/mpconfigboard.h:13:9: note: this is the location of the previous definition
   13 | #define MICROPY_PY_OS_DUPTERM               (2)
      |         ^~~~~~~~~~~~~~~~~~~~~
In file included from /home/mukesh_lof/projects/lof-titan/firmware/micropython/py/mpconfig.h:100,
                 from /home/mukesh_lof/projects/lof-titan/firmware/micropython/py/mpstate.h:31,
                 from /home/mukesh_lof/projects/lof-titan/firmware/micropython/py/runtime.h:29,
                 from /home/mukesh_lof/projects/lof-titan/firmware/micropython/py/bc.h:30,
                 from /home/mukesh_lof/projects/lof-titan/firmware/micropython/py/objcode.h:29,
                 from /home/mukesh_lof/projects/lof-titan/firmware/micropython/extmod/modmarshal.c:28:
/home/mukesh_lof/projects/lof-titan/firmware/micropython/ports/esp32/mpconfigport.h:115:9: warning: "MICROPY_PY_OS_DUPTERM" redefined
  115 | #define MICROPY_PY_OS_DUPTERM               (1)
      |         ^~~~~~~~~~~~~~~~~~~~~
In file included from /home/mukesh_lof/projects/lof-titan/firmware/micropython/ports/esp32/mpconfigport.h:5:
/home/mukesh_lof/projects/lof-titan/firmware/micropython/ports/esp32/boards/LOF_TITAN/mpconfigboard.h:13:9: note: this is the location of the previous definition
   13 | #define MICROPY_PY_OS_DUPTERM               (2)
      |         ^~~~~~~~~~~~~~~~~~~~~
In file included from /home/mukesh_lof/projects/lof-titan/firmware/micropython/py/mpconfig.h:100,
                 from /home/mukesh_lof/projects/lof-titan/firmware/micropython/py/mpstate.h:31,
                 from /home/mukesh_lof/projects/lof-titan/firmware/micropython/py/runtime.h:29,
                 from /home/mukesh_lof/projects/lof-titan/firmware/micropython/ports/esp32/esp32_ulp.c:27:
/home/mukesh_lof/projects/lof-titan/firmware/micropython/ports/esp32/mpconfigport.h:115:9: warning: "MICROPY_PY_OS_DUPTERM" redefined
  115 | #define MICROPY_PY_OS_DUPTERM               (1)
      |         ^~~~~~~~~~~~~~~~~~~~~
In file included from /home/mukesh_lof/projects/lof-titan/firmware/micropython/ports/esp32/mpconfigport.h:5:
/home/mukesh_lof/projects/lof-titan/firmware/micropython/ports/esp32/boards/LOF_TITAN/mpconfigboard.h:13:9: note: this is the location of the previous definition
   13 | #define MICROPY_PY_OS_DUPTERM               (2)
      |         ^~~~~~~~~~~~~~~~~~~~~
In file included from /home/mukesh_lof/projects/lof-titan/firmware/micropython/py/mpconfig.h:100,
                 from /home/mukesh_lof/projects/lof-titan/firmware/micropython/py/mpstate.h:31,
                 from /home/mukesh_lof/projects/lof-titan/firmware/micropython/py/runtime.h:29,
                 from /home/mukesh_lof/projects/lof-titan/firmware/micropython/ports/esp32/esp32_ldo.c:29:
/home/mukesh_lof/projects/lof-titan/firmware/micropython/ports/esp32/mpconfigport.h:115:9: warning: "MICROPY_PY_OS_DUPTERM" redefined
  115 | #define MICROPY_PY_OS_DUPTERM               (1)
      |         ^~~~~~~~~~~~~~~~~~~~~
In file included from /home/mukesh_lof/projects/lof-titan/firmware/micropython/ports/esp32/mpconfigport.h:5:
/home/mukesh_lof/projects/lof-titan/firmware/micropython/ports/esp32/boards/LOF_TITAN/mpconfigboard.h:13:9: note: this is the location of the previous definition
   13 | #define MICROPY_PY_OS_DUPTERM               (2)
      |         ^~~~~~~~~~~~~~~~~~~~~
[29/296] Generating ../../genhdr/root_pointers.split
[30/296] Generating ../../genhdr/root_pointers.collected
Root pointer registrations not updated
[31/295] Generating ../../genhdr/qstr.split
[32/295] Generating ../../genhdr/qstrdefs.collected.h
QSTR not updated
[33/293] cd /home/mukesh_lof/projects/lof-titan/firmware/micropython/ports/esp32/build-LOF_TITAN/esp-idf/main && /home/mukesh_lof/.espressif/python_env/idf5.5_py3.12_env/bin/python /home/mukesh_lof/projects/lof-titan/firmware/micropython/tools/makemanifest.py -o /home/mukesh_lof/projects/lof-titan/firmware/micropython/ports/esp32/build-LOF_TITAN/frozen_content.c -v BOARD_DIR=/home/mukesh_lof/projects/lof-titan/firmware/micropython/ports/esp32/boards/LOF_TITAN -v MPY_DIR=/home/mukesh_lof/projects/lof-titan/firmware/micropython -v MPY_LIB_DIR=/home/mukesh_lof/projects/lof-titan/firmware/micropython/lib/micropython-lib -v PORT_DIR=/home/mukesh_lof/projects/lof-titan/firmware/micropython/ports/esp32 -b /home/mukesh_lof/projects/lof-titan/firmware/micropython/ports/esp32/build-LOF_TITAN -f-march=xtensawin --mpy-tool-flags= /home/mukesh_lof/projects/lof-titan/firmware/micropython/ports/esp32/boards/LOF_TITAN/manifest.py
MPY _boot.py
MPY supervisor/state_machine.py
MPY supervisor/led_buzzer.py
MPY supervisor/__init__.py
MPY supervisor/pins.py
MPY supervisor/ble_manager.py
MPY supervisor/program_runner.py
MPY supervisor/device_id.py
MPY supervisor/main_supervisor.py
GEN /home/mukesh_lof/projects/lof-titan/firmware/micropython/ports/esp32/build-LOF_TITAN/frozen_content.c
[34/293] Generating ../../genhdr/compressed.split
[35/293] Generating ../../genhdr/moduledefs.split
[36/293] Generating ../../genhdr/compressed.collected
Compressed data not updated
[37/292] Generating ../../genhdr/moduledefs.collected
Module registrations not updated
[38/291] Building C object esp-idf/main/CMakeFiles/__idf_main.dir/home/mukesh_lof/projects/lof-titan/firmware/micropython/py/asmx86.c.obj
In file included from /home/mukesh_lof/projects/lof-titan/firmware/micropython/py/mpconfig.h:100,
                 from /home/mukesh_lof/projects/lof-titan/firmware/micropython/py/asmx86.c:32:
/home/mukesh_lof/projects/lof-titan/firmware/micropython/ports/esp32/mpconfigport.h:115:9: warning: "MICROPY_PY_OS_DUPTERM" redefined
  115 | #define MICROPY_PY_OS_DUPTERM               (1)
      |         ^~~~~~~~~~~~~~~~~~~~~
In file included from /home/mukesh_lof/projects/lof-titan/firmware/micropython/ports/esp32/mpconfigport.h:5:
/home/mukesh_lof/projects/lof-titan/firmware/micropython/ports/esp32/boards/LOF_TITAN/mpconfigboard.h:13:9: note: this is the location of the previous definition
   13 | #define MICROPY_PY_OS_DUPTERM               (2)
      |         ^~~~~~~~~~~~~~~~~~~~~
[39/291] Building C object esp-idf/main/CMakeFiles/__idf_main.dir/home/mukesh_lof/projects/lof-titan/firmware/micropython/py/asmarm.c.obj
In file included from /home/mukesh_lof/projects/lof-titan/firmware/micropython/py/mpconfig.h:100,
                 from /home/mukesh_lof/projects/lof-titan/firmware/micropython/py/asmarm.c:32:
/home/mukesh_lof/projects/lof-titan/firmware/micropython/ports/esp32/mpconfigport.h:115:9: warning: "MICROPY_PY_OS_DUPTERM" redefined
  115 | #define MICROPY_PY_OS_DUPTERM               (1)
      |         ^~~~~~~~~~~~~~~~~~~~~
In file included from /home/mukesh_lof/projects/lof-titan/firmware/micropython/ports/esp32/mpconfigport.h:5:
/home/mukesh_lof/projects/lof-titan/firmware/micropython/ports/esp32/boards/LOF_TITAN/mpconfigboard.h:13:9: note: this is the location of the previous definition
   13 | #define MICROPY_PY_OS_DUPTERM               (2)
      |         ^~~~~~~~~~~~~~~~~~~~~
[40/291] Building C object esp-idf/main/CMakeFiles/__idf_main.dir/home/mukesh_lof/projects/lof-titan/firmware/micropython/py/asmthumb.c.obj
In file included from /home/mukesh_lof/projects/lof-titan/firmware/micropython/py/mpconfig.h:100,
                 from /home/mukesh_lof/projects/lof-titan/firmware/micropython/py/asmthumb.c:31:
/home/mukesh_lof/projects/lof-titan/firmware/micropython/ports/esp32/mpconfigport.h:115:9: warning: "MICROPY_PY_OS_DUPTERM" redefined
  115 | #define MICROPY_PY_OS_DUPTERM               (1)
      |         ^~~~~~~~~~~~~~~~~~~~~
In file included from /home/mukesh_lof/projects/lof-titan/firmware/micropython/ports/esp32/mpconfigport.h:5:
/home/mukesh_lof/projects/lof-titan/firmware/micropython/ports/esp32/boards/LOF_TITAN/mpconfigboard.h:13:9: note: this is the location of the previous definition
   13 | #define MICROPY_PY_OS_DUPTERM               (2)
      |         ^~~~~~~~~~~~~~~~~~~~~
[41/291] Building C object esp-idf/main/CMakeFiles/__idf_main.dir/home/mukesh_lof/projects/lof-titan/firmware/micropython/py/asmrv32.c.obj
In file included from /home/mukesh_lof/projects/lof-titan/firmware/micropython/py/mpconfig.h:100,
                 from /home/mukesh_lof/projects/lof-titan/firmware/micropython/py/lexer.h:31,
                 from /home/mukesh_lof/projects/lof-titan/firmware/micropython/py/emit.h:29,
                 from /home/mukesh_lof/projects/lof-titan/firmware/micropython/py/asmrv32.c:31:
/home/mukesh_lof/projects/lof-titan/firmware/micropython/ports/esp32/mpconfigport.h:115:9: warning: "MICROPY_PY_OS_DUPTERM" redefined
  115 | #define MICROPY_PY_OS_DUPTERM               (1)
      |         ^~~~~~~~~~~~~~~~~~~~~
In file included from /home/mukesh_lof/projects/lof-titan/firmware/micropython/ports/esp32/mpconfigport.h:5:
/home/mukesh_lof/projects/lof-titan/firmware/micropython/ports/esp32/boards/LOF_TITAN/mpconfigboard.h:13:9: note: this is the location of the previous definition
   13 | #define MICROPY_PY_OS_DUPTERM               (2)
      |         ^~~~~~~~~~~~~~~~~~~~~
[42/291] Building C object esp-idf/main/CMakeFiles/__idf_main.dir/home/mukesh_lof/projects/lof-titan/firmware/micropython/py/asmx64.c.obj
In file included from /home/mukesh_lof/projects/lof-titan/firmware/micropython/py/mpconfig.h:100,
                 from /home/mukesh_lof/projects/lof-titan/firmware/micropython/py/asmx64.c:32:
/home/mukesh_lof/projects/lof-titan/firmware/micropython/ports/esp32/mpconfigport.h:115:9: warning: "MICROPY_PY_OS_DUPTERM" redefined
  115 | #define MICROPY_PY_OS_DUPTERM               (1)
      |         ^~~~~~~~~~~~~~~~~~~~~
In file included from /home/mukesh_lof/projects/lof-titan/firmware/micropython/ports/esp32/mpconfigport.h:5:
/home/mukesh_lof/projects/lof-titan/firmware/micropython/ports/esp32/boards/LOF_TITAN/mpconfigboard.h:13:9: note: this is the location of the previous definition
   13 | #define MICROPY_PY_OS_DUPTERM               (2)
      |         ^~~~~~~~~~~~~~~~~~~~~
[43/291] Building C object esp-idf/main/CMakeFiles/__idf_main.dir/home/mukesh_lof/projects/lof-titan/firmware/micropython/py/asmbase.c.obj
In file included from /home/mukesh_lof/projects/lof-titan/firmware/micropython/py/mpconfig.h:100,
                 from /home/mukesh_lof/projects/lof-titan/firmware/micropython/py/obj.h:31,
                 from /home/mukesh_lof/projects/lof-titan/firmware/micropython/py/asmbase.c:30:
/home/mukesh_lof/projects/lof-titan/firmware/micropython/ports/esp32/mpconfigport.h:115:9: warning: "MICROPY_PY_OS_DUPTERM" redefined
  115 | #define MICROPY_PY_OS_DUPTERM               (1)
      |         ^~~~~~~~~~~~~~~~~~~~~
In file included from /home/mukesh_lof/projects/lof-titan/firmware/micropython/ports/esp32/mpconfigport.h:5:
/home/mukesh_lof/projects/lof-titan/firmware/micropython/ports/esp32/boards/LOF_TITAN/mpconfigboard.h:13:9: note: this is the location of the previous definition
   13 | #define MICROPY_PY_OS_DUPTERM               (2)
      |         ^~~~~~~~~~~~~~~~~~~~~
[44/291] Building C object esp-idf/main/CMakeFiles/__idf_main.dir/home/mukesh_lof/projects/lof-titan/firmware/micropython/py/cstack.c.obj
In file included from /home/mukesh_lof/projects/lof-titan/firmware/micropython/py/mpconfig.h:100,
                 from /home/mukesh_lof/projects/lof-titan/firmware/micropython/py/mpstate.h:31,
                 from /home/mukesh_lof/projects/lof-titan/firmware/micropython/py/runtime.h:29,
                 from /home/mukesh_lof/projects/lof-titan/firmware/micropython/py/cstack.c:28:
/home/mukesh_lof/projects/lof-titan/firmware/micropython/ports/esp32/mpconfigport.h:115:9: warning: "MICROPY_PY_OS_DUPTERM" redefined
  115 | #define MICROPY_PY_OS_DUPTERM               (1)
      |         ^~~~~~~~~~~~~~~~~~~~~
In file included from /home/mukesh_lof/projects/lof-titan/firmware/micropython/ports/esp32/mpconfigport.h:5:
/home/mukesh_lof/projects/lof-titan/firmware/micropython/ports/esp32/boards/LOF_TITAN/mpconfigboard.h:13:9: note: this is the location of the previous definition
   13 | #define MICROPY_PY_OS_DUPTERM               (2)
      |         ^~~~~~~~~~~~~~~~~~~~~
[45/291] Building C object esp-idf/main/CMakeFiles/__idf_main.dir/home/mukesh_lof/projects/lof-titan/firmware/micropython/py/emitcommon.c.obj
In file included from /home/mukesh_lof/projects/lof-titan/firmware/micropython/py/mpconfig.h:100,
                 from /home/mukesh_lof/projects/lof-titan/firmware/micropython/py/lexer.h:31,
                 from /home/mukesh_lof/projects/lof-titan/firmware/micropython/py/emit.h:29,
                 from /home/mukesh_lof/projects/lof-titan/firmware/micropython/py/emitcommon.c:30:
/home/mukesh_lof/projects/lof-titan/firmware/micropython/ports/esp32/mpconfigport.h:115:9: warning: "MICROPY_PY_OS_DUPTERM" redefined
  115 | #define MICROPY_PY_OS_DUPTERM               (1)
      |         ^~~~~~~~~~~~~~~~~~~~~
In file included from /home/mukesh_lof/projects/lof-titan/firmware/micropython/ports/esp32/mpconfigport.h:5:
/home/mukesh_lof/projects/lof-titan/firmware/micropython/ports/esp32/boards/LOF_TITAN/mpconfigboard.h:13:9: note: this is the location of the previous definition
   13 | #define MICROPY_PY_OS_DUPTERM               (2)
      |         ^~~~~~~~~~~~~~~~~~~~~
[46/291] Building C object esp-idf/main/CMakeFiles/__idf_main.dir/home/mukesh_lof/projects/lof-titan/firmware/micropython/py/argcheck.c.obj
In file included from /home/mukesh_lof/projects/lof-titan/firmware/micropython/py/mpconfig.h:100,
                 from /home/mukesh_lof/projects/lof-titan/firmware/micropython/py/mpstate.h:31,
                 from /home/mukesh_lof/projects/lof-titan/firmware/micropython/py/runtime.h:29,
                 from /home/mukesh_lof/projects/lof-titan/firmware/micropython/py/argcheck.c:30:
/home/mukesh_lof/projects/lof-titan/firmware/micropython/ports/esp32/mpconfigport.h:115:9: warning: "MICROPY_PY_OS_DUPTERM" redefined
  115 | #define MICROPY_PY_OS_DUPTERM               (1)
      |         ^~~~~~~~~~~~~~~~~~~~~
In file included from /home/mukesh_lof/projects/lof-titan/firmware/micropython/ports/esp32/mpconfigport.h:5:
/home/mukesh_lof/projects/lof-titan/firmware/micropython/ports/esp32/boards/LOF_TITAN/mpconfigboard.h:13:9: note: this is the location of the previous definition
   13 | #define MICROPY_PY_OS_DUPTERM               (2)
      |         ^~~~~~~~~~~~~~~~~~~~~
[47/291] Building C object esp-idf/main/CMakeFiles/__idf_main.dir/home/mukesh_lof/projects/lof-titan/firmware/micropython/py/emitinlinerv32.c.obj
In file included from /home/mukesh_lof/projects/lof-titan/firmware/micropython/py/mpconfig.h:100,
                 from /home/mukesh_lof/projects/lof-titan/firmware/micropython/py/lexer.h:31,
                 from /home/mukesh_lof/projects/lof-titan/firmware/micropython/py/emit.h:29,
                 from /home/mukesh_lof/projects/lof-titan/firmware/micropython/py/emitinlinerv32.c:33:
/home/mukesh_lof/projects/lof-titan/firmware/micropython/ports/esp32/mpconfigport.h:115:9: warning: "MICROPY_PY_OS_DUPTERM" redefined
  115 | #define MICROPY_PY_OS_DUPTERM               (1)
      |         ^~~~~~~~~~~~~~~~~~~~~
In file included from /home/mukesh_lof/projects/lof-titan/firmware/micropython/ports/esp32/mpconfigport.h:5:
/home/mukesh_lof/projects/lof-titan/firmware/micropython/ports/esp32/boards/LOF_TITAN/mpconfigboard.h:13:9: note: this is the location of the previous definition
   13 | #define MICROPY_PY_OS_DUPTERM               (2)
      |         ^~~~~~~~~~~~~~~~~~~~~
[48/291] Building C object esp-idf/main/CMakeFiles/__idf_main.dir/home/mukesh_lof/projects/lof-titan/firmware/micropython/py/builtinhelp.c.obj
In file included from /home/mukesh_lof/projects/lof-titan/firmware/micropython/py/mpconfig.h:100,
                 from /home/mukesh_lof/projects/lof-titan/firmware/micropython/py/obj.h:31,
                 from /home/mukesh_lof/projects/lof-titan/firmware/micropython/py/builtin.h:29,
                 from /home/mukesh_lof/projects/lof-titan/firmware/micropython/py/builtinhelp.c:30:
/home/mukesh_lof/projects/lof-titan/firmware/micropython/ports/esp32/mpconfigport.h:115:9: warning: "MICROPY_PY_OS_DUPTERM" redefined
  115 | #define MICROPY_PY_OS_DUPTERM               (1)
      |         ^~~~~~~~~~~~~~~~~~~~~
In file included from /home/mukesh_lof/projects/lof-titan/firmware/micropython/ports/esp32/mpconfigport.h:5:
/home/mukesh_lof/projects/lof-titan/firmware/micropython/ports/esp32/boards/LOF_TITAN/mpconfigboard.h:13:9: note: this is the location of the previous definition
   13 | #define MICROPY_PY_OS_DUPTERM               (2)
      |         ^~~~~~~~~~~~~~~~~~~~~
[49/291] Building C object esp-idf/main/CMakeFiles/__idf_main.dir/home/mukesh_lof/projects/lof-titan/firmware/micropython/py/binary.c.obj
In file included from /home/mukesh_lof/projects/lof-titan/firmware/micropython/py/mpconfig.h:100,
                 from /home/mukesh_lof/projects/lof-titan/firmware/micropython/py/obj.h:31,
                 from /home/mukesh_lof/projects/lof-titan/firmware/micropython/py/binary.h:30,
                 from /home/mukesh_lof/projects/lof-titan/firmware/micropython/py/binary.c:34:
/home/mukesh_lof/projects/lof-titan/firmware/micropython/ports/esp32/mpconfigport.h:115:9: warning: "MICROPY_PY_OS_DUPTERM" redefined
  115 | #define MICROPY_PY_OS_DUPTERM               (1)
      |         ^~~~~~~~~~~~~~~~~~~~~
In file included from /home/mukesh_lof/projects/lof-titan/firmware/micropython/ports/esp32/mpconfigport.h:5:
/home/mukesh_lof/projects/lof-titan/firmware/micropython/ports/esp32/boards/LOF_TITAN/mpconfigboard.h:13:9: note: this is the location of the previous definition
   13 | #define MICROPY_PY_OS_DUPTERM               (2)
      |         ^~~~~~~~~~~~~~~~~~~~~
[50/291] Building C object esp-idf/main/CMakeFiles/__idf_main.dir/home/mukesh_lof/projects/lof-titan/firmware/micropython/py/builtinevex.c.obj
In file included from /home/mukesh_lof/projects/lof-titan/firmware/micropython/py/mpconfig.h:100,
                 from /home/mukesh_lof/projects/lof-titan/firmware/micropython/py/mpstate.h:31,
                 from /home/mukesh_lof/projects/lof-titan/firmware/micropython/py/runtime.h:29,
                 from /home/mukesh_lof/projects/lof-titan/firmware/micropython/py/bc.h:30,
                 from /home/mukesh_lof/projects/lof-titan/firmware/micropython/py/objcode.h:29,
                 from /home/mukesh_lof/projects/lof-titan/firmware/micropython/py/builtinevex.c:29:
/home/mukesh_lof/projects/lof-titan/firmware/micropython/ports/esp32/mpconfigport.h:115:9: warning: "MICROPY_PY_OS_DUPTERM" redefined
  115 | #define MICROPY_PY_OS_DUPTERM               (1)
      |         ^~~~~~~~~~~~~~~~~~~~~
In file included from /home/mukesh_lof/projects/lof-titan/firmware/micropython/ports/esp32/mpconfigport.h:5:
/home/mukesh_lof/projects/lof-titan/firmware/micropython/ports/esp32/boards/LOF_TITAN/mpconfigboard.h:13:9: note: this is the location of the previous definition
   13 | #define MICROPY_PY_OS_DUPTERM               (2)
      |         ^~~~~~~~~~~~~~~~~~~~~
[51/291] Building C object esp-idf/main/CMakeFiles/__idf_main.dir/home/mukesh_lof/projects/lof-titan/firmware/micropython/py/emitnarm.c.obj
In file included from /home/mukesh_lof/projects/lof-titan/firmware/micropython/py/mpconfig.h:100,
                 from /home/mukesh_lof/projects/lof-titan/firmware/micropython/py/emitnarm.c:3:
/home/mukesh_lof/projects/lof-titan/firmware/micropython/ports/esp32/mpconfigport.h:115:9: warning: "MICROPY_PY_OS_DUPTERM" redefined
  115 | #define MICROPY_PY_OS_DUPTERM               (1)
      |         ^~~~~~~~~~~~~~~~~~~~~
In file included from /home/mukesh_lof/projects/lof-titan/firmware/micropython/ports/esp32/mpconfigport.h:5:
/home/mukesh_lof/projects/lof-titan/firmware/micropython/ports/esp32/boards/LOF_TITAN/mpconfigboard.h:13:9: note: this is the location of the previous definition
   13 | #define MICROPY_PY_OS_DUPTERM               (2)
      |         ^~~~~~~~~~~~~~~~~~~~~
[52/291] Building C object esp-idf/main/CMakeFiles/__idf_main.dir/home/mukesh_lof/projects/lof-titan/firmware/micropython/py/emitinlinethumb.c.obj
In file included from /home/mukesh_lof/projects/lof-titan/firmware/micropython/py/mpconfig.h:100,
                 from /home/mukesh_lof/projects/lof-titan/firmware/micropython/py/lexer.h:31,
                 from /home/mukesh_lof/projects/lof-titan/firmware/micropython/py/emit.h:29,
                 from /home/mukesh_lof/projects/lof-titan/firmware/micropython/py/emitinlinethumb.c:33:
/home/mukesh_lof/projects/lof-titan/firmware/micropython/ports/esp32/mpconfigport.h:115:9: warning: "MICROPY_PY_OS_DUPTERM" redefined
  115 | #define MICROPY_PY_OS_DUPTERM               (1)
      |         ^~~~~~~~~~~~~~~~~~~~~
In file included from /home/mukesh_lof/projects/lof-titan/firmware/micropython/ports/esp32/mpconfigport.h:5:
/home/mukesh_lof/projects/lof-titan/firmware/micropython/ports/esp32/boards/LOF_TITAN/mpconfigboard.h:13:9: note: this is the location of the previous definition
   13 | #define MICROPY_PY_OS_DUPTERM               (2)
      |         ^~~~~~~~~~~~~~~~~~~~~
[53/291] Building C object esp-idf/main/CMakeFiles/__idf_main.dir/home/mukesh_lof/projects/lof-titan/firmware/micropython/py/emitndebug.c.obj
In file included from /home/mukesh_lof/projects/lof-titan/firmware/micropython/py/mpconfig.h:100,
                 from /home/mukesh_lof/projects/lof-titan/firmware/micropython/py/emitndebug.c:3:
/home/mukesh_lof/projects/lof-titan/firmware/micropython/ports/esp32/mpconfigport.h:115:9: warning: "MICROPY_PY_OS_DUPTERM" redefined
  115 | #define MICROPY_PY_OS_DUPTERM               (1)
      |         ^~~~~~~~~~~~~~~~~~~~~
In file included from /home/mukesh_lof/projects/lof-titan/firmware/micropython/ports/esp32/mpconfigport.h:5:
/home/mukesh_lof/projects/lof-titan/firmware/micropython/ports/esp32/boards/LOF_TITAN/mpconfigboard.h:13:9: note: this is the location of the previous definition
   13 | #define MICROPY_PY_OS_DUPTERM               (2)
      |         ^~~~~~~~~~~~~~~~~~~~~
[54/291] Building C object esp-idf/main/CMakeFiles/__idf_main.dir/home/mukesh_lof/projects/lof-titan/firmware/micropython/py/emitglue.c.obj
In file included from /home/mukesh_lof/projects/lof-titan/firmware/micropython/py/mpconfig.h:100,
                 from /home/mukesh_lof/projects/lof-titan/firmware/micropython/py/obj.h:31,
                 from /home/mukesh_lof/projects/lof-titan/firmware/micropython/py/emitglue.h:29,
                 from /home/mukesh_lof/projects/lof-titan/firmware/micropython/py/emitglue.c:34:
/home/mukesh_lof/projects/lof-titan/firmware/micropython/ports/esp32/mpconfigport.h:115:9: warning: "MICROPY_PY_OS_DUPTERM" redefined
  115 | #define MICROPY_PY_OS_DUPTERM               (1)
      |         ^~~~~~~~~~~~~~~~~~~~~
In file included from /home/mukesh_lof/projects/lof-titan/firmware/micropython/ports/esp32/mpconfigport.h:5:
/home/mukesh_lof/projects/lof-titan/firmware/micropython/ports/esp32/boards/LOF_TITAN/mpconfigboard.h:13:9: note: this is the location of the previous definition
   13 | #define MICROPY_PY_OS_DUPTERM               (2)
      |         ^~~~~~~~~~~~~~~~~~~~~
[55/291] Building C object esp-idf/main/CMakeFiles/__idf_main.dir/home/mukesh_lof/projects/lof-titan/firmware/micropython/py/emitinlinextensa.c.obj
In file included from /home/mukesh_lof/projects/lof-titan/firmware/micropython/py/mpconfig.h:100,
                 from /home/mukesh_lof/projects/lof-titan/firmware/micropython/py/lexer.h:31,
                 from /home/mukesh_lof/projects/lof-titan/firmware/micropython/py/emit.h:29,
                 from /home/mukesh_lof/projects/lof-titan/firmware/micropython/py/emitinlinextensa.c:33:
/home/mukesh_lof/projects/lof-titan/firmware/micropython/ports/esp32/mpconfigport.h:115:9: warning: "MICROPY_PY_OS_DUPTERM" redefined
  115 | #define MICROPY_PY_OS_DUPTERM               (1)
      |         ^~~~~~~~~~~~~~~~~~~~~
In file included from /home/mukesh_lof/projects/lof-titan/firmware/micropython/ports/esp32/mpconfigport.h:5:
/home/mukesh_lof/projects/lof-titan/firmware/micropython/ports/esp32/boards/LOF_TITAN/mpconfigboard.h:13:9: note: this is the location of the previous definition
   13 | #define MICROPY_PY_OS_DUPTERM               (2)
      |         ^~~~~~~~~~~~~~~~~~~~~
[56/291] Building C object esp-idf/main/CMakeFiles/__idf_main.dir/home/mukesh_lof/projects/lof-titan/firmware/micropython/py/builtinimport.c.obj
In file included from /home/mukesh_lof/projects/lof-titan/firmware/micropython/py/mpconfig.h:100,
                 from /home/mukesh_lof/projects/lof-titan/firmware/micropython/py/lexer.h:31,
                 from /home/mukesh_lof/projects/lof-titan/firmware/micropython/py/compile.h:29,
                 from /home/mukesh_lof/projects/lof-titan/firmware/micropython/py/builtinimport.c:33:
/home/mukesh_lof/projects/lof-titan/firmware/micropython/ports/esp32/mpconfigport.h:115:9: warning: "MICROPY_PY_OS_DUPTERM" redefined
  115 | #define MICROPY_PY_OS_DUPTERM               (1)
      |         ^~~~~~~~~~~~~~~~~~~~~
In file included from /home/mukesh_lof/projects/lof-titan/firmware/micropython/ports/esp32/mpconfigport.h:5:
/home/mukesh_lof/projects/lof-titan/firmware/micropython/ports/esp32/boards/LOF_TITAN/mpconfigboard.h:13:9: note: this is the location of the previous definition
   13 | #define MICROPY_PY_OS_DUPTERM               (2)
      |         ^~~~~~~~~~~~~~~~~~~~~
[57/291] Building C object esp-idf/main/CMakeFiles/__idf_main.dir/home/mukesh_lof/projects/lof-titan/firmware/micropython/py/emitnthumb.c.obj
In file included from /home/mukesh_lof/projects/lof-titan/firmware/micropython/py/mpconfig.h:100,
                 from /home/mukesh_lof/projects/lof-titan/firmware/micropython/py/emitnthumb.c:3:
/home/mukesh_lof/projects/lof-titan/firmware/micropython/ports/esp32/mpconfigport.h:115:9: warning: "MICROPY_PY_OS_DUPTERM" redefined
  115 | #define MICROPY_PY_OS_DUPTERM               (1)
      |         ^~~~~~~~~~~~~~~~~~~~~
In file included from /home/mukesh_lof/projects/lof-titan/firmware/micropython/ports/esp32/mpconfigport.h:5:
/home/mukesh_lof/projects/lof-titan/firmware/micropython/ports/esp32/boards/LOF_TITAN/mpconfigboard.h:13:9: note: this is the location of the previous definition
   13 | #define MICROPY_PY_OS_DUPTERM               (2)
      |         ^~~~~~~~~~~~~~~~~~~~~
[58/291] Building C object esp-idf/main/CMakeFiles/__idf_main.dir/home/mukesh_lof/projects/lof-titan/firmware/micropython/py/emitnx64.c.obj
In file included from /home/mukesh_lof/projects/lof-titan/firmware/micropython/py/mpconfig.h:100,
                 from /home/mukesh_lof/projects/lof-titan/firmware/micropython/py/emitnx64.c:3:
/home/mukesh_lof/projects/lof-titan/firmware/micropython/ports/esp32/mpconfigport.h:115:9: warning: "MICROPY_PY_OS_DUPTERM" redefined
  115 | #define MICROPY_PY_OS_DUPTERM               (1)
      |         ^~~~~~~~~~~~~~~~~~~~~
In file included from /home/mukesh_lof/projects/lof-titan/firmware/micropython/ports/esp32/mpconfigport.h:5:
/home/mukesh_lof/projects/lof-titan/firmware/micropython/ports/esp32/boards/LOF_TITAN/mpconfigboard.h:13:9: note: this is the location of the previous definition
   13 | #define MICROPY_PY_OS_DUPTERM               (2)
      |         ^~~~~~~~~~~~~~~~~~~~~
[59/291] Building C object esp-idf/main/CMakeFiles/__idf_main.dir/home/mukesh_lof/projects/lof-titan/firmware/micropython/py/emitnrv32.c.obj
In file included from /home/mukesh_lof/projects/lof-titan/firmware/micropython/py/mpconfig.h:100,
                 from /home/mukesh_lof/projects/lof-titan/firmware/micropython/py/emitnrv32.c:29:
/home/mukesh_lof/projects/lof-titan/firmware/micropython/ports/esp32/mpconfigport.h:115:9: warning: "MICROPY_PY_OS_DUPTERM" redefined
  115 | #define MICROPY_PY_OS_DUPTERM               (1)
      |         ^~~~~~~~~~~~~~~~~~~~~
In file included from /home/mukesh_lof/projects/lof-titan/firmware/micropython/ports/esp32/mpconfigport.h:5:
/home/mukesh_lof/projects/lof-titan/firmware/micropython/ports/esp32/boards/LOF_TITAN/mpconfigboard.h:13:9: note: this is the location of the previous definition
   13 | #define MICROPY_PY_OS_DUPTERM               (2)
      |         ^~~~~~~~~~~~~~~~~~~~~
[60/291] Building C object esp-idf/main/CMakeFiles/__idf_main.dir/home/mukesh_lof/projects/lof-titan/firmware/micropython/py/emitnx86.c.obj
In file included from /home/mukesh_lof/projects/lof-titan/firmware/micropython/py/mpconfig.h:100,
                 from /home/mukesh_lof/projects/lof-titan/firmware/micropython/py/emitnx86.c:3:
/home/mukesh_lof/projects/lof-titan/firmware/micropython/ports/esp32/mpconfigport.h:115:9: warning: "MICROPY_PY_OS_DUPTERM" redefined
  115 | #define MICROPY_PY_OS_DUPTERM               (1)
      |         ^~~~~~~~~~~~~~~~~~~~~
In file included from /home/mukesh_lof/projects/lof-titan/firmware/micropython/ports/esp32/mpconfigport.h:5:
/home/mukesh_lof/projects/lof-titan/firmware/micropython/ports/esp32/boards/LOF_TITAN/mpconfigboard.h:13:9: note: this is the location of the previous definition
   13 | #define MICROPY_PY_OS_DUPTERM               (2)
      |         ^~~~~~~~~~~~~~~~~~~~~
[61/291] Building C object esp-idf/main/CMakeFiles/__idf_main.dir/home/mukesh_lof/projects/lof-titan/firmware/micropython/py/bc.c.obj
In file included from /home/mukesh_lof/projects/lof-titan/firmware/micropython/py/mpconfig.h:100,
                 from /home/mukesh_lof/projects/lof-titan/firmware/micropython/py/mpstate.h:31,
                 from /home/mukesh_lof/projects/lof-titan/firmware/micropython/py/runtime.h:29,
                 from /home/mukesh_lof/projects/lof-titan/firmware/micropython/py/bc.h:30,
                 from /home/mukesh_lof/projects/lof-titan/firmware/micropython/py/bc.c:33:
/home/mukesh_lof/projects/lof-titan/firmware/micropython/ports/esp32/mpconfigport.h:115:9: warning: "MICROPY_PY_OS_DUPTERM" redefined
  115 | #define MICROPY_PY_OS_DUPTERM               (1)
      |         ^~~~~~~~~~~~~~~~~~~~~
In file included from /home/mukesh_lof/projects/lof-titan/firmware/micropython/ports/esp32/mpconfigport.h:5:
/home/mukesh_lof/projects/lof-titan/firmware/micropython/ports/esp32/boards/LOF_TITAN/mpconfigboard.h:13:9: note: this is the location of the previous definition
   13 | #define MICROPY_PY_OS_DUPTERM               (2)
      |         ^~~~~~~~~~~~~~~~~~~~~
[62/291] Building C object esp-idf/main/CMakeFiles/__idf_main.dir/home/mukesh_lof/projects/lof-titan/firmware/micropython/py/frozenmod.c.obj
In file included from /home/mukesh_lof/projects/lof-titan/firmware/micropython/py/mpconfig.h:100,
                 from /home/mukesh_lof/projects/lof-titan/firmware/micropython/py/lexer.h:31,
                 from /home/mukesh_lof/projects/lof-titan/firmware/micropython/py/frozenmod.c:32:
/home/mukesh_lof/projects/lof-titan/firmware/micropython/ports/esp32/mpconfigport.h:115:9: warning: "MICROPY_PY_OS_DUPTERM" redefined
  115 | #define MICROPY_PY_OS_DUPTERM               (1)
      |         ^~~~~~~~~~~~~~~~~~~~~
In file included from /home/mukesh_lof/projects/lof-titan/firmware/micropython/ports/esp32/mpconfigport.h:5:
/home/mukesh_lof/projects/lof-titan/firmware/micropython/ports/esp32/boards/LOF_TITAN/mpconfigboard.h:13:9: note: this is the location of the previous definition
   13 | #define MICROPY_PY_OS_DUPTERM               (2)
      |         ^~~~~~~~~~~~~~~~~~~~~
[63/291] Building C object esp-idf/main/CMakeFiles/__idf_main.dir/home/mukesh_lof/projects/lof-titan/firmware/micropython/py/emitnxtensa.c.obj
In file included from /home/mukesh_lof/projects/lof-titan/firmware/micropython/py/mpconfig.h:100,
                 from /home/mukesh_lof/projects/lof-titan/firmware/micropython/py/emitnxtensa.c:3:
/home/mukesh_lof/projects/lof-titan/firmware/micropython/ports/esp32/mpconfigport.h:115:9: warning: "MICROPY_PY_OS_DUPTERM" redefined
  115 | #define MICROPY_PY_OS_DUPTERM               (1)
      |         ^~~~~~~~~~~~~~~~~~~~~
In file included from /home/mukesh_lof/projects/lof-titan/firmware/micropython/ports/esp32/mpconfigport.h:5:
/home/mukesh_lof/projects/lof-titan/firmware/micropython/ports/esp32/boards/LOF_TITAN/mpconfigboard.h:13:9: note: this is the location of the previous definition
   13 | #define MICROPY_PY_OS_DUPTERM               (2)
      |         ^~~~~~~~~~~~~~~~~~~~~
[64/291] Building C object esp-idf/main/CMakeFiles/__idf_main.dir/home/mukesh_lof/projects/lof-titan/firmware/micropython/py/modarray.c.obj
In file included from /home/mukesh_lof/projects/lof-titan/firmware/micropython/py/mpconfig.h:100,
                 from /home/mukesh_lof/projects/lof-titan/firmware/micropython/py/obj.h:31,
                 from /home/mukesh_lof/projects/lof-titan/firmware/micropython/py/builtin.h:29,
                 from /home/mukesh_lof/projects/lof-titan/firmware/micropython/py/modarray.c:27:
/home/mukesh_lof/projects/lof-titan/firmware/micropython/ports/esp32/mpconfigport.h:115:9: warning: "MICROPY_PY_OS_DUPTERM" redefined
  115 | #define MICROPY_PY_OS_DUPTERM               (1)
      |         ^~~~~~~~~~~~~~~~~~~~~
In file included from /home/mukesh_lof/projects/lof-titan/firmware/micropython/ports/esp32/mpconfigport.h:5:
/home/mukesh_lof/projects/lof-titan/firmware/micropython/ports/esp32/boards/LOF_TITAN/mpconfigboard.h:13:9: note: this is the location of the previous definition
   13 | #define MICROPY_PY_OS_DUPTERM               (2)
      |         ^~~~~~~~~~~~~~~~~~~~~
[65/291] Building C object esp-idf/main/CMakeFiles/__idf_main.dir/home/mukesh_lof/projects/lof-titan/firmware/micropython/py/malloc.c.obj
In file included from /home/mukesh_lof/projects/lof-titan/firmware/micropython/py/mpconfig.h:100,
                 from /home/mukesh_lof/projects/lof-titan/firmware/micropython/py/malloc.c:31:
/home/mukesh_lof/projects/lof-titan/firmware/micropython/ports/esp32/mpconfigport.h:115:9: warning: "MICROPY_PY_OS_DUPTERM" redefined
  115 | #define MICROPY_PY_OS_DUPTERM               (1)
      |         ^~~~~~~~~~~~~~~~~~~~~
In file included from /home/mukesh_lof/projects/lof-titan/firmware/micropython/ports/esp32/mpconfigport.h:5:
/home/mukesh_lof/projects/lof-titan/firmware/micropython/ports/esp32/boards/LOF_TITAN/mpconfigboard.h:13:9: note: this is the location of the previous definition
   13 | #define MICROPY_PY_OS_DUPTERM               (2)
      |         ^~~~~~~~~~~~~~~~~~~~~
[66/291] Building C object esp-idf/main/CMakeFiles/__idf_main.dir/home/mukesh_lof/projects/lof-titan/firmware/micropython/py/modcollections.c.obj
In file included from /home/mukesh_lof/projects/lof-titan/firmware/micropython/py/mpconfig.h:100,
                 from /home/mukesh_lof/projects/lof-titan/firmware/micropython/py/obj.h:31,
                 from /home/mukesh_lof/projects/lof-titan/firmware/micropython/py/builtin.h:29,
                 from /home/mukesh_lof/projects/lof-titan/firmware/micropython/py/modcollections.c:27:
/home/mukesh_lof/projects/lof-titan/firmware/micropython/ports/esp32/mpconfigport.h:115:9: warning: "MICROPY_PY_OS_DUPTERM" redefined
  115 | #define MICROPY_PY_OS_DUPTERM               (1)
      |         ^~~~~~~~~~~~~~~~~~~~~
In file included from /home/mukesh_lof/projects/lof-titan/firmware/micropython/ports/esp32/mpconfigport.h:5:
/home/mukesh_lof/projects/lof-titan/firmware/micropython/ports/esp32/boards/LOF_TITAN/mpconfigboard.h:13:9: note: this is the location of the previous definition
   13 | #define MICROPY_PY_OS_DUPTERM               (2)
      |         ^~~~~~~~~~~~~~~~~~~~~
[67/291] Building C object esp-idf/main/CMakeFiles/__idf_main.dir/home/mukesh_lof/projects/lof-titan/firmware/micropython/py/modcmath.c.obj
In file included from /home/mukesh_lof/projects/lof-titan/firmware/micropython/py/mpconfig.h:100,
                 from /home/mukesh_lof/projects/lof-titan/firmware/micropython/py/obj.h:31,
                 from /home/mukesh_lof/projects/lof-titan/firmware/micropython/py/builtin.h:29,
                 from /home/mukesh_lof/projects/lof-titan/firmware/micropython/py/modcmath.c:27:
/home/mukesh_lof/projects/lof-titan/firmware/micropython/ports/esp32/mpconfigport.h:115:9: warning: "MICROPY_PY_OS_DUPTERM" redefined
  115 | #define MICROPY_PY_OS_DUPTERM               (1)
      |         ^~~~~~~~~~~~~~~~~~~~~
In file included from /home/mukesh_lof/projects/lof-titan/firmware/micropython/ports/esp32/mpconfigport.h:5:
/home/mukesh_lof/projects/lof-titan/firmware/micropython/ports/esp32/boards/LOF_TITAN/mpconfigboard.h:13:9: note: this is the location of the previous definition
   13 | #define MICROPY_PY_OS_DUPTERM               (2)
      |         ^~~~~~~~~~~~~~~~~~~~~
[68/291] Building C object esp-idf/main/CMakeFiles/__idf_main.dir/home/mukesh_lof/projects/lof-titan/firmware/micropython/py/asmxtensa.c.obj
In file included from /home/mukesh_lof/projects/lof-titan/firmware/micropython/py/mpconfig.h:100,
                 from /home/mukesh_lof/projects/lof-titan/firmware/micropython/py/mpstate.h:31,
                 from /home/mukesh_lof/projects/lof-titan/firmware/micropython/py/runtime.h:29,
                 from /home/mukesh_lof/projects/lof-titan/firmware/micropython/py/asmxtensa.c:30:
/home/mukesh_lof/projects/lof-titan/firmware/micropython/ports/esp32/mpconfigport.h:115:9: warning: "MICROPY_PY_OS_DUPTERM" redefined
  115 | #define MICROPY_PY_OS_DUPTERM               (1)
      |         ^~~~~~~~~~~~~~~~~~~~~
In file included from /home/mukesh_lof/projects/lof-titan/firmware/micropython/ports/esp32/mpconfigport.h:5:
/home/mukesh_lof/projects/lof-titan/firmware/micropython/ports/esp32/boards/LOF_TITAN/mpconfigboard.h:13:9: note: this is the location of the previous definition
   13 | #define MICROPY_PY_OS_DUPTERM               (2)
      |         ^~~~~~~~~~~~~~~~~~~~~
[69/291] Building C object esp-idf/main/CMakeFiles/__idf_main.dir/home/mukesh_lof/projects/lof-titan/firmware/micropython/py/modgc.c.obj
In file included from /home/mukesh_lof/projects/lof-titan/firmware/micropython/py/mpconfig.h:100,
                 from /home/mukesh_lof/projects/lof-titan/firmware/micropython/py/mpstate.h:31,
                 from /home/mukesh_lof/projects/lof-titan/firmware/micropython/py/modgc.c:27:
/home/mukesh_lof/projects/lof-titan/firmware/micropython/ports/esp32/mpconfigport.h:115:9: warning: "MICROPY_PY_OS_DUPTERM" redefined
  115 | #define MICROPY_PY_OS_DUPTERM               (1)
      |         ^~~~~~~~~~~~~~~~~~~~~
In file included from /home/mukesh_lof/projects/lof-titan/firmware/micropython/ports/esp32/mpconfigport.h:5:
/home/mukesh_lof/projects/lof-titan/firmware/micropython/ports/esp32/boards/LOF_TITAN/mpconfigboard.h:13:9: note: this is the location of the previous definition
   13 | #define MICROPY_PY_OS_DUPTERM               (2)
      |         ^~~~~~~~~~~~~~~~~~~~~
[70/291] Building C object esp-idf/main/CMakeFiles/__idf_main.dir/home/mukesh_lof/projects/lof-titan/firmware/micropython/py/formatfloat.c.obj
In file included from /home/mukesh_lof/projects/lof-titan/firmware/micropython/py/mpconfig.h:100,
                 from /home/mukesh_lof/projects/lof-titan/firmware/micropython/py/formatfloat.c:27:
/home/mukesh_lof/projects/lof-titan/firmware/micropython/ports/esp32/mpconfigport.h:115:9: warning: "MICROPY_PY_OS_DUPTERM" redefined
  115 | #define MICROPY_PY_OS_DUPTERM               (1)
      |         ^~~~~~~~~~~~~~~~~~~~~
In file included from /home/mukesh_lof/projects/lof-titan/firmware/micropython/ports/esp32/mpconfigport.h:5:
/home/mukesh_lof/projects/lof-titan/firmware/micropython/ports/esp32/boards/LOF_TITAN/mpconfigboard.h:13:9: note: this is the location of the previous definition
   13 | #define MICROPY_PY_OS_DUPTERM               (2)
      |         ^~~~~~~~~~~~~~~~~~~~~
[71/291] Building C object esp-idf/main/CMakeFiles/__idf_main.dir/home/mukesh_lof/projects/lof-titan/firmware/micropython/py/map.c.obj
In file included from /home/mukesh_lof/projects/lof-titan/firmware/micropython/py/mpconfig.h:100,
                 from /home/mukesh_lof/projects/lof-titan/firmware/micropython/py/map.c:32:
/home/mukesh_lof/projects/lof-titan/firmware/micropython/ports/esp32/mpconfigport.h:115:9: warning: "MICROPY_PY_OS_DUPTERM" redefined
  115 | #define MICROPY_PY_OS_DUPTERM               (1)
      |         ^~~~~~~~~~~~~~~~~~~~~
In file included from /home/mukesh_lof/projects/lof-titan/firmware/micropython/ports/esp32/mpconfigport.h:5:
/home/mukesh_lof/projects/lof-titan/firmware/micropython/ports/esp32/boards/LOF_TITAN/mpconfigboard.h:13:9: note: this is the location of the previous definition
   13 | #define MICROPY_PY_OS_DUPTERM               (2)
      |         ^~~~~~~~~~~~~~~~~~~~~
[72/291] Building C object esp-idf/main/CMakeFiles/__idf_main.dir/home/mukesh_lof/projects/lof-titan/firmware/micropython/py/modio.c.obj
In file included from /home/mukesh_lof/projects/lof-titan/firmware/micropython/py/mpconfig.h:100,
                 from /home/mukesh_lof/projects/lof-titan/firmware/micropython/py/mpstate.h:31,
                 from /home/mukesh_lof/projects/lof-titan/firmware/micropython/py/runtime.h:29,
                 from /home/mukesh_lof/projects/lof-titan/firmware/micropython/py/modio.c:30:
/home/mukesh_lof/projects/lof-titan/firmware/micropython/ports/esp32/mpconfigport.h:115:9: warning: "MICROPY_PY_OS_DUPTERM" redefined
  115 | #define MICROPY_PY_OS_DUPTERM               (1)
      |         ^~~~~~~~~~~~~~~~~~~~~
In file included from /home/mukesh_lof/projects/lof-titan/firmware/micropython/ports/esp32/mpconfigport.h:5:
/home/mukesh_lof/projects/lof-titan/firmware/micropython/ports/esp32/boards/LOF_TITAN/mpconfigboard.h:13:9: note: this is the location of the previous definition
   13 | #define MICROPY_PY_OS_DUPTERM               (2)
      |         ^~~~~~~~~~~~~~~~~~~~~
[73/291] Building C object esp-idf/main/CMakeFiles/__idf_main.dir/home/mukesh_lof/projects/lof-titan/firmware/micropython/py/emitbc.c.obj
In file included from /home/mukesh_lof/projects/lof-titan/firmware/micropython/py/mpconfig.h:100,
                 from /home/mukesh_lof/projects/lof-titan/firmware/micropython/py/mpstate.h:31,
                 from /home/mukesh_lof/projects/lof-titan/firmware/micropython/py/emitbc.c:34:
/home/mukesh_lof/projects/lof-titan/firmware/micropython/ports/esp32/mpconfigport.h:115:9: warning: "MICROPY_PY_OS_DUPTERM" redefined
  115 | #define MICROPY_PY_OS_DUPTERM               (1)
      |         ^~~~~~~~~~~~~~~~~~~~~
In file included from /home/mukesh_lof/projects/lof-titan/firmware/micropython/ports/esp32/mpconfigport.h:5:
/home/mukesh_lof/projects/lof-titan/firmware/micropython/ports/esp32/boards/LOF_TITAN/mpconfigboard.h:13:9: note: this is the location of the previous definition
   13 | #define MICROPY_PY_OS_DUPTERM               (2)
      |         ^~~~~~~~~~~~~~~~~~~~~
[74/291] Building C object esp-idf/main/CMakeFiles/__idf_main.dir/home/mukesh_lof/projects/lof-titan/firmware/micropython/py/modstring.c.obj
In file included from /home/mukesh_lof/projects/lof-titan/firmware/micropython/py/mpconfig.h:100,
                 from /home/mukesh_lof/projects/lof-titan/firmware/micropython/py/obj.h:31,
                 from /home/mukesh_lof/projects/lof-titan/firmware/micropython/py/modstring.c:27:
/home/mukesh_lof/projects/lof-titan/firmware/micropython/ports/esp32/mpconfigport.h:115:9: warning: "MICROPY_PY_OS_DUPTERM" redefined
  115 | #define MICROPY_PY_OS_DUPTERM               (1)
      |         ^~~~~~~~~~~~~~~~~~~~~
In file included from /home/mukesh_lof/projects/lof-titan/firmware/micropython/ports/esp32/mpconfigport.h:5:
/home/mukesh_lof/projects/lof-titan/firmware/micropython/ports/esp32/boards/LOF_TITAN/mpconfigboard.h:13:9: note: this is the location of the previous definition
   13 | #define MICROPY_PY_OS_DUPTERM               (2)
      |         ^~~~~~~~~~~~~~~~~~~~~
[75/291] Building C object esp-idf/main/CMakeFiles/__idf_main.dir/home/mukesh_lof/projects/lof-titan/firmware/micropython/py/lexer.c.obj
In file included from /home/mukesh_lof/projects/lof-titan/firmware/micropython/py/mpconfig.h:100,
                 from /home/mukesh_lof/projects/lof-titan/firmware/micropython/py/obj.h:31,
                 from /home/mukesh_lof/projects/lof-titan/firmware/micropython/py/reader.h:29,
                 from /home/mukesh_lof/projects/lof-titan/firmware/micropython/py/lexer.c:31:
/home/mukesh_lof/projects/lof-titan/firmware/micropython/ports/esp32/mpconfigport.h:115:9: warning: "MICROPY_PY_OS_DUPTERM" redefined
  115 | #define MICROPY_PY_OS_DUPTERM               (1)
      |         ^~~~~~~~~~~~~~~~~~~~~
In file included from /home/mukesh_lof/projects/lof-titan/firmware/micropython/ports/esp32/mpconfigport.h:5:
/home/mukesh_lof/projects/lof-titan/firmware/micropython/ports/esp32/boards/LOF_TITAN/mpconfigboard.h:13:9: note: this is the location of the previous definition
   13 | #define MICROPY_PY_OS_DUPTERM               (2)
      |         ^~~~~~~~~~~~~~~~~~~~~
[76/291] Building C object esp-idf/main/CMakeFiles/__idf_main.dir/home/mukesh_lof/projects/lof-titan/firmware/micropython/py/moderrno.c.obj
In file included from /home/mukesh_lof/projects/lof-titan/firmware/micropython/py/mpconfig.h:100,
                 from /home/mukesh_lof/projects/lof-titan/firmware/micropython/py/obj.h:31,
                 from /home/mukesh_lof/projects/lof-titan/firmware/micropython/py/moderrno.c:30:
/home/mukesh_lof/projects/lof-titan/firmware/micropython/ports/esp32/mpconfigport.h:115:9: warning: "MICROPY_PY_OS_DUPTERM" redefined
  115 | #define MICROPY_PY_OS_DUPTERM               (1)
      |         ^~~~~~~~~~~~~~~~~~~~~
In file included from /home/mukesh_lof/projects/lof-titan/firmware/micropython/ports/esp32/mpconfigport.h:5:
/home/mukesh_lof/projects/lof-titan/firmware/micropython/ports/esp32/boards/LOF_TITAN/mpconfigboard.h:13:9: note: this is the location of the previous definition
   13 | #define MICROPY_PY_OS_DUPTERM               (2)
      |         ^~~~~~~~~~~~~~~~~~~~~
[77/291] Building C object esp-idf/main/CMakeFiles/__idf_main.dir/home/mukesh_lof/projects/lof-titan/firmware/micropython/py/modmath.c.obj
In file included from /home/mukesh_lof/projects/lof-titan/firmware/micropython/py/mpconfig.h:100,
                 from /home/mukesh_lof/projects/lof-titan/firmware/micropython/py/obj.h:31,
                 from /home/mukesh_lof/projects/lof-titan/firmware/micropython/py/builtin.h:29,
                 from /home/mukesh_lof/projects/lof-titan/firmware/micropython/py/modmath.c:27:
/home/mukesh_lof/projects/lof-titan/firmware/micropython/ports/esp32/mpconfigport.h:115:9: warning: "MICROPY_PY_OS_DUPTERM" redefined
  115 | #define MICROPY_PY_OS_DUPTERM               (1)
      |         ^~~~~~~~~~~~~~~~~~~~~
In file included from /home/mukesh_lof/projects/lof-titan/firmware/micropython/ports/esp32/mpconfigport.h:5:
/home/mukesh_lof/projects/lof-titan/firmware/micropython/ports/esp32/boards/LOF_TITAN/mpconfigboard.h:13:9: note: this is the location of the previous definition
   13 | #define MICROPY_PY_OS_DUPTERM               (2)
      |         ^~~~~~~~~~~~~~~~~~~~~
[78/291] Building C object esp-idf/main/CMakeFiles/__idf_main.dir/home/mukesh_lof/projects/lof-titan/firmware/micropython/py/modsys.c.obj
In file included from /home/mukesh_lof/projects/lof-titan/firmware/micropython/py/mpconfig.h:100,
                 from /home/mukesh_lof/projects/lof-titan/firmware/micropython/py/obj.h:31,
                 from /home/mukesh_lof/projects/lof-titan/firmware/micropython/py/builtin.h:29,
                 from /home/mukesh_lof/projects/lof-titan/firmware/micropython/py/modsys.c:28:
/home/mukesh_lof/projects/lof-titan/firmware/micropython/ports/esp32/mpconfigport.h:115:9: warning: "MICROPY_PY_OS_DUPTERM" redefined
  115 | #define MICROPY_PY_OS_DUPTERM               (1)
      |         ^~~~~~~~~~~~~~~~~~~~~
In file included from /home/mukesh_lof/projects/lof-titan/firmware/micropython/ports/esp32/mpconfigport.h:5:
/home/mukesh_lof/projects/lof-titan/firmware/micropython/ports/esp32/boards/LOF_TITAN/mpconfigboard.h:13:9: note: this is the location of the previous definition
   13 | #define MICROPY_PY_OS_DUPTERM               (2)
      |         ^~~~~~~~~~~~~~~~~~~~~
[79/291] Building C object esp-idf/main/CMakeFiles/__idf_main.dir/home/mukesh_lof/projects/lof-titan/firmware/micropython/py/modweakref.c.obj
In file included from /home/mukesh_lof/projects/lof-titan/firmware/micropython/py/mpconfig.h:100,
                 from /home/mukesh_lof/projects/lof-titan/firmware/micropython/py/mpprint.h:29,
                 from /home/mukesh_lof/projects/lof-titan/firmware/micropython/py/gc.h:31,
                 from /home/mukesh_lof/projects/lof-titan/firmware/micropython/py/modweakref.c:27:
/home/mukesh_lof/projects/lof-titan/firmware/micropython/ports/esp32/mpconfigport.h:115:9: warning: "MICROPY_PY_OS_DUPTERM" redefined
  115 | #define MICROPY_PY_OS_DUPTERM               (1)
      |         ^~~~~~~~~~~~~~~~~~~~~
In file included from /home/mukesh_lof/projects/lof-titan/firmware/micropython/ports/esp32/mpconfigport.h:5:
/home/mukesh_lof/projects/lof-titan/firmware/micropython/ports/esp32/boards/LOF_TITAN/mpconfigboard.h:13:9: note: this is the location of the previous definition
   13 | #define MICROPY_PY_OS_DUPTERM               (2)
      |         ^~~~~~~~~~~~~~~~~~~~~
[80/291] Building C object esp-idf/main/CMakeFiles/__idf_main.dir/home/mukesh_lof/projects/lof-titan/firmware/micropython/py/modthread.c.obj
In file included from /home/mukesh_lof/projects/lof-titan/firmware/micropython/py/mpconfig.h:100,
                 from /home/mukesh_lof/projects/lof-titan/firmware/micropython/py/mpstate.h:31,
                 from /home/mukesh_lof/projects/lof-titan/firmware/micropython/py/runtime.h:29,
                 from /home/mukesh_lof/projects/lof-titan/firmware/micropython/py/modthread.c:30:
/home/mukesh_lof/projects/lof-titan/firmware/micropython/ports/esp32/mpconfigport.h:115:9: warning: "MICROPY_PY_OS_DUPTERM" redefined
  115 | #define MICROPY_PY_OS_DUPTERM               (1)
      |         ^~~~~~~~~~~~~~~~~~~~~
In file included from /home/mukesh_lof/projects/lof-titan/firmware/micropython/ports/esp32/mpconfigport.h:5:
/home/mukesh_lof/projects/lof-titan/firmware/micropython/ports/esp32/boards/LOF_TITAN/mpconfigboard.h:13:9: note: this is the location of the previous definition
   13 | #define MICROPY_PY_OS_DUPTERM               (2)
      |         ^~~~~~~~~~~~~~~~~~~~~
[81/291] Building C object esp-idf/main/CMakeFiles/__idf_main.dir/home/mukesh_lof/projects/lof-titan/firmware/micropython/py/modmicropython.c.obj
In file included from /home/mukesh_lof/projects/lof-titan/firmware/micropython/py/mpconfig.h:100,
                 from /home/mukesh_lof/projects/lof-titan/firmware/micropython/py/obj.h:31,
                 from /home/mukesh_lof/projects/lof-titan/firmware/micropython/py/builtin.h:29,
                 from /home/mukesh_lof/projects/lof-titan/firmware/micropython/py/modmicropython.c:29:
/home/mukesh_lof/projects/lof-titan/firmware/micropython/ports/esp32/mpconfigport.h:115:9: warning: "MICROPY_PY_OS_DUPTERM" redefined
  115 | #define MICROPY_PY_OS_DUPTERM               (1)
      |         ^~~~~~~~~~~~~~~~~~~~~
In file included from /home/mukesh_lof/projects/lof-titan/firmware/micropython/ports/esp32/mpconfigport.h:5:
/home/mukesh_lof/projects/lof-titan/firmware/micropython/ports/esp32/boards/LOF_TITAN/mpconfigboard.h:13:9: note: this is the location of the previous definition
   13 | #define MICROPY_PY_OS_DUPTERM               (2)
      |         ^~~~~~~~~~~~~~~~~~~~~
[82/291] Building C object esp-idf/main/CMakeFiles/__idf_main.dir/home/mukesh_lof/projects/lof-titan/firmware/micropython/py/mpstate.c.obj
In file included from /home/mukesh_lof/projects/lof-titan/firmware/micropython/py/mpconfig.h:100,
                 from /home/mukesh_lof/projects/lof-titan/firmware/micropython/py/mpstate.h:31,
                 from /home/mukesh_lof/projects/lof-titan/firmware/micropython/py/mpstate.c:27:
/home/mukesh_lof/projects/lof-titan/firmware/micropython/ports/esp32/mpconfigport.h:115:9: warning: "MICROPY_PY_OS_DUPTERM" redefined
  115 | #define MICROPY_PY_OS_DUPTERM               (1)
      |         ^~~~~~~~~~~~~~~~~~~~~
In file included from /home/mukesh_lof/projects/lof-titan/firmware/micropython/ports/esp32/mpconfigport.h:5:
/home/mukesh_lof/projects/lof-titan/firmware/micropython/ports/esp32/boards/LOF_TITAN/mpconfigboard.h:13:9: note: this is the location of the previous definition
   13 | #define MICROPY_PY_OS_DUPTERM               (2)
      |         ^~~~~~~~~~~~~~~~~~~~~
[83/291] Building C object esp-idf/main/CMakeFiles/__idf_main.dir/home/mukesh_lof/projects/lof-titan/firmware/micropython/py/modstruct.c.obj
In file included from /home/mukesh_lof/projects/lof-titan/firmware/micropython/py/mpconfig.h:100,
                 from /home/mukesh_lof/projects/lof-titan/firmware/micropython/py/mpstate.h:31,
                 from /home/mukesh_lof/projects/lof-titan/firmware/micropython/py/runtime.h:29,
                 from /home/mukesh_lof/projects/lof-titan/firmware/micropython/py/modstruct.c:31:
/home/mukesh_lof/projects/lof-titan/firmware/micropython/ports/esp32/mpconfigport.h:115:9: warning: "MICROPY_PY_OS_DUPTERM" redefined
  115 | #define MICROPY_PY_OS_DUPTERM               (1)
      |         ^~~~~~~~~~~~~~~~~~~~~
In file included from /home/mukesh_lof/projects/lof-titan/firmware/micropython/ports/esp32/mpconfigport.h:5:
/home/mukesh_lof/projects/lof-titan/firmware/micropython/ports/esp32/boards/LOF_TITAN/mpconfigboard.h:13:9: note: this is the location of the previous definition
   13 | #define MICROPY_PY_OS_DUPTERM               (2)
      |         ^~~~~~~~~~~~~~~~~~~~~
[84/291] Building C object esp-idf/main/CMakeFiles/__idf_main.dir/home/mukesh_lof/projects/lof-titan/firmware/micropython/py/gc.c.obj
In file included from /home/mukesh_lof/projects/lof-titan/firmware/micropython/py/mpconfig.h:100,
                 from /home/mukesh_lof/projects/lof-titan/firmware/micropython/py/mpprint.h:29,
                 from /home/mukesh_lof/projects/lof-titan/firmware/micropython/py/gc.h:31,
                 from /home/mukesh_lof/projects/lof-titan/firmware/micropython/py/gc.c:32:
/home/mukesh_lof/projects/lof-titan/firmware/micropython/ports/esp32/mpconfigport.h:115:9: warning: "MICROPY_PY_OS_DUPTERM" redefined
  115 | #define MICROPY_PY_OS_DUPTERM               (1)
      |         ^~~~~~~~~~~~~~~~~~~~~
In file included from /home/mukesh_lof/projects/lof-titan/firmware/micropython/ports/esp32/mpconfigport.h:5:
/home/mukesh_lof/projects/lof-titan/firmware/micropython/ports/esp32/boards/LOF_TITAN/mpconfigboard.h:13:9: note: this is the location of the previous definition
   13 | #define MICROPY_PY_OS_DUPTERM               (2)
      |         ^~~~~~~~~~~~~~~~~~~~~
[85/291] Building C object esp-idf/main/CMakeFiles/__idf_main.dir/home/mukesh_lof/projects/lof-titan/firmware/micropython/py/modbuiltins.c.obj
In file included from /home/mukesh_lof/projects/lof-titan/firmware/micropython/py/mpconfig.h:100,
                 from /home/mukesh_lof/projects/lof-titan/firmware/micropython/py/smallint.h:29,
                 from /home/mukesh_lof/projects/lof-titan/firmware/micropython/py/modbuiltins.c:30:
/home/mukesh_lof/projects/lof-titan/firmware/micropython/ports/esp32/mpconfigport.h:115:9: warning: "MICROPY_PY_OS_DUPTERM" redefined
  115 | #define MICROPY_PY_OS_DUPTERM               (1)
      |         ^~~~~~~~~~~~~~~~~~~~~
In file included from /home/mukesh_lof/projects/lof-titan/firmware/micropython/ports/esp32/mpconfigport.h:5:
/home/mukesh_lof/projects/lof-titan/firmware/micropython/ports/esp32/boards/LOF_TITAN/mpconfigboard.h:13:9: note: this is the location of the previous definition
   13 | #define MICROPY_PY_OS_DUPTERM               (2)
      |         ^~~~~~~~~~~~~~~~~~~~~
[86/291] Building C object esp-idf/main/CMakeFiles/__idf_main.dir/home/mukesh_lof/projects/lof-titan/firmware/micropython/py/nlr.c.obj
In file included from /home/mukesh_lof/projects/lof-titan/firmware/micropython/py/mpconfig.h:100,
                 from /home/mukesh_lof/projects/lof-titan/firmware/micropython/py/mpstate.h:31,
                 from /home/mukesh_lof/projects/lof-titan/firmware/micropython/py/nlr.c:27:
/home/mukesh_lof/projects/lof-titan/firmware/micropython/ports/esp32/mpconfigport.h:115:9: warning: "MICROPY_PY_OS_DUPTERM" redefined
  115 | #define MICROPY_PY_OS_DUPTERM               (1)
      |         ^~~~~~~~~~~~~~~~~~~~~
In file included from /home/mukesh_lof/projects/lof-titan/firmware/micropython/ports/esp32/mpconfigport.h:5:
/home/mukesh_lof/projects/lof-titan/firmware/micropython/ports/esp32/boards/LOF_TITAN/mpconfigboard.h:13:9: note: this is the location of the previous definition
   13 | #define MICROPY_PY_OS_DUPTERM               (2)
      |         ^~~~~~~~~~~~~~~~~~~~~
[87/291] Building C object esp-idf/main/CMakeFiles/__idf_main.dir/home/mukesh_lof/projects/lof-titan/firmware/micropython/py/nlrrv32.c.obj
In file included from /home/mukesh_lof/projects/lof-titan/firmware/micropython/py/mpconfig.h:100,
                 from /home/mukesh_lof/projects/lof-titan/firmware/micropython/py/mpstate.h:31,
                 from /home/mukesh_lof/projects/lof-titan/firmware/micropython/py/nlrrv32.c:27:
/home/mukesh_lof/projects/lof-titan/firmware/micropython/ports/esp32/mpconfigport.h:115:9: warning: "MICROPY_PY_OS_DUPTERM" redefined
  115 | #define MICROPY_PY_OS_DUPTERM               (1)
      |         ^~~~~~~~~~~~~~~~~~~~~
In file included from /home/mukesh_lof/projects/lof-titan/firmware/micropython/ports/esp32/mpconfigport.h:5:
/home/mukesh_lof/projects/lof-titan/firmware/micropython/ports/esp32/boards/LOF_TITAN/mpconfigboard.h:13:9: note: this is the location of the previous definition
   13 | #define MICROPY_PY_OS_DUPTERM               (2)
      |         ^~~~~~~~~~~~~~~~~~~~~
[88/291] Building C object esp-idf/main/CMakeFiles/__idf_main.dir/home/mukesh_lof/projects/lof-titan/firmware/micropython/py/nlrpowerpc.c.obj
In file included from /home/mukesh_lof/projects/lof-titan/firmware/micropython/py/mpconfig.h:100,
                 from /home/mukesh_lof/projects/lof-titan/firmware/micropython/py/mpstate.h:31,
                 from /home/mukesh_lof/projects/lof-titan/firmware/micropython/py/nlrpowerpc.c:27:
/home/mukesh_lof/projects/lof-titan/firmware/micropython/ports/esp32/mpconfigport.h:115:9: warning: "MICROPY_PY_OS_DUPTERM" redefined
  115 | #define MICROPY_PY_OS_DUPTERM               (1)
      |         ^~~~~~~~~~~~~~~~~~~~~
In file included from /home/mukesh_lof/projects/lof-titan/firmware/micropython/ports/esp32/mpconfigport.h:5:
/home/mukesh_lof/projects/lof-titan/firmware/micropython/ports/esp32/boards/LOF_TITAN/mpconfigboard.h:13:9: note: this is the location of the previous definition
   13 | #define MICROPY_PY_OS_DUPTERM               (2)
      |         ^~~~~~~~~~~~~~~~~~~~~
[89/291] Building C object esp-idf/main/CMakeFiles/__idf_main.dir/home/mukesh_lof/projects/lof-titan/firmware/micropython/py/nlraarch64.c.obj
In file included from /home/mukesh_lof/projects/lof-titan/firmware/micropython/py/mpconfig.h:100,
                 from /home/mukesh_lof/projects/lof-titan/firmware/micropython/py/mpstate.h:31,
                 from /home/mukesh_lof/projects/lof-titan/firmware/micropython/py/nlraarch64.c:27:
/home/mukesh_lof/projects/lof-titan/firmware/micropython/ports/esp32/mpconfigport.h:115:9: warning: "MICROPY_PY_OS_DUPTERM" redefined
  115 | #define MICROPY_PY_OS_DUPTERM               (1)
      |         ^~~~~~~~~~~~~~~~~~~~~
In file included from /home/mukesh_lof/projects/lof-titan/firmware/micropython/ports/esp32/mpconfigport.h:5:
/home/mukesh_lof/projects/lof-titan/firmware/micropython/ports/esp32/boards/LOF_TITAN/mpconfigboard.h:13:9: note: this is the location of the previous definition
   13 | #define MICROPY_PY_OS_DUPTERM               (2)
      |         ^~~~~~~~~~~~~~~~~~~~~
[90/291] Building C object esp-idf/main/CMakeFiles/__idf_main.dir/home/mukesh_lof/projects/lof-titan/firmware/micropython/py/nlrmips.c.obj
In file included from /home/mukesh_lof/projects/lof-titan/firmware/micropython/py/mpconfig.h:100,
                 from /home/mukesh_lof/projects/lof-titan/firmware/micropython/py/mpstate.h:31,
                 from /home/mukesh_lof/projects/lof-titan/firmware/micropython/py/nlrmips.c:27:
/home/mukesh_lof/projects/lof-titan/firmware/micropython/ports/esp32/mpconfigport.h:115:9: warning: "MICROPY_PY_OS_DUPTERM" redefined
  115 | #define MICROPY_PY_OS_DUPTERM               (1)
      |         ^~~~~~~~~~~~~~~~~~~~~
In file included from /home/mukesh_lof/projects/lof-titan/firmware/micropython/ports/esp32/mpconfigport.h:5:
/home/mukesh_lof/projects/lof-titan/firmware/micropython/ports/esp32/boards/LOF_TITAN/mpconfigboard.h:13:9: note: this is the location of the previous definition
   13 | #define MICROPY_PY_OS_DUPTERM               (2)
      |         ^~~~~~~~~~~~~~~~~~~~~
[91/291] Building C object esp-idf/main/CMakeFiles/__idf_main.dir/home/mukesh_lof/projects/lof-titan/firmware/micropython/py/nativeglue.c.obj
In file included from /home/mukesh_lof/projects/lof-titan/firmware/micropython/py/mpconfig.h:100,
                 from /home/mukesh_lof/projects/lof-titan/firmware/micropython/py/obj.h:31,
                 from /home/mukesh_lof/projects/lof-titan/firmware/micropython/py/binary.h:30,
                 from /home/mukesh_lof/projects/lof-titan/firmware/micropython/py/nativeglue.c:32:
/home/mukesh_lof/projects/lof-titan/firmware/micropython/ports/esp32/mpconfigport.h:115:9: warning: "MICROPY_PY_OS_DUPTERM" redefined
  115 | #define MICROPY_PY_OS_DUPTERM               (1)
      |         ^~~~~~~~~~~~~~~~~~~~~
In file included from /home/mukesh_lof/projects/lof-titan/firmware/micropython/ports/esp32/mpconfigport.h:5:
/home/mukesh_lof/projects/lof-titan/firmware/micropython/ports/esp32/boards/LOF_TITAN/mpconfigboard.h:13:9: note: this is the location of the previous definition
   13 | #define MICROPY_PY_OS_DUPTERM               (2)
      |         ^~~~~~~~~~~~~~~~~~~~~
[92/291] Building C object esp-idf/main/CMakeFiles/__idf_main.dir/home/mukesh_lof/projects/lof-titan/firmware/micropython/py/nlrrv64.c.obj
In file included from /home/mukesh_lof/projects/lof-titan/firmware/micropython/py/mpconfig.h:100,
                 from /home/mukesh_lof/projects/lof-titan/firmware/micropython/py/mpstate.h:31,
                 from /home/mukesh_lof/projects/lof-titan/firmware/micropython/py/nlrrv64.c:27:
/home/mukesh_lof/projects/lof-titan/firmware/micropython/ports/esp32/mpconfigport.h:115:9: warning: "MICROPY_PY_OS_DUPTERM" redefined
  115 | #define MICROPY_PY_OS_DUPTERM               (1)
      |         ^~~~~~~~~~~~~~~~~~~~~
In file included from /home/mukesh_lof/projects/lof-titan/firmware/micropython/ports/esp32/mpconfigport.h:5:
/home/mukesh_lof/projects/lof-titan/firmware/micropython/ports/esp32/boards/LOF_TITAN/mpconfigboard.h:13:9: note: this is the location of the previous definition
   13 | #define MICROPY_PY_OS_DUPTERM               (2)
      |         ^~~~~~~~~~~~~~~~~~~~~
[93/291] Building C object esp-idf/main/CMakeFiles/__idf_main.dir/home/mukesh_lof/projects/lof-titan/firmware/micropython/py/nlrthumb.c.obj
In file included from /home/mukesh_lof/projects/lof-titan/firmware/micropython/py/mpconfig.h:100,
                 from /home/mukesh_lof/projects/lof-titan/firmware/micropython/py/mpstate.h:31,
                 from /home/mukesh_lof/projects/lof-titan/firmware/micropython/py/nlrthumb.c:27:
/home/mukesh_lof/projects/lof-titan/firmware/micropython/ports/esp32/mpconfigport.h:115:9: warning: "MICROPY_PY_OS_DUPTERM" redefined
  115 | #define MICROPY_PY_OS_DUPTERM               (1)
      |         ^~~~~~~~~~~~~~~~~~~~~
In file included from /home/mukesh_lof/projects/lof-titan/firmware/micropython/ports/esp32/mpconfigport.h:5:
/home/mukesh_lof/projects/lof-titan/firmware/micropython/ports/esp32/boards/LOF_TITAN/mpconfigboard.h:13:9: note: this is the location of the previous definition
   13 | #define MICROPY_PY_OS_DUPTERM               (2)
      |         ^~~~~~~~~~~~~~~~~~~~~
[94/291] Building C object esp-idf/main/CMakeFiles/__idf_main.dir/home/mukesh_lof/projects/lof-titan/firmware/micropython/py/nlrx64.c.obj
In file included from /home/mukesh_lof/projects/lof-titan/firmware/micropython/py/mpconfig.h:100,
                 from /home/mukesh_lof/projects/lof-titan/firmware/micropython/py/mpstate.h:31,
                 from /home/mukesh_lof/projects/lof-titan/firmware/micropython/py/nlrx64.c:27:
/home/mukesh_lof/projects/lof-titan/firmware/micropython/ports/esp32/mpconfigport.h:115:9: warning: "MICROPY_PY_OS_DUPTERM" redefined
  115 | #define MICROPY_PY_OS_DUPTERM               (1)
      |         ^~~~~~~~~~~~~~~~~~~~~
In file included from /home/mukesh_lof/projects/lof-titan/firmware/micropython/ports/esp32/mpconfigport.h:5:
/home/mukesh_lof/projects/lof-titan/firmware/micropython/ports/esp32/boards/LOF_TITAN/mpconfigboard.h:13:9: note: this is the location of the previous definition
   13 | #define MICROPY_PY_OS_DUPTERM               (2)
      |         ^~~~~~~~~~~~~~~~~~~~~
[95/291] Building C object esp-idf/main/CMakeFiles/__idf_main.dir/home/mukesh_lof/projects/lof-titan/firmware/micropython/py/nlrx86.c.obj
In file included from /home/mukesh_lof/projects/lof-titan/firmware/micropython/py/mpconfig.h:100,
                 from /home/mukesh_lof/projects/lof-titan/firmware/micropython/py/mpstate.h:31,
                 from /home/mukesh_lof/projects/lof-titan/firmware/micropython/py/nlrx86.c:27:
/home/mukesh_lof/projects/lof-titan/firmware/micropython/ports/esp32/mpconfigport.h:115:9: warning: "MICROPY_PY_OS_DUPTERM" redefined
  115 | #define MICROPY_PY_OS_DUPTERM               (1)
      |         ^~~~~~~~~~~~~~~~~~~~~
In file included from /home/mukesh_lof/projects/lof-titan/firmware/micropython/ports/esp32/mpconfigport.h:5:
/home/mukesh_lof/projects/lof-titan/firmware/micropython/ports/esp32/boards/LOF_TITAN/mpconfigboard.h:13:9: note: this is the location of the previous definition
   13 | #define MICROPY_PY_OS_DUPTERM               (2)
      |         ^~~~~~~~~~~~~~~~~~~~~
[96/291] Building C object esp-idf/main/CMakeFiles/__idf_main.dir/home/mukesh_lof/projects/lof-titan/firmware/micropython/py/nlrsetjmp.c.obj
In file included from /home/mukesh_lof/projects/lof-titan/firmware/micropython/py/mpconfig.h:100,
                 from /home/mukesh_lof/projects/lof-titan/firmware/micropython/py/mpstate.h:31,
                 from /home/mukesh_lof/projects/lof-titan/firmware/micropython/py/nlrsetjmp.c:27:
/home/mukesh_lof/projects/lof-titan/firmware/micropython/ports/esp32/mpconfigport.h:115:9: warning: "MICROPY_PY_OS_DUPTERM" redefined
  115 | #define MICROPY_PY_OS_DUPTERM               (1)
      |         ^~~~~~~~~~~~~~~~~~~~~
In file included from /home/mukesh_lof/projects/lof-titan/firmware/micropython/ports/esp32/mpconfigport.h:5:
/home/mukesh_lof/projects/lof-titan/firmware/micropython/ports/esp32/boards/LOF_TITAN/mpconfigboard.h:13:9: note: this is the location of the previous definition
   13 | #define MICROPY_PY_OS_DUPTERM               (2)
      |         ^~~~~~~~~~~~~~~~~~~~~
[97/291] Building C object esp-idf/main/CMakeFiles/__idf_main.dir/home/mukesh_lof/projects/lof-titan/firmware/micropython/py/mpprint.c.obj
In file included from /home/mukesh_lof/projects/lof-titan/firmware/micropython/py/mpconfig.h:100,
                 from /home/mukesh_lof/projects/lof-titan/firmware/micropython/py/mphal.h:31,
                 from /home/mukesh_lof/projects/lof-titan/firmware/micropython/py/mpprint.c:33:
/home/mukesh_lof/projects/lof-titan/firmware/micropython/ports/esp32/mpconfigport.h:115:9: warning: "MICROPY_PY_OS_DUPTERM" redefined
  115 | #define MICROPY_PY_OS_DUPTERM               (1)
      |         ^~~~~~~~~~~~~~~~~~~~~
In file included from /home/mukesh_lof/projects/lof-titan/firmware/micropython/ports/esp32/mpconfigport.h:5:
/home/mukesh_lof/projects/lof-titan/firmware/micropython/ports/esp32/boards/LOF_TITAN/mpconfigboard.h:13:9: note: this is the location of the previous definition
   13 | #define MICROPY_PY_OS_DUPTERM               (2)
      |         ^~~~~~~~~~~~~~~~~~~~~
[98/291] Building C object esp-idf/main/CMakeFiles/__idf_main.dir/home/mukesh_lof/projects/lof-titan/firmware/micropython/py/nlrxtensa.c.obj
In file included from /home/mukesh_lof/projects/lof-titan/firmware/micropython/py/mpconfig.h:100,
                 from /home/mukesh_lof/projects/lof-titan/firmware/micropython/py/mpstate.h:31,
                 from /home/mukesh_lof/projects/lof-titan/firmware/micropython/py/nlrxtensa.c:27:
/home/mukesh_lof/projects/lof-titan/firmware/micropython/ports/esp32/mpconfigport.h:115:9: warning: "MICROPY_PY_OS_DUPTERM" redefined
  115 | #define MICROPY_PY_OS_DUPTERM               (1)
      |         ^~~~~~~~~~~~~~~~~~~~~
In file included from /home/mukesh_lof/projects/lof-titan/firmware/micropython/ports/esp32/mpconfigport.h:5:
/home/mukesh_lof/projects/lof-titan/firmware/micropython/ports/esp32/boards/LOF_TITAN/mpconfigboard.h:13:9: note: this is the location of the previous definition
   13 | #define MICROPY_PY_OS_DUPTERM               (2)
      |         ^~~~~~~~~~~~~~~~~~~~~
[99/291] Building C object esp-idf/main/CMakeFiles/__idf_main.dir/home/mukesh_lof/projects/lof-titan/firmware/micropython/py/objcode.c.obj
In file included from /home/mukesh_lof/projects/lof-titan/firmware/micropython/py/mpconfig.h:100,
                 from /home/mukesh_lof/projects/lof-titan/firmware/micropython/py/mpstate.h:31,
                 from /home/mukesh_lof/projects/lof-titan/firmware/micropython/py/runtime.h:29,
                 from /home/mukesh_lof/projects/lof-titan/firmware/micropython/py/bc.h:30,
                 from /home/mukesh_lof/projects/lof-titan/firmware/micropython/py/objcode.h:29,
                 from /home/mukesh_lof/projects/lof-titan/firmware/micropython/py/objcode.c:27:
/home/mukesh_lof/projects/lof-titan/firmware/micropython/ports/esp32/mpconfigport.h:115:9: warning: "MICROPY_PY_OS_DUPTERM" redefined
  115 | #define MICROPY_PY_OS_DUPTERM               (1)
      |         ^~~~~~~~~~~~~~~~~~~~~
In file included from /home/mukesh_lof/projects/lof-titan/firmware/micropython/ports/esp32/mpconfigport.h:5:
/home/mukesh_lof/projects/lof-titan/firmware/micropython/ports/esp32/boards/LOF_TITAN/mpconfigboard.h:13:9: note: this is the location of the previous definition
   13 | #define MICROPY_PY_OS_DUPTERM               (2)
      |         ^~~~~~~~~~~~~~~~~~~~~
[100/291] Building C object esp-idf/main/CMakeFiles/__idf_main.dir/home/mukesh_lof/projects/lof-titan/firmware/micropython/py/objattrtuple.c.obj
In file included from /home/mukesh_lof/projects/lof-titan/firmware/micropython/py/mpconfig.h:100,
                 from /home/mukesh_lof/projects/lof-titan/firmware/micropython/py/obj.h:31,
                 from /home/mukesh_lof/projects/lof-titan/firmware/micropython/py/objtuple.h:29,
                 from /home/mukesh_lof/projects/lof-titan/firmware/micropython/py/objattrtuple.c:27:
/home/mukesh_lof/projects/lof-titan/firmware/micropython/ports/esp32/mpconfigport.h:115:9: warning: "MICROPY_PY_OS_DUPTERM" redefined
  115 | #define MICROPY_PY_OS_DUPTERM               (1)
      |         ^~~~~~~~~~~~~~~~~~~~~
In file included from /home/mukesh_lof/projects/lof-titan/firmware/micropython/ports/esp32/mpconfigport.h:5:
/home/mukesh_lof/projects/lof-titan/firmware/micropython/ports/esp32/boards/LOF_TITAN/mpconfigboard.h:13:9: note: this is the location of the previous definition
   13 | #define MICROPY_PY_OS_DUPTERM               (2)
      |         ^~~~~~~~~~~~~~~~~~~~~
[101/291] Building C object esp-idf/main/CMakeFiles/__idf_main.dir/home/mukesh_lof/projects/lof-titan/firmware/micropython/py/objbool.c.obj
In file included from /home/mukesh_lof/projects/lof-titan/firmware/micropython/py/mpconfig.h:100,
                 from /home/mukesh_lof/projects/lof-titan/firmware/micropython/py/mpstate.h:31,
                 from /home/mukesh_lof/projects/lof-titan/firmware/micropython/py/runtime.h:29,
                 from /home/mukesh_lof/projects/lof-titan/firmware/micropython/py/objbool.c:29:
/home/mukesh_lof/projects/lof-titan/firmware/micropython/ports/esp32/mpconfigport.h:115:9: warning: "MICROPY_PY_OS_DUPTERM" redefined
  115 | #define MICROPY_PY_OS_DUPTERM               (1)
      |         ^~~~~~~~~~~~~~~~~~~~~
In file included from /home/mukesh_lof/projects/lof-titan/firmware/micropython/ports/esp32/mpconfigport.h:5:
/home/mukesh_lof/projects/lof-titan/firmware/micropython/ports/esp32/boards/LOF_TITAN/mpconfigboard.h:13:9: note: this is the location of the previous definition
   13 | #define MICROPY_PY_OS_DUPTERM               (2)
      |         ^~~~~~~~~~~~~~~~~~~~~
[102/291] Building C object esp-idf/main/CMakeFiles/__idf_main.dir/home/mukesh_lof/projects/lof-titan/firmware/micropython/py/objcell.c.obj
In file included from /home/mukesh_lof/projects/lof-titan/firmware/micropython/py/mpconfig.h:100,
                 from /home/mukesh_lof/projects/lof-titan/firmware/micropython/py/obj.h:31,
                 from /home/mukesh_lof/projects/lof-titan/firmware/micropython/py/objcell.c:27:
/home/mukesh_lof/projects/lof-titan/firmware/micropython/ports/esp32/mpconfigport.h:115:9: warning: "MICROPY_PY_OS_DUPTERM" redefined
  115 | #define MICROPY_PY_OS_DUPTERM               (1)
      |         ^~~~~~~~~~~~~~~~~~~~~
In file included from /home/mukesh_lof/projects/lof-titan/firmware/micropython/ports/esp32/mpconfigport.h:5:
/home/mukesh_lof/projects/lof-titan/firmware/micropython/ports/esp32/boards/LOF_TITAN/mpconfigboard.h:13:9: note: this is the location of the previous definition
   13 | #define MICROPY_PY_OS_DUPTERM               (2)
      |         ^~~~~~~~~~~~~~~~~~~~~
[103/291] Building C object esp-idf/main/CMakeFiles/__idf_main.dir/home/mukesh_lof/projects/lof-titan/firmware/micropython/py/objclosure.c.obj
In file included from /home/mukesh_lof/projects/lof-titan/firmware/micropython/py/mpconfig.h:100,
                 from /home/mukesh_lof/projects/lof-titan/firmware/micropython/py/obj.h:31,
                 from /home/mukesh_lof/projects/lof-titan/firmware/micropython/py/objclosure.c:29:
/home/mukesh_lof/projects/lof-titan/firmware/micropython/ports/esp32/mpconfigport.h:115:9: warning: "MICROPY_PY_OS_DUPTERM" redefined
  115 | #define MICROPY_PY_OS_DUPTERM               (1)
      |         ^~~~~~~~~~~~~~~~~~~~~
In file included from /home/mukesh_lof/projects/lof-titan/firmware/micropython/ports/esp32/mpconfigport.h:5:
/home/mukesh_lof/projects/lof-titan/firmware/micropython/ports/esp32/boards/LOF_TITAN/mpconfigboard.h:13:9: note: this is the location of the previous definition
   13 | #define MICROPY_PY_OS_DUPTERM               (2)
      |         ^~~~~~~~~~~~~~~~~~~~~
[104/291] Building C object esp-idf/main/CMakeFiles/__idf_main.dir/home/mukesh_lof/projects/lof-titan/firmware/micropython/py/objboundmeth.c.obj
In file included from /home/mukesh_lof/projects/lof-titan/firmware/micropython/py/mpconfig.h:100,
                 from /home/mukesh_lof/projects/lof-titan/firmware/micropython/py/obj.h:31,
                 from /home/mukesh_lof/projects/lof-titan/firmware/micropython/py/objboundmeth.c:29:
/home/mukesh_lof/projects/lof-titan/firmware/micropython/ports/esp32/mpconfigport.h:115:9: warning: "MICROPY_PY_OS_DUPTERM" redefined
  115 | #define MICROPY_PY_OS_DUPTERM               (1)
      |         ^~~~~~~~~~~~~~~~~~~~~
In file included from /home/mukesh_lof/projects/lof-titan/firmware/micropython/ports/esp32/mpconfigport.h:5:
/home/mukesh_lof/projects/lof-titan/firmware/micropython/ports/esp32/boards/LOF_TITAN/mpconfigboard.h:13:9: note: this is the location of the previous definition
   13 | #define MICROPY_PY_OS_DUPTERM               (2)
      |         ^~~~~~~~~~~~~~~~~~~~~
[105/291] Building C object esp-idf/main/CMakeFiles/__idf_main.dir/home/mukesh_lof/projects/lof-titan/firmware/micropython/py/objcomplex.c.obj
In file included from /home/mukesh_lof/projects/lof-titan/firmware/micropython/py/mpconfig.h:100,
                 from /home/mukesh_lof/projects/lof-titan/firmware/micropython/py/parsenum.h:29,
                 from /home/mukesh_lof/projects/lof-titan/firmware/micropython/py/objcomplex.c:31:
/home/mukesh_lof/projects/lof-titan/firmware/micropython/ports/esp32/mpconfigport.h:115:9: warning: "MICROPY_PY_OS_DUPTERM" redefined
  115 | #define MICROPY_PY_OS_DUPTERM               (1)
      |         ^~~~~~~~~~~~~~~~~~~~~
In file included from /home/mukesh_lof/projects/lof-titan/firmware/micropython/ports/esp32/mpconfigport.h:5:
/home/mukesh_lof/projects/lof-titan/firmware/micropython/ports/esp32/boards/LOF_TITAN/mpconfigboard.h:13:9: note: this is the location of the previous definition
   13 | #define MICROPY_PY_OS_DUPTERM               (2)
      |         ^~~~~~~~~~~~~~~~~~~~~
[106/291] Building C object esp-idf/main/CMakeFiles/__idf_main.dir/home/mukesh_lof/projects/lof-titan/firmware/micropython/py/objenumerate.c.obj
In file included from /home/mukesh_lof/projects/lof-titan/firmware/micropython/py/mpconfig.h:100,
                 from /home/mukesh_lof/projects/lof-titan/firmware/micropython/py/mpstate.h:31,
                 from /home/mukesh_lof/projects/lof-titan/firmware/micropython/py/runtime.h:29,
                 from /home/mukesh_lof/projects/lof-titan/firmware/micropython/py/objenumerate.c:30:
/home/mukesh_lof/projects/lof-titan/firmware/micropython/ports/esp32/mpconfigport.h:115:9: warning: "MICROPY_PY_OS_DUPTERM" redefined
  115 | #define MICROPY_PY_OS_DUPTERM               (1)
      |         ^~~~~~~~~~~~~~~~~~~~~
In file included from /home/mukesh_lof/projects/lof-titan/firmware/micropython/ports/esp32/mpconfigport.h:5:
/home/mukesh_lof/projects/lof-titan/firmware/micropython/ports/esp32/boards/LOF_TITAN/mpconfigboard.h:13:9: note: this is the location of the previous definition
   13 | #define MICROPY_PY_OS_DUPTERM               (2)
      |         ^~~~~~~~~~~~~~~~~~~~~
[107/291] Building C object esp-idf/main/CMakeFiles/__idf_main.dir/home/mukesh_lof/projects/lof-titan/firmware/micropython/py/objfilter.c.obj
In file included from /home/mukesh_lof/projects/lof-titan/firmware/micropython/py/mpconfig.h:100,
                 from /home/mukesh_lof/projects/lof-titan/firmware/micropython/py/mpstate.h:31,
                 from /home/mukesh_lof/projects/lof-titan/firmware/micropython/py/runtime.h:29,
                 from /home/mukesh_lof/projects/lof-titan/firmware/micropython/py/objfilter.c:27:
/home/mukesh_lof/projects/lof-titan/firmware/micropython/ports/esp32/mpconfigport.h:115:9: warning: "MICROPY_PY_OS_DUPTERM" redefined
  115 | #define MICROPY_PY_OS_DUPTERM               (1)
      |         ^~~~~~~~~~~~~~~~~~~~~
In file included from /home/mukesh_lof/projects/lof-titan/firmware/micropython/ports/esp32/mpconfigport.h:5:
/home/mukesh_lof/projects/lof-titan/firmware/micropython/ports/esp32/boards/LOF_TITAN/mpconfigboard.h:13:9: note: this is the location of the previous definition
   13 | #define MICROPY_PY_OS_DUPTERM               (2)
      |         ^~~~~~~~~~~~~~~~~~~~~
[108/291] Building C object esp-idf/main/CMakeFiles/__idf_main.dir/home/mukesh_lof/projects/lof-titan/firmware/micropython/py/objdeque.c.obj
In file included from /home/mukesh_lof/projects/lof-titan/firmware/micropython/py/mpconfig.h:100,
                 from /home/mukesh_lof/projects/lof-titan/firmware/micropython/py/mpstate.h:31,
                 from /home/mukesh_lof/projects/lof-titan/firmware/micropython/py/runtime.h:29,
                 from /home/mukesh_lof/projects/lof-titan/firmware/micropython/py/objdeque.c:29:
/home/mukesh_lof/projects/lof-titan/firmware/micropython/ports/esp32/mpconfigport.h:115:9: warning: "MICROPY_PY_OS_DUPTERM" redefined
  115 | #define MICROPY_PY_OS_DUPTERM               (1)
      |         ^~~~~~~~~~~~~~~~~~~~~
In file included from /home/mukesh_lof/projects/lof-titan/firmware/micropython/ports/esp32/mpconfigport.h:5:
/home/mukesh_lof/projects/lof-titan/firmware/micropython/ports/esp32/boards/LOF_TITAN/mpconfigboard.h:13:9: note: this is the location of the previous definition
   13 | #define MICROPY_PY_OS_DUPTERM               (2)
      |         ^~~~~~~~~~~~~~~~~~~~~
[109/291] Building C object esp-idf/main/CMakeFiles/__idf_main.dir/home/mukesh_lof/projects/lof-titan/firmware/micropython/py/objgetitemiter.c.obj
In file included from /home/mukesh_lof/projects/lof-titan/firmware/micropython/py/mpconfig.h:100,
                 from /home/mukesh_lof/projects/lof-titan/firmware/micropython/py/mpstate.h:31,
                 from /home/mukesh_lof/projects/lof-titan/firmware/micropython/py/runtime.h:29,
                 from /home/mukesh_lof/projects/lof-titan/firmware/micropython/py/objgetitemiter.c:29:
/home/mukesh_lof/projects/lof-titan/firmware/micropython/ports/esp32/mpconfigport.h:115:9: warning: "MICROPY_PY_OS_DUPTERM" redefined
  115 | #define MICROPY_PY_OS_DUPTERM               (1)
      |         ^~~~~~~~~~~~~~~~~~~~~
In file included from /home/mukesh_lof/projects/lof-titan/firmware/micropython/ports/esp32/mpconfigport.h:5:
/home/mukesh_lof/projects/lof-titan/firmware/micropython/ports/esp32/boards/LOF_TITAN/mpconfigboard.h:13:9: note: this is the location of the previous definition
   13 | #define MICROPY_PY_OS_DUPTERM               (2)
      |         ^~~~~~~~~~~~~~~~~~~~~
[110/291] Building C object esp-idf/main/CMakeFiles/__idf_main.dir/home/mukesh_lof/projects/lof-titan/firmware/micropython/py/objarray.c.obj
In file included from /home/mukesh_lof/projects/lof-titan/firmware/micropython/py/mpconfig.h:100,
                 from /home/mukesh_lof/projects/lof-titan/firmware/micropython/py/mpstate.h:31,
                 from /home/mukesh_lof/projects/lof-titan/firmware/micropython/py/runtime.h:29,
                 from /home/mukesh_lof/projects/lof-titan/firmware/micropython/py/objarray.c:32:
/home/mukesh_lof/projects/lof-titan/firmware/micropython/ports/esp32/mpconfigport.h:115:9: warning: "MICROPY_PY_OS_DUPTERM" redefined
  115 | #define MICROPY_PY_OS_DUPTERM               (1)
      |         ^~~~~~~~~~~~~~~~~~~~~
In file included from /home/mukesh_lof/projects/lof-titan/firmware/micropython/ports/esp32/mpconfigport.h:5:
/home/mukesh_lof/projects/lof-titan/firmware/micropython/ports/esp32/boards/LOF_TITAN/mpconfigboard.h:13:9: note: this is the location of the previous definition
   13 | #define MICROPY_PY_OS_DUPTERM               (2)
      |         ^~~~~~~~~~~~~~~~~~~~~
[111/291] Building C object esp-idf/main/CMakeFiles/__idf_main.dir/home/mukesh_lof/projects/lof-titan/firmware/micropython/py/objfun.c.obj
In file included from /home/mukesh_lof/projects/lof-titan/firmware/micropython/py/mpconfig.h:100,
                 from /home/mukesh_lof/projects/lof-titan/firmware/micropython/py/obj.h:31,
                 from /home/mukesh_lof/projects/lof-titan/firmware/micropython/py/emitglue.h:29,
                 from /home/mukesh_lof/projects/lof-titan/firmware/micropython/py/objfun.c:31:
/home/mukesh_lof/projects/lof-titan/firmware/micropython/ports/esp32/mpconfigport.h:115:9: warning: "MICROPY_PY_OS_DUPTERM" redefined
  115 | #define MICROPY_PY_OS_DUPTERM               (1)
      |         ^~~~~~~~~~~~~~~~~~~~~
In file included from /home/mukesh_lof/projects/lof-titan/firmware/micropython/ports/esp32/mpconfigport.h:5:
/home/mukesh_lof/projects/lof-titan/firmware/micropython/ports/esp32/boards/LOF_TITAN/mpconfigboard.h:13:9: note: this is the location of the previous definition
   13 | #define MICROPY_PY_OS_DUPTERM               (2)
      |         ^~~~~~~~~~~~~~~~~~~~~
[112/291] Building C object esp-idf/main/CMakeFiles/__idf_main.dir/home/mukesh_lof/projects/lof-titan/firmware/micropython/py/objfloat.c.obj
In file included from /home/mukesh_lof/projects/lof-titan/firmware/micropython/py/mpconfig.h:100,
                 from /home/mukesh_lof/projects/lof-titan/firmware/micropython/py/parsenum.h:29,
                 from /home/mukesh_lof/projects/lof-titan/firmware/micropython/py/objfloat.c:32:
/home/mukesh_lof/projects/lof-titan/firmware/micropython/ports/esp32/mpconfigport.h:115:9: warning: "MICROPY_PY_OS_DUPTERM" redefined
  115 | #define MICROPY_PY_OS_DUPTERM               (1)
      |         ^~~~~~~~~~~~~~~~~~~~~
In file included from /home/mukesh_lof/projects/lof-titan/firmware/micropython/ports/esp32/mpconfigport.h:5:
/home/mukesh_lof/projects/lof-titan/firmware/micropython/ports/esp32/boards/LOF_TITAN/mpconfigboard.h:13:9: note: this is the location of the previous definition
   13 | #define MICROPY_PY_OS_DUPTERM               (2)
      |         ^~~~~~~~~~~~~~~~~~~~~
[113/291] Building C object esp-idf/main/CMakeFiles/__idf_main.dir/home/mukesh_lof/projects/lof-titan/firmware/micropython/py/objint_longlong.c.obj
In file included from /home/mukesh_lof/projects/lof-titan/firmware/micropython/py/mpconfig.h:100,
                 from /home/mukesh_lof/projects/lof-titan/firmware/micropython/py/smallint.h:29,
                 from /home/mukesh_lof/projects/lof-titan/firmware/micropython/py/objint_longlong.c:31:
/home/mukesh_lof/projects/lof-titan/firmware/micropython/ports/esp32/mpconfigport.h:115:9: warning: "MICROPY_PY_OS_DUPTERM" redefined
  115 | #define MICROPY_PY_OS_DUPTERM               (1)
      |         ^~~~~~~~~~~~~~~~~~~~~
In file included from /home/mukesh_lof/projects/lof-titan/firmware/micropython/ports/esp32/mpconfigport.h:5:
/home/mukesh_lof/projects/lof-titan/firmware/micropython/ports/esp32/boards/LOF_TITAN/mpconfigboard.h:13:9: note: this is the location of the previous definition
   13 | #define MICROPY_PY_OS_DUPTERM               (2)
      |         ^~~~~~~~~~~~~~~~~~~~~
[114/291] Building C object esp-idf/main/CMakeFiles/__idf_main.dir/home/mukesh_lof/projects/lof-titan/firmware/micropython/py/obj.c.obj
In file included from /home/mukesh_lof/projects/lof-titan/firmware/micropython/py/mpconfig.h:100,
                 from /home/mukesh_lof/projects/lof-titan/firmware/micropython/py/obj.h:31,
                 from /home/mukesh_lof/projects/lof-titan/firmware/micropython/py/obj.c:32:
/home/mukesh_lof/projects/lof-titan/firmware/micropython/ports/esp32/mpconfigport.h:115:9: warning: "MICROPY_PY_OS_DUPTERM" redefined
  115 | #define MICROPY_PY_OS_DUPTERM               (1)
      |         ^~~~~~~~~~~~~~~~~~~~~
In file included from /home/mukesh_lof/projects/lof-titan/firmware/micropython/ports/esp32/mpconfigport.h:5:
/home/mukesh_lof/projects/lof-titan/firmware/micropython/ports/esp32/boards/LOF_TITAN/mpconfigboard.h:13:9: note: this is the location of the previous definition
   13 | #define MICROPY_PY_OS_DUPTERM               (2)
      |         ^~~~~~~~~~~~~~~~~~~~~
[115/291] Building C object esp-idf/main/CMakeFiles/__idf_main.dir/home/mukesh_lof/projects/lof-titan/firmware/micropython/py/objgenerator.c.obj
In file included from /home/mukesh_lof/projects/lof-titan/firmware/micropython/py/mpconfig.h:100,
                 from /home/mukesh_lof/projects/lof-titan/firmware/micropython/py/mpstate.h:31,
                 from /home/mukesh_lof/projects/lof-titan/firmware/micropython/py/runtime.h:29,
                 from /home/mukesh_lof/projects/lof-titan/firmware/micropython/py/objgenerator.c:31:
/home/mukesh_lof/projects/lof-titan/firmware/micropython/ports/esp32/mpconfigport.h:115:9: warning: "MICROPY_PY_OS_DUPTERM" redefined
  115 | #define MICROPY_PY_OS_DUPTERM               (1)
      |         ^~~~~~~~~~~~~~~~~~~~~
In file included from /home/mukesh_lof/projects/lof-titan/firmware/micropython/ports/esp32/mpconfigport.h:5:
/home/mukesh_lof/projects/lof-titan/firmware/micropython/ports/esp32/boards/LOF_TITAN/mpconfigboard.h:13:9: note: this is the location of the previous definition
   13 | #define MICROPY_PY_OS_DUPTERM               (2)
      |         ^~~~~~~~~~~~~~~~~~~~~
[116/291] Building C object esp-idf/main/CMakeFiles/__idf_main.dir/home/mukesh_lof/projects/lof-titan/firmware/micropython/py/objdict.c.obj
In file included from /home/mukesh_lof/projects/lof-titan/firmware/micropython/py/mpconfig.h:100,
                 from /home/mukesh_lof/projects/lof-titan/firmware/micropython/py/mpstate.h:31,
                 from /home/mukesh_lof/projects/lof-titan/firmware/micropython/py/runtime.h:29,
                 from /home/mukesh_lof/projects/lof-titan/firmware/micropython/py/objdict.c:31:
/home/mukesh_lof/projects/lof-titan/firmware/micropython/ports/esp32/mpconfigport.h:115:9: warning: "MICROPY_PY_OS_DUPTERM" redefined
  115 | #define MICROPY_PY_OS_DUPTERM               (1)
      |         ^~~~~~~~~~~~~~~~~~~~~
In file included from /home/mukesh_lof/projects/lof-titan/firmware/micropython/ports/esp32/mpconfigport.h:5:
/home/mukesh_lof/projects/lof-titan/firmware/micropython/ports/esp32/boards/LOF_TITAN/mpconfigboard.h:13:9: note: this is the location of the previous definition
   13 | #define MICROPY_PY_OS_DUPTERM               (2)
      |         ^~~~~~~~~~~~~~~~~~~~~
[117/291] Building C object esp-idf/main/CMakeFiles/__idf_main.dir/home/mukesh_lof/projects/lof-titan/firmware/micropython/py/objexcept.c.obj
In file included from /home/mukesh_lof/projects/lof-titan/firmware/micropython/py/mpconfig.h:100,
                 from /home/mukesh_lof/projects/lof-titan/firmware/micropython/py/obj.h:31,
                 from /home/mukesh_lof/projects/lof-titan/firmware/micropython/py/objlist.h:29,
                 from /home/mukesh_lof/projects/lof-titan/firmware/micropython/py/objexcept.c:33:
/home/mukesh_lof/projects/lof-titan/firmware/micropython/ports/esp32/mpconfigport.h:115:9: warning: "MICROPY_PY_OS_DUPTERM" redefined
  115 | #define MICROPY_PY_OS_DUPTERM               (1)
      |         ^~~~~~~~~~~~~~~~~~~~~
In file included from /home/mukesh_lof/projects/lof-titan/firmware/micropython/ports/esp32/mpconfigport.h:5:
/home/mukesh_lof/projects/lof-titan/firmware/micropython/ports/esp32/boards/LOF_TITAN/mpconfigboard.h:13:9: note: this is the location of the previous definition
   13 | #define MICROPY_PY_OS_DUPTERM               (2)
      |         ^~~~~~~~~~~~~~~~~~~~~
[118/291] Building C object esp-idf/main/CMakeFiles/__idf_main.dir/home/mukesh_lof/projects/lof-titan/firmware/micropython/py/objmap.c.obj
In file included from /home/mukesh_lof/projects/lof-titan/firmware/micropython/py/mpconfig.h:100,
                 from /home/mukesh_lof/projects/lof-titan/firmware/micropython/py/mpstate.h:31,
                 from /home/mukesh_lof/projects/lof-titan/firmware/micropython/py/runtime.h:29,
                 from /home/mukesh_lof/projects/lof-titan/firmware/micropython/py/objmap.c:30:
/home/mukesh_lof/projects/lof-titan/firmware/micropython/ports/esp32/mpconfigport.h:115:9: warning: "MICROPY_PY_OS_DUPTERM" redefined
  115 | #define MICROPY_PY_OS_DUPTERM               (1)
      |         ^~~~~~~~~~~~~~~~~~~~~
In file included from /home/mukesh_lof/projects/lof-titan/firmware/micropython/ports/esp32/mpconfigport.h:5:
/home/mukesh_lof/projects/lof-titan/firmware/micropython/ports/esp32/boards/LOF_TITAN/mpconfigboard.h:13:9: note: this is the location of the previous definition
   13 | #define MICROPY_PY_OS_DUPTERM               (2)
      |         ^~~~~~~~~~~~~~~~~~~~~
[119/291] Building C object esp-idf/main/CMakeFiles/__idf_main.dir/home/mukesh_lof/projects/lof-titan/firmware/micropython/py/objint.c.obj
In file included from /home/mukesh_lof/projects/lof-titan/firmware/micropython/py/mpconfig.h:100,
                 from /home/mukesh_lof/projects/lof-titan/firmware/micropython/py/parsenum.h:29,
                 from /home/mukesh_lof/projects/lof-titan/firmware/micropython/py/objint.c:31:
/home/mukesh_lof/projects/lof-titan/firmware/micropython/ports/esp32/mpconfigport.h:115:9: warning: "MICROPY_PY_OS_DUPTERM" redefined
  115 | #define MICROPY_PY_OS_DUPTERM               (1)
      |         ^~~~~~~~~~~~~~~~~~~~~
In file included from /home/mukesh_lof/projects/lof-titan/firmware/micropython/ports/esp32/mpconfigport.h:5:
/home/mukesh_lof/projects/lof-titan/firmware/micropython/ports/esp32/boards/LOF_TITAN/mpconfigboard.h:13:9: note: this is the location of the previous definition
   13 | #define MICROPY_PY_OS_DUPTERM               (2)
      |         ^~~~~~~~~~~~~~~~~~~~~
[120/291] Building C object esp-idf/main/CMakeFiles/__idf_main.dir/home/mukesh_lof/projects/lof-titan/firmware/micropython/py/objnone.c.obj
In file included from /home/mukesh_lof/projects/lof-titan/firmware/micropython/py/mpconfig.h:100,
                 from /home/mukesh_lof/projects/lof-titan/firmware/micropython/py/obj.h:31,
                 from /home/mukesh_lof/projects/lof-titan/firmware/micropython/py/objnone.c:29:
/home/mukesh_lof/projects/lof-titan/firmware/micropython/ports/esp32/mpconfigport.h:115:9: warning: "MICROPY_PY_OS_DUPTERM" redefined
  115 | #define MICROPY_PY_OS_DUPTERM               (1)
      |         ^~~~~~~~~~~~~~~~~~~~~
In file included from /home/mukesh_lof/projects/lof-titan/firmware/micropython/ports/esp32/mpconfigport.h:5:
/home/mukesh_lof/projects/lof-titan/firmware/micropython/ports/esp32/boards/LOF_TITAN/mpconfigboard.h:13:9: note: this is the location of the previous definition
   13 | #define MICROPY_PY_OS_DUPTERM               (2)
      |         ^~~~~~~~~~~~~~~~~~~~~
[121/291] Building C object esp-idf/main/CMakeFiles/__idf_main.dir/home/mukesh_lof/projects/lof-titan/firmware/micropython/py/objpolyiter.c.obj
In file included from /home/mukesh_lof/projects/lof-titan/firmware/micropython/py/mpconfig.h:100,
                 from /home/mukesh_lof/projects/lof-titan/firmware/micropython/py/mpstate.h:31,
                 from /home/mukesh_lof/projects/lof-titan/firmware/micropython/py/runtime.h:29,
                 from /home/mukesh_lof/projects/lof-titan/firmware/micropython/py/objpolyiter.c:29:
/home/mukesh_lof/projects/lof-titan/firmware/micropython/ports/esp32/mpconfigport.h:115:9: warning: "MICROPY_PY_OS_DUPTERM" redefined
  115 | #define MICROPY_PY_OS_DUPTERM               (1)
      |         ^~~~~~~~~~~~~~~~~~~~~
In file included from /home/mukesh_lof/projects/lof-titan/firmware/micropython/ports/esp32/mpconfigport.h:5:
/home/mukesh_lof/projects/lof-titan/firmware/micropython/ports/esp32/boards/LOF_TITAN/mpconfigboard.h:13:9: note: this is the location of the previous definition
   13 | #define MICROPY_PY_OS_DUPTERM               (2)
      |         ^~~~~~~~~~~~~~~~~~~~~
[122/291] Building C object esp-idf/main/CMakeFiles/__idf_main.dir/home/mukesh_lof/projects/lof-titan/firmware/micropython/py/objmodule.c.obj
In file included from /home/mukesh_lof/projects/lof-titan/firmware/micropython/py/mpconfig.h:100,
                 from /home/mukesh_lof/projects/lof-titan/firmware/micropython/py/mpstate.h:31,
                 from /home/mukesh_lof/projects/lof-titan/firmware/micropython/py/runtime.h:29,
                 from /home/mukesh_lof/projects/lof-titan/firmware/micropython/py/bc.h:30,
                 from /home/mukesh_lof/projects/lof-titan/firmware/micropython/py/objmodule.c:32:
/home/mukesh_lof/projects/lof-titan/firmware/micropython/ports/esp32/mpconfigport.h:115:9: warning: "MICROPY_PY_OS_DUPTERM" redefined
  115 | #define MICROPY_PY_OS_DUPTERM               (1)
      |         ^~~~~~~~~~~~~~~~~~~~~
In file included from /home/mukesh_lof/projects/lof-titan/firmware/micropython/ports/esp32/mpconfigport.h:5:
/home/mukesh_lof/projects/lof-titan/firmware/micropython/ports/esp32/boards/LOF_TITAN/mpconfigboard.h:13:9: note: this is the location of the previous definition
   13 | #define MICROPY_PY_OS_DUPTERM               (2)
      |         ^~~~~~~~~~~~~~~~~~~~~
[123/291] Building C object esp-idf/main/CMakeFiles/__idf_main.dir/home/mukesh_lof/projects/lof-titan/firmware/micropython/py/objnamedtuple.c.obj
In file included from /home/mukesh_lof/projects/lof-titan/firmware/micropython/py/mpconfig.h:100,
                 from /home/mukesh_lof/projects/lof-titan/firmware/micropython/py/obj.h:31,
                 from /home/mukesh_lof/projects/lof-titan/firmware/micropython/py/objtuple.h:29,
                 from /home/mukesh_lof/projects/lof-titan/firmware/micropython/py/objnamedtuple.c:30:
/home/mukesh_lof/projects/lof-titan/firmware/micropython/ports/esp32/mpconfigport.h:115:9: warning: "MICROPY_PY_OS_DUPTERM" redefined
  115 | #define MICROPY_PY_OS_DUPTERM               (1)
      |         ^~~~~~~~~~~~~~~~~~~~~
In file included from /home/mukesh_lof/projects/lof-titan/firmware/micropython/ports/esp32/mpconfigport.h:5:
/home/mukesh_lof/projects/lof-titan/firmware/micropython/ports/esp32/boards/LOF_TITAN/mpconfigboard.h:13:9: note: this is the location of the previous definition
   13 | #define MICROPY_PY_OS_DUPTERM               (2)
      |         ^~~~~~~~~~~~~~~~~~~~~
[124/291] Building C object esp-idf/main/CMakeFiles/__idf_main.dir/home/mukesh_lof/projects/lof-titan/firmware/micropython/py/objproperty.c.obj
In file included from /home/mukesh_lof/projects/lof-titan/firmware/micropython/py/mpconfig.h:100,
                 from /home/mukesh_lof/projects/lof-titan/firmware/micropython/py/mpstate.h:31,
                 from /home/mukesh_lof/projects/lof-titan/firmware/micropython/py/runtime.h:29,
                 from /home/mukesh_lof/projects/lof-titan/firmware/micropython/py/objproperty.c:30:
/home/mukesh_lof/projects/lof-titan/firmware/micropython/ports/esp32/mpconfigport.h:115:9: warning: "MICROPY_PY_OS_DUPTERM" redefined
  115 | #define MICROPY_PY_OS_DUPTERM               (1)
      |         ^~~~~~~~~~~~~~~~~~~~~
In file included from /home/mukesh_lof/projects/lof-titan/firmware/micropython/ports/esp32/mpconfigport.h:5:
/home/mukesh_lof/projects/lof-titan/firmware/micropython/ports/esp32/boards/LOF_TITAN/mpconfigboard.h:13:9: note: this is the location of the previous definition
   13 | #define MICROPY_PY_OS_DUPTERM               (2)
      |         ^~~~~~~~~~~~~~~~~~~~~
[125/291] Building C object esp-idf/main/CMakeFiles/__idf_main.dir/home/mukesh_lof/projects/lof-titan/firmware/micropython/py/mpz.c.obj
In file included from /home/mukesh_lof/projects/lof-titan/firmware/micropython/py/mpconfig.h:100,
                 from /home/mukesh_lof/projects/lof-titan/firmware/micropython/py/mpz.h:31,
                 from /home/mukesh_lof/projects/lof-titan/firmware/micropython/py/mpz.c:30:
/home/mukesh_lof/projects/lof-titan/firmware/micropython/ports/esp32/mpconfigport.h:115:9: warning: "MICROPY_PY_OS_DUPTERM" redefined
  115 | #define MICROPY_PY_OS_DUPTERM               (1)
      |         ^~~~~~~~~~~~~~~~~~~~~
In file included from /home/mukesh_lof/projects/lof-titan/firmware/micropython/ports/esp32/mpconfigport.h:5:
/home/mukesh_lof/projects/lof-titan/firmware/micropython/ports/esp32/boards/LOF_TITAN/mpconfigboard.h:13:9: note: this is the location of the previous definition
   13 | #define MICROPY_PY_OS_DUPTERM               (2)
      |         ^~~~~~~~~~~~~~~~~~~~~
[126/291] Building C object esp-idf/main/CMakeFiles/__idf_main.dir/home/mukesh_lof/projects/lof-titan/firmware/micropython/py/objrange.c.obj
In file included from /home/mukesh_lof/projects/lof-titan/firmware/micropython/py/mpconfig.h:100,
                 from /home/mukesh_lof/projects/lof-titan/firmware/micropython/py/mpstate.h:31,
                 from /home/mukesh_lof/projects/lof-titan/firmware/micropython/py/runtime.h:29,
                 from /home/mukesh_lof/projects/lof-titan/firmware/micropython/py/objrange.c:29:
/home/mukesh_lof/projects/lof-titan/firmware/micropython/ports/esp32/mpconfigport.h:115:9: warning: "MICROPY_PY_OS_DUPTERM" redefined
  115 | #define MICROPY_PY_OS_DUPTERM               (1)
      |         ^~~~~~~~~~~~~~~~~~~~~
In file included from /home/mukesh_lof/projects/lof-titan/firmware/micropython/ports/esp32/mpconfigport.h:5:
/home/mukesh_lof/projects/lof-titan/firmware/micropython/ports/esp32/boards/LOF_TITAN/mpconfigboard.h:13:9: note: this is the location of the previous definition
   13 | #define MICROPY_PY_OS_DUPTERM               (2)
      |         ^~~~~~~~~~~~~~~~~~~~~
[127/291] Building C object esp-idf/main/CMakeFiles/__idf_main.dir/home/mukesh_lof/projects/lof-titan/firmware/micropython/py/objreversed.c.obj
In file included from /home/mukesh_lof/projects/lof-titan/firmware/micropython/py/mpconfig.h:100,
                 from /home/mukesh_lof/projects/lof-titan/firmware/micropython/py/mpstate.h:31,
                 from /home/mukesh_lof/projects/lof-titan/firmware/micropython/py/runtime.h:29,
                 from /home/mukesh_lof/projects/lof-titan/firmware/micropython/py/objreversed.c:30:
/home/mukesh_lof/projects/lof-titan/firmware/micropython/ports/esp32/mpconfigport.h:115:9: warning: "MICROPY_PY_OS_DUPTERM" redefined
  115 | #define MICROPY_PY_OS_DUPTERM               (1)
      |         ^~~~~~~~~~~~~~~~~~~~~
In file included from /home/mukesh_lof/projects/lof-titan/firmware/micropython/ports/esp32/mpconfigport.h:5:
/home/mukesh_lof/projects/lof-titan/firmware/micropython/ports/esp32/boards/LOF_TITAN/mpconfigboard.h:13:9: note: this is the location of the previous definition
   13 | #define MICROPY_PY_OS_DUPTERM               (2)
      |         ^~~~~~~~~~~~~~~~~~~~~
[128/291] Building C object esp-idf/main/CMakeFiles/__idf_main.dir/home/mukesh_lof/projects/lof-titan/firmware/micropython/py/emitnxtensawin.c.obj
In file included from /home/mukesh_lof/projects/lof-titan/firmware/micropython/py/mpconfig.h:100,
                 from /home/mukesh_lof/projects/lof-titan/firmware/micropython/py/emitnxtensawin.c:3:
/home/mukesh_lof/projects/lof-titan/firmware/micropython/ports/esp32/mpconfigport.h:115:9: warning: "MICROPY_PY_OS_DUPTERM" redefined
  115 | #define MICROPY_PY_OS_DUPTERM               (1)
      |         ^~~~~~~~~~~~~~~~~~~~~
In file included from /home/mukesh_lof/projects/lof-titan/firmware/micropython/ports/esp32/mpconfigport.h:5:
/home/mukesh_lof/projects/lof-titan/firmware/micropython/ports/esp32/boards/LOF_TITAN/mpconfigboard.h:13:9: note: this is the location of the previous definition
   13 | #define MICROPY_PY_OS_DUPTERM               (2)
      |         ^~~~~~~~~~~~~~~~~~~~~
[129/291] Building C object esp-idf/main/CMakeFiles/__idf_main.dir/home/mukesh_lof/projects/lof-titan/firmware/micropython/py/objint_mpz.c.obj
In file included from /home/mukesh_lof/projects/lof-titan/firmware/micropython/py/mpconfig.h:100,
                 from /home/mukesh_lof/projects/lof-titan/firmware/micropython/py/parsenumbase.h:29,
                 from /home/mukesh_lof/projects/lof-titan/firmware/micropython/py/objint_mpz.c:31:
/home/mukesh_lof/projects/lof-titan/firmware/micropython/ports/esp32/mpconfigport.h:115:9: warning: "MICROPY_PY_OS_DUPTERM" redefined
  115 | #define MICROPY_PY_OS_DUPTERM               (1)
      |         ^~~~~~~~~~~~~~~~~~~~~
In file included from /home/mukesh_lof/projects/lof-titan/firmware/micropython/ports/esp32/mpconfigport.h:5:
/home/mukesh_lof/projects/lof-titan/firmware/micropython/ports/esp32/boards/LOF_TITAN/mpconfigboard.h:13:9: note: this is the location of the previous definition
   13 | #define MICROPY_PY_OS_DUPTERM               (2)
      |         ^~~~~~~~~~~~~~~~~~~~~
[130/291] Building C object esp-idf/main/CMakeFiles/__idf_main.dir/home/mukesh_lof/projects/lof-titan/firmware/micropython/py/objobject.c.obj
In file included from /home/mukesh_lof/projects/lof-titan/firmware/micropython/py/mpconfig.h:100,
                 from /home/mukesh_lof/projects/lof-titan/firmware/micropython/py/obj.h:31,
                 from /home/mukesh_lof/projects/lof-titan/firmware/micropython/py/objtype.h:29,
                 from /home/mukesh_lof/projects/lof-titan/firmware/micropython/py/objobject.c:29:
/home/mukesh_lof/projects/lof-titan/firmware/micropython/ports/esp32/mpconfigport.h:115:9: warning: "MICROPY_PY_OS_DUPTERM" redefined
  115 | #define MICROPY_PY_OS_DUPTERM               (1)
      |         ^~~~~~~~~~~~~~~~~~~~~
In file included from /home/mukesh_lof/projects/lof-titan/firmware/micropython/ports/esp32/mpconfigport.h:5:
/home/mukesh_lof/projects/lof-titan/firmware/micropython/ports/esp32/boards/LOF_TITAN/mpconfigboard.h:13:9: note: this is the location of the previous definition
   13 | #define MICROPY_PY_OS_DUPTERM               (2)
      |         ^~~~~~~~~~~~~~~~~~~~~
[131/291] Building C object esp-idf/main/CMakeFiles/__idf_main.dir/home/mukesh_lof/projects/lof-titan/firmware/micropython/py/objsingleton.c.obj
In file included from /home/mukesh_lof/projects/lof-titan/firmware/micropython/py/mpconfig.h:100,
                 from /home/mukesh_lof/projects/lof-titan/firmware/micropython/py/obj.h:31,
                 from /home/mukesh_lof/projects/lof-titan/firmware/micropython/py/objsingleton.c:30:
/home/mukesh_lof/projects/lof-titan/firmware/micropython/ports/esp32/mpconfigport.h:115:9: warning: "MICROPY_PY_OS_DUPTERM" redefined
  115 | #define MICROPY_PY_OS_DUPTERM               (1)
      |         ^~~~~~~~~~~~~~~~~~~~~
In file included from /home/mukesh_lof/projects/lof-titan/firmware/micropython/ports/esp32/mpconfigport.h:5:
/home/mukesh_lof/projects/lof-titan/firmware/micropython/ports/esp32/boards/LOF_TITAN/mpconfigboard.h:13:9: note: this is the location of the previous definition
   13 | #define MICROPY_PY_OS_DUPTERM               (2)
      |         ^~~~~~~~~~~~~~~~~~~~~
[132/291] Building C object esp-idf/main/CMakeFiles/__idf_main.dir/home/mukesh_lof/projects/lof-titan/firmware/micropython/py/objringio.c.obj
In file included from /home/mukesh_lof/projects/lof-titan/firmware/micropython/py/mpconfig.h:100,
                 from /home/mukesh_lof/projects/lof-titan/firmware/micropython/py/ringbuf.h:33,
                 from /home/mukesh_lof/projects/lof-titan/firmware/micropython/py/objringio.c:27:
/home/mukesh_lof/projects/lof-titan/firmware/micropython/ports/esp32/mpconfigport.h:115:9: warning: "MICROPY_PY_OS_DUPTERM" redefined
  115 | #define MICROPY_PY_OS_DUPTERM               (1)
      |         ^~~~~~~~~~~~~~~~~~~~~
In file included from /home/mukesh_lof/projects/lof-titan/firmware/micropython/ports/esp32/mpconfigport.h:5:
/home/mukesh_lof/projects/lof-titan/firmware/micropython/ports/esp32/boards/LOF_TITAN/mpconfigboard.h:13:9: note: this is the location of the previous definition
   13 | #define MICROPY_PY_OS_DUPTERM               (2)
      |         ^~~~~~~~~~~~~~~~~~~~~
[133/291] Building C object esp-idf/main/CMakeFiles/__idf_main.dir/home/mukesh_lof/projects/lof-titan/firmware/micropython/py/objlist.c.obj
In file included from /home/mukesh_lof/projects/lof-titan/firmware/micropython/py/mpconfig.h:100,
                 from /home/mukesh_lof/projects/lof-titan/firmware/micropython/py/obj.h:31,
                 from /home/mukesh_lof/projects/lof-titan/firmware/micropython/py/objlist.h:29,
                 from /home/mukesh_lof/projects/lof-titan/firmware/micropython/py/objlist.c:30:
/home/mukesh_lof/projects/lof-titan/firmware/micropython/ports/esp32/mpconfigport.h:115:9: warning: "MICROPY_PY_OS_DUPTERM" redefined
  115 | #define MICROPY_PY_OS_DUPTERM               (1)
      |         ^~~~~~~~~~~~~~~~~~~~~
In file included from /home/mukesh_lof/projects/lof-titan/firmware/micropython/ports/esp32/mpconfigport.h:5:
/home/mukesh_lof/projects/lof-titan/firmware/micropython/ports/esp32/boards/LOF_TITAN/mpconfigboard.h:13:9: note: this is the location of the previous definition
   13 | #define MICROPY_PY_OS_DUPTERM               (2)
      |         ^~~~~~~~~~~~~~~~~~~~~
[134/291] Building C object esp-idf/main/CMakeFiles/__idf_main.dir/home/mukesh_lof/projects/lof-titan/firmware/micropython/py/objtemplate.c.obj
In file included from /home/mukesh_lof/projects/lof-titan/firmware/micropython/py/mpconfig.h:100,
                 from /home/mukesh_lof/projects/lof-titan/firmware/micropython/py/mpstate.h:31,
                 from /home/mukesh_lof/projects/lof-titan/firmware/micropython/py/runtime.h:29,
                 from /home/mukesh_lof/projects/lof-titan/firmware/micropython/py/objtemplate.c:28:
/home/mukesh_lof/projects/lof-titan/firmware/micropython/ports/esp32/mpconfigport.h:115:9: warning: "MICROPY_PY_OS_DUPTERM" redefined
  115 | #define MICROPY_PY_OS_DUPTERM               (1)
      |         ^~~~~~~~~~~~~~~~~~~~~
In file included from /home/mukesh_lof/projects/lof-titan/firmware/micropython/ports/esp32/mpconfigport.h:5:
/home/mukesh_lof/projects/lof-titan/firmware/micropython/ports/esp32/boards/LOF_TITAN/mpconfigboard.h:13:9: note: this is the location of the previous definition
   13 | #define MICROPY_PY_OS_DUPTERM               (2)
      |         ^~~~~~~~~~~~~~~~~~~~~
[135/291] Building C object esp-idf/main/CMakeFiles/__idf_main.dir/home/mukesh_lof/projects/lof-titan/firmware/micropython/py/compile.c.obj
In file included from /home/mukesh_lof/projects/lof-titan/firmware/micropython/py/mpconfig.h:100,
                 from /home/mukesh_lof/projects/lof-titan/firmware/micropython/py/obj.h:31,
                 from /home/mukesh_lof/projects/lof-titan/firmware/micropython/py/parse.h:32,
                 from /home/mukesh_lof/projects/lof-titan/firmware/micropython/py/scope.h:29,
                 from /home/mukesh_lof/projects/lof-titan/firmware/micropython/py/compile.c:33:
/home/mukesh_lof/projects/lof-titan/firmware/micropython/ports/esp32/mpconfigport.h:115:9: warning: "MICROPY_PY_OS_DUPTERM" redefined
  115 | #define MICROPY_PY_OS_DUPTERM               (1)
      |         ^~~~~~~~~~~~~~~~~~~~~
In file included from /home/mukesh_lof/projects/lof-titan/firmware/micropython/ports/esp32/mpconfigport.h:5:
/home/mukesh_lof/projects/lof-titan/firmware/micropython/ports/esp32/boards/LOF_TITAN/mpconfigboard.h:13:9: note: this is the location of the previous definition
   13 | #define MICROPY_PY_OS_DUPTERM               (2)
      |         ^~~~~~~~~~~~~~~~~~~~~
[136/291] Building C object esp-idf/main/CMakeFiles/__idf_main.dir/home/mukesh_lof/projects/lof-titan/firmware/micropython/py/opmethods.c.obj
In file included from /home/mukesh_lof/projects/lof-titan/firmware/micropython/py/mpconfig.h:100,
                 from /home/mukesh_lof/projects/lof-titan/firmware/micropython/py/obj.h:31,
                 from /home/mukesh_lof/projects/lof-titan/firmware/micropython/py/opmethods.c:27:
/home/mukesh_lof/projects/lof-titan/firmware/micropython/ports/esp32/mpconfigport.h:115:9: warning: "MICROPY_PY_OS_DUPTERM" redefined
  115 | #define MICROPY_PY_OS_DUPTERM               (1)
      |         ^~~~~~~~~~~~~~~~~~~~~
In file included from /home/mukesh_lof/projects/lof-titan/firmware/micropython/ports/esp32/mpconfigport.h:5:
/home/mukesh_lof/projects/lof-titan/firmware/micropython/ports/esp32/boards/LOF_TITAN/mpconfigboard.h:13:9: note: this is the location of the previous definition
   13 | #define MICROPY_PY_OS_DUPTERM               (2)
      |         ^~~~~~~~~~~~~~~~~~~~~
[137/291] Building C object esp-idf/main/CMakeFiles/__idf_main.dir/home/mukesh_lof/projects/lof-titan/firmware/micropython/py/objslice.c.obj
In file included from /home/mukesh_lof/projects/lof-titan/firmware/micropython/py/mpconfig.h:100,
                 from /home/mukesh_lof/projects/lof-titan/firmware/micropython/py/mpstate.h:31,
                 from /home/mukesh_lof/projects/lof-titan/firmware/micropython/py/runtime.h:29,
                 from /home/mukesh_lof/projects/lof-titan/firmware/micropython/py/objslice.c:30:
/home/mukesh_lof/projects/lof-titan/firmware/micropython/ports/esp32/mpconfigport.h:115:9: warning: "MICROPY_PY_OS_DUPTERM" redefined
  115 | #define MICROPY_PY_OS_DUPTERM               (1)
      |         ^~~~~~~~~~~~~~~~~~~~~
In file included from /home/mukesh_lof/projects/lof-titan/firmware/micropython/ports/esp32/mpconfigport.h:5:
/home/mukesh_lof/projects/lof-titan/firmware/micropython/ports/esp32/boards/LOF_TITAN/mpconfigboard.h:13:9: note: this is the location of the previous definition
   13 | #define MICROPY_PY_OS_DUPTERM               (2)
      |         ^~~~~~~~~~~~~~~~~~~~~
[138/291] Building C object esp-idf/main/CMakeFiles/__idf_main.dir/home/mukesh_lof/projects/lof-titan/firmware/micropython/py/parsenumbase.c.obj
In file included from /home/mukesh_lof/projects/lof-titan/firmware/micropython/py/mpconfig.h:100,
                 from /home/mukesh_lof/projects/lof-titan/firmware/micropython/py/parsenumbase.c:27:
/home/mukesh_lof/projects/lof-titan/firmware/micropython/ports/esp32/mpconfigport.h:115:9: warning: "MICROPY_PY_OS_DUPTERM" redefined
  115 | #define MICROPY_PY_OS_DUPTERM               (1)
      |         ^~~~~~~~~~~~~~~~~~~~~
In file included from /home/mukesh_lof/projects/lof-titan/firmware/micropython/ports/esp32/mpconfigport.h:5:
/home/mukesh_lof/projects/lof-titan/firmware/micropython/ports/esp32/boards/LOF_TITAN/mpconfigboard.h:13:9: note: this is the location of the previous definition
   13 | #define MICROPY_PY_OS_DUPTERM               (2)
      |         ^~~~~~~~~~~~~~~~~~~~~
[139/291] Building C object esp-idf/main/CMakeFiles/__idf_main.dir/home/mukesh_lof/projects/lof-titan/firmware/micropython/py/objset.c.obj
In file included from /home/mukesh_lof/projects/lof-titan/firmware/micropython/py/mpconfig.h:100,
                 from /home/mukesh_lof/projects/lof-titan/firmware/micropython/py/mpstate.h:31,
                 from /home/mukesh_lof/projects/lof-titan/firmware/micropython/py/runtime.h:29,
                 from /home/mukesh_lof/projects/lof-titan/firmware/micropython/py/objset.c:31:
/home/mukesh_lof/projects/lof-titan/firmware/micropython/ports/esp32/mpconfigport.h:115:9: warning: "MICROPY_PY_OS_DUPTERM" redefined
  115 | #define MICROPY_PY_OS_DUPTERM               (1)
      |         ^~~~~~~~~~~~~~~~~~~~~
In file included from /home/mukesh_lof/projects/lof-titan/firmware/micropython/ports/esp32/mpconfigport.h:5:
/home/mukesh_lof/projects/lof-titan/firmware/micropython/ports/esp32/boards/LOF_TITAN/mpconfigboard.h:13:9: note: this is the location of the previous definition
   13 | #define MICROPY_PY_OS_DUPTERM               (2)
      |         ^~~~~~~~~~~~~~~~~~~~~
[140/291] Building C object esp-idf/main/CMakeFiles/__idf_main.dir/home/mukesh_lof/projects/lof-titan/firmware/micropython/py/objzip.c.obj
In file included from /home/mukesh_lof/projects/lof-titan/firmware/micropython/py/mpconfig.h:100,
                 from /home/mukesh_lof/projects/lof-titan/firmware/micropython/py/obj.h:31,
                 from /home/mukesh_lof/projects/lof-titan/firmware/micropython/py/objtuple.h:29,
                 from /home/mukesh_lof/projects/lof-titan/firmware/micropython/py/objzip.c:30:
/home/mukesh_lof/projects/lof-titan/firmware/micropython/ports/esp32/mpconfigport.h:115:9: warning: "MICROPY_PY_OS_DUPTERM" redefined
  115 | #define MICROPY_PY_OS_DUPTERM               (1)
      |         ^~~~~~~~~~~~~~~~~~~~~
In file included from /home/mukesh_lof/projects/lof-titan/firmware/micropython/ports/esp32/mpconfigport.h:5:
/home/mukesh_lof/projects/lof-titan/firmware/micropython/ports/esp32/boards/LOF_TITAN/mpconfigboard.h:13:9: note: this is the location of the previous definition
   13 | #define MICROPY_PY_OS_DUPTERM               (2)
      |         ^~~~~~~~~~~~~~~~~~~~~
[141/291] Building C object esp-idf/main/CMakeFiles/__idf_main.dir/home/mukesh_lof/projects/lof-titan/firmware/micropython/py/pairheap.c.obj
In file included from /home/mukesh_lof/projects/lof-titan/firmware/micropython/py/mpconfig.h:100,
                 from /home/mukesh_lof/projects/lof-titan/firmware/micropython/py/obj.h:31,
                 from /home/mukesh_lof/projects/lof-titan/firmware/micropython/py/pairheap.h:39,
                 from /home/mukesh_lof/projects/lof-titan/firmware/micropython/py/pairheap.c:27:
/home/mukesh_lof/projects/lof-titan/firmware/micropython/ports/esp32/mpconfigport.h:115:9: warning: "MICROPY_PY_OS_DUPTERM" redefined
  115 | #define MICROPY_PY_OS_DUPTERM               (1)
      |         ^~~~~~~~~~~~~~~~~~~~~
In file included from /home/mukesh_lof/projects/lof-titan/firmware/micropython/ports/esp32/mpconfigport.h:5:
/home/mukesh_lof/projects/lof-titan/firmware/micropython/ports/esp32/boards/LOF_TITAN/mpconfigboard.h:13:9: note: this is the location of the previous definition
   13 | #define MICROPY_PY_OS_DUPTERM               (2)
      |         ^~~~~~~~~~~~~~~~~~~~~
[142/291] Building C object esp-idf/main/CMakeFiles/__idf_main.dir/home/mukesh_lof/projects/lof-titan/firmware/micropython/py/objtuple.c.obj
In file included from /home/mukesh_lof/projects/lof-titan/firmware/micropython/py/mpconfig.h:100,
                 from /home/mukesh_lof/projects/lof-titan/firmware/micropython/py/obj.h:31,
                 from /home/mukesh_lof/projects/lof-titan/firmware/micropython/py/objtuple.h:29,
                 from /home/mukesh_lof/projects/lof-titan/firmware/micropython/py/objtuple.c:31:
/home/mukesh_lof/projects/lof-titan/firmware/micropython/ports/esp32/mpconfigport.h:115:9: warning: "MICROPY_PY_OS_DUPTERM" redefined
  115 | #define MICROPY_PY_OS_DUPTERM               (1)
      |         ^~~~~~~~~~~~~~~~~~~~~
In file included from /home/mukesh_lof/projects/lof-titan/firmware/micropython/ports/esp32/mpconfigport.h:5:
/home/mukesh_lof/projects/lof-titan/firmware/micropython/ports/esp32/boards/LOF_TITAN/mpconfigboard.h:13:9: note: this is the location of the previous definition
   13 | #define MICROPY_PY_OS_DUPTERM               (2)
      |         ^~~~~~~~~~~~~~~~~~~~~
[143/291] Building C object esp-idf/main/CMakeFiles/__idf_main.dir/home/mukesh_lof/projects/lof-titan/firmware/micropython/py/objstringio.c.obj
In file included from /home/mukesh_lof/projects/lof-titan/firmware/micropython/py/mpconfig.h:100,
                 from /home/mukesh_lof/projects/lof-titan/firmware/micropython/py/obj.h:31,
                 from /home/mukesh_lof/projects/lof-titan/firmware/micropython/py/objstr.h:29,
                 from /home/mukesh_lof/projects/lof-titan/firmware/micropython/py/objstringio.c:31:
/home/mukesh_lof/projects/lof-titan/firmware/micropython/ports/esp32/mpconfigport.h:115:9: warning: "MICROPY_PY_OS_DUPTERM" redefined
  115 | #define MICROPY_PY_OS_DUPTERM               (1)
      |         ^~~~~~~~~~~~~~~~~~~~~
In file included from /home/mukesh_lof/projects/lof-titan/firmware/micropython/ports/esp32/mpconfigport.h:5:
/home/mukesh_lof/projects/lof-titan/firmware/micropython/ports/esp32/boards/LOF_TITAN/mpconfigboard.h:13:9: note: this is the location of the previous definition
   13 | #define MICROPY_PY_OS_DUPTERM               (2)
      |         ^~~~~~~~~~~~~~~~~~~~~
[144/291] Building C object esp-idf/main/CMakeFiles/__idf_main.dir/home/mukesh_lof/projects/lof-titan/firmware/micropython/py/objstrunicode.c.obj
In file included from /home/mukesh_lof/projects/lof-titan/firmware/micropython/py/mpconfig.h:100,
                 from /home/mukesh_lof/projects/lof-titan/firmware/micropython/py/obj.h:31,
                 from /home/mukesh_lof/projects/lof-titan/firmware/micropython/py/objstr.h:29,
                 from /home/mukesh_lof/projects/lof-titan/firmware/micropython/py/objstrunicode.c:31:
/home/mukesh_lof/projects/lof-titan/firmware/micropython/ports/esp32/mpconfigport.h:115:9: warning: "MICROPY_PY_OS_DUPTERM" redefined
  115 | #define MICROPY_PY_OS_DUPTERM               (1)
      |         ^~~~~~~~~~~~~~~~~~~~~
In file included from /home/mukesh_lof/projects/lof-titan/firmware/micropython/ports/esp32/mpconfigport.h:5:
/home/mukesh_lof/projects/lof-titan/firmware/micropython/ports/esp32/boards/LOF_TITAN/mpconfigboard.h:13:9: note: this is the location of the previous definition
   13 | #define MICROPY_PY_OS_DUPTERM               (2)
      |         ^~~~~~~~~~~~~~~~~~~~~
[145/291] Building C object esp-idf/main/CMakeFiles/__idf_main.dir/home/mukesh_lof/projects/lof-titan/firmware/micropython/py/profile.c.obj
In file included from /home/mukesh_lof/projects/lof-titan/firmware/micropython/py/mpconfig.h:100,
                 from /home/mukesh_lof/projects/lof-titan/firmware/micropython/py/obj.h:31,
                 from /home/mukesh_lof/projects/lof-titan/firmware/micropython/py/emitglue.h:29,
                 from /home/mukesh_lof/projects/lof-titan/firmware/micropython/py/profile.h:30,
                 from /home/mukesh_lof/projects/lof-titan/firmware/micropython/py/profile.c:27:
/home/mukesh_lof/projects/lof-titan/firmware/micropython/ports/esp32/mpconfigport.h:115:9: warning: "MICROPY_PY_OS_DUPTERM" redefined
  115 | #define MICROPY_PY_OS_DUPTERM               (1)
      |         ^~~~~~~~~~~~~~~~~~~~~
In file included from /home/mukesh_lof/projects/lof-titan/firmware/micropython/ports/esp32/mpconfigport.h:5:
/home/mukesh_lof/projects/lof-titan/firmware/micropython/ports/esp32/boards/LOF_TITAN/mpconfigboard.h:13:9: note: this is the location of the previous definition
   13 | #define MICROPY_PY_OS_DUPTERM               (2)
      |         ^~~~~~~~~~~~~~~~~~~~~
[146/291] Building C object esp-idf/main/CMakeFiles/__idf_main.dir/home/mukesh_lof/projects/lof-titan/firmware/micropython/py/pystack.c.obj
In file included from /home/mukesh_lof/projects/lof-titan/firmware/micropython/py/mpconfig.h:100,
                 from /home/mukesh_lof/projects/lof-titan/firmware/micropython/py/mpstate.h:31,
                 from /home/mukesh_lof/projects/lof-titan/firmware/micropython/py/runtime.h:29,
                 from /home/mukesh_lof/projects/lof-titan/firmware/micropython/py/pystack.c:29:
/home/mukesh_lof/projects/lof-titan/firmware/micropython/ports/esp32/mpconfigport.h:115:9: warning: "MICROPY_PY_OS_DUPTERM" redefined
  115 | #define MICROPY_PY_OS_DUPTERM               (1)
      |         ^~~~~~~~~~~~~~~~~~~~~
In file included from /home/mukesh_lof/projects/lof-titan/firmware/micropython/ports/esp32/mpconfigport.h:5:
/home/mukesh_lof/projects/lof-titan/firmware/micropython/ports/esp32/boards/LOF_TITAN/mpconfigboard.h:13:9: note: this is the location of the previous definition
   13 | #define MICROPY_PY_OS_DUPTERM               (2)
      |         ^~~~~~~~~~~~~~~~~~~~~
[147/291] Building C object esp-idf/main/CMakeFiles/__idf_main.dir/home/mukesh_lof/projects/lof-titan/firmware/micropython/py/reader.c.obj
In file included from /home/mukesh_lof/projects/lof-titan/firmware/micropython/py/mpconfig.h:100,
                 from /home/mukesh_lof/projects/lof-titan/firmware/micropython/py/mpstate.h:31,
                 from /home/mukesh_lof/projects/lof-titan/firmware/micropython/py/runtime.h:29,
                 from /home/mukesh_lof/projects/lof-titan/firmware/micropython/py/reader.c:30:
/home/mukesh_lof/projects/lof-titan/firmware/micropython/ports/esp32/mpconfigport.h:115:9: warning: "MICROPY_PY_OS_DUPTERM" redefined
  115 | #define MICROPY_PY_OS_DUPTERM               (1)
      |         ^~~~~~~~~~~~~~~~~~~~~
In file included from /home/mukesh_lof/projects/lof-titan/firmware/micropython/ports/esp32/mpconfigport.h:5:
/home/mukesh_lof/projects/lof-titan/firmware/micropython/ports/esp32/boards/LOF_TITAN/mpconfigboard.h:13:9: note: this is the location of the previous definition
   13 | #define MICROPY_PY_OS_DUPTERM               (2)
      |         ^~~~~~~~~~~~~~~~~~~~~
[148/291] Building C object esp-idf/main/CMakeFiles/__idf_main.dir/home/mukesh_lof/projects/lof-titan/firmware/micropython/py/ringbuf.c.obj
In file included from /home/mukesh_lof/projects/lof-titan/firmware/micropython/py/mpconfig.h:100,
                 from /home/mukesh_lof/projects/lof-titan/firmware/micropython/py/ringbuf.h:33,
                 from /home/mukesh_lof/projects/lof-titan/firmware/micropython/py/ringbuf.c:27:
/home/mukesh_lof/projects/lof-titan/firmware/micropython/ports/esp32/mpconfigport.h:115:9: warning: "MICROPY_PY_OS_DUPTERM" redefined
  115 | #define MICROPY_PY_OS_DUPTERM               (1)
      |         ^~~~~~~~~~~~~~~~~~~~~
In file included from /home/mukesh_lof/projects/lof-titan/firmware/micropython/ports/esp32/mpconfigport.h:5:
/home/mukesh_lof/projects/lof-titan/firmware/micropython/ports/esp32/boards/LOF_TITAN/mpconfigboard.h:13:9: note: this is the location of the previous definition
   13 | #define MICROPY_PY_OS_DUPTERM               (2)
      |         ^~~~~~~~~~~~~~~~~~~~~
[149/291] Building C object esp-idf/main/CMakeFiles/__idf_main.dir/home/mukesh_lof/projects/lof-titan/firmware/micropython/py/scheduler.c.obj
In file included from /home/mukesh_lof/projects/lof-titan/firmware/micropython/py/mpconfig.h:100,
                 from /home/mukesh_lof/projects/lof-titan/firmware/micropython/py/mphal.h:31,
                 from /home/mukesh_lof/projects/lof-titan/firmware/micropython/py/scheduler.c:29:
/home/mukesh_lof/projects/lof-titan/firmware/micropython/ports/esp32/mpconfigport.h:115:9: warning: "MICROPY_PY_OS_DUPTERM" redefined
  115 | #define MICROPY_PY_OS_DUPTERM               (1)
      |         ^~~~~~~~~~~~~~~~~~~~~
In file included from /home/mukesh_lof/projects/lof-titan/firmware/micropython/ports/esp32/mpconfigport.h:5:
/home/mukesh_lof/projects/lof-titan/firmware/micropython/ports/esp32/boards/LOF_TITAN/mpconfigboard.h:13:9: note: this is the location of the previous definition
   13 | #define MICROPY_PY_OS_DUPTERM               (2)
      |         ^~~~~~~~~~~~~~~~~~~~~
[150/291] Building C object esp-idf/main/CMakeFiles/__idf_main.dir/home/mukesh_lof/projects/lof-titan/firmware/micropython/py/runtime_utils.c.obj
In file included from /home/mukesh_lof/projects/lof-titan/firmware/micropython/py/mpconfig.h:100,
                 from /home/mukesh_lof/projects/lof-titan/firmware/micropython/py/mpstate.h:31,
                 from /home/mukesh_lof/projects/lof-titan/firmware/micropython/py/runtime.h:29,
                 from /home/mukesh_lof/projects/lof-titan/firmware/micropython/py/runtime_utils.c:28:
/home/mukesh_lof/projects/lof-titan/firmware/micropython/ports/esp32/mpconfigport.h:115:9: warning: "MICROPY_PY_OS_DUPTERM" redefined
  115 | #define MICROPY_PY_OS_DUPTERM               (1)
      |         ^~~~~~~~~~~~~~~~~~~~~
In file included from /home/mukesh_lof/projects/lof-titan/firmware/micropython/ports/esp32/mpconfigport.h:5:
/home/mukesh_lof/projects/lof-titan/firmware/micropython/ports/esp32/boards/LOF_TITAN/mpconfigboard.h:13:9: note: this is the location of the previous definition
   13 | #define MICROPY_PY_OS_DUPTERM               (2)
      |         ^~~~~~~~~~~~~~~~~~~~~
[151/291] Building C object esp-idf/main/CMakeFiles/__idf_main.dir/home/mukesh_lof/projects/lof-titan/firmware/micropython/py/smallint.c.obj
In file included from /home/mukesh_lof/projects/lof-titan/firmware/micropython/py/mpconfig.h:100,
                 from /home/mukesh_lof/projects/lof-titan/firmware/micropython/py/smallint.h:29,
                 from /home/mukesh_lof/projects/lof-titan/firmware/micropython/py/smallint.c:27:
/home/mukesh_lof/projects/lof-titan/firmware/micropython/ports/esp32/mpconfigport.h:115:9: warning: "MICROPY_PY_OS_DUPTERM" redefined
  115 | #define MICROPY_PY_OS_DUPTERM               (1)
      |         ^~~~~~~~~~~~~~~~~~~~~
In file included from /home/mukesh_lof/projects/lof-titan/firmware/micropython/ports/esp32/mpconfigport.h:5:
/home/mukesh_lof/projects/lof-titan/firmware/micropython/ports/esp32/boards/LOF_TITAN/mpconfigboard.h:13:9: note: this is the location of the previous definition
   13 | #define MICROPY_PY_OS_DUPTERM               (2)
      |         ^~~~~~~~~~~~~~~~~~~~~
[152/291] Building C object esp-idf/main/CMakeFiles/__idf_main.dir/home/mukesh_lof/projects/lof-titan/firmware/micropython/py/parsenum.c.obj
In file included from /home/mukesh_lof/projects/lof-titan/firmware/micropython/py/mpconfig.h:100,
                 from /home/mukesh_lof/projects/lof-titan/firmware/micropython/py/mpstate.h:31,
                 from /home/mukesh_lof/projects/lof-titan/firmware/micropython/py/runtime.h:29,
                 from /home/mukesh_lof/projects/lof-titan/firmware/micropython/py/parsenum.c:30:
/home/mukesh_lof/projects/lof-titan/firmware/micropython/ports/esp32/mpconfigport.h:115:9: warning: "MICROPY_PY_OS_DUPTERM" redefined
  115 | #define MICROPY_PY_OS_DUPTERM               (1)
      |         ^~~~~~~~~~~~~~~~~~~~~
In file included from /home/mukesh_lof/projects/lof-titan/firmware/micropython/ports/esp32/mpconfigport.h:5:
/home/mukesh_lof/projects/lof-titan/firmware/micropython/ports/esp32/boards/LOF_TITAN/mpconfigboard.h:13:9: note: this is the location of the previous definition
   13 | #define MICROPY_PY_OS_DUPTERM               (2)
      |         ^~~~~~~~~~~~~~~~~~~~~
[153/291] Building C object esp-idf/main/CMakeFiles/__idf_main.dir/home/mukesh_lof/projects/lof-titan/firmware/micropython/py/showbc.c.obj
In file included from /home/mukesh_lof/projects/lof-titan/firmware/micropython/py/mpconfig.h:100,
                 from /home/mukesh_lof/projects/lof-titan/firmware/micropython/py/obj.h:31,
                 from /home/mukesh_lof/projects/lof-titan/firmware/micropython/py/emitglue.h:29,
                 from /home/mukesh_lof/projects/lof-titan/firmware/micropython/py/showbc.c:31:
/home/mukesh_lof/projects/lof-titan/firmware/micropython/ports/esp32/mpconfigport.h:115:9: warning: "MICROPY_PY_OS_DUPTERM" redefined
  115 | #define MICROPY_PY_OS_DUPTERM               (1)
      |         ^~~~~~~~~~~~~~~~~~~~~
In file included from /home/mukesh_lof/projects/lof-titan/firmware/micropython/ports/esp32/mpconfigport.h:5:
/home/mukesh_lof/projects/lof-titan/firmware/micropython/ports/esp32/boards/LOF_TITAN/mpconfigboard.h:13:9: note: this is the location of the previous definition
   13 | #define MICROPY_PY_OS_DUPTERM               (2)
      |         ^~~~~~~~~~~~~~~~~~~~~
[154/291] Building C object esp-idf/main/CMakeFiles/__idf_main.dir/home/mukesh_lof/projects/lof-titan/firmware/micropython/py/persistentcode.c.obj
In file included from /home/mukesh_lof/projects/lof-titan/firmware/micropython/py/mpconfig.h:100,
                 from /home/mukesh_lof/projects/lof-titan/firmware/micropython/py/obj.h:31,
                 from /home/mukesh_lof/projects/lof-titan/firmware/micropython/py/reader.h:29,
                 from /home/mukesh_lof/projects/lof-titan/firmware/micropython/py/persistentcode.c:32:
/home/mukesh_lof/projects/lof-titan/firmware/micropython/ports/esp32/mpconfigport.h:115:9: warning: "MICROPY_PY_OS_DUPTERM" redefined
  115 | #define MICROPY_PY_OS_DUPTERM               (1)
      |         ^~~~~~~~~~~~~~~~~~~~~
In file included from /home/mukesh_lof/projects/lof-titan/firmware/micropython/ports/esp32/mpconfigport.h:5:
/home/mukesh_lof/projects/lof-titan/firmware/micropython/ports/esp32/boards/LOF_TITAN/mpconfigboard.h:13:9: note: this is the location of the previous definition
   13 | #define MICROPY_PY_OS_DUPTERM               (2)
      |         ^~~~~~~~~~~~~~~~~~~~~
[155/291] Building C object esp-idf/main/CMakeFiles/__idf_main.dir/home/mukesh_lof/projects/lof-titan/firmware/micropython/py/repl.c.obj
In file included from /home/mukesh_lof/projects/lof-titan/firmware/micropython/py/mpconfig.h:100,
                 from /home/mukesh_lof/projects/lof-titan/firmware/micropython/py/obj.h:31,
                 from /home/mukesh_lof/projects/lof-titan/firmware/micropython/py/repl.c:28:
/home/mukesh_lof/projects/lof-titan/firmware/micropython/ports/esp32/mpconfigport.h:115:9: warning: "MICROPY_PY_OS_DUPTERM" redefined
  115 | #define MICROPY_PY_OS_DUPTERM               (1)
      |         ^~~~~~~~~~~~~~~~~~~~~
In file included from /home/mukesh_lof/projects/lof-titan/firmware/micropython/ports/esp32/mpconfigport.h:5:
/home/mukesh_lof/projects/lof-titan/firmware/micropython/ports/esp32/boards/LOF_TITAN/mpconfigboard.h:13:9: note: this is the location of the previous definition
   13 | #define MICROPY_PY_OS_DUPTERM               (2)
      |         ^~~~~~~~~~~~~~~~~~~~~
[156/291] Building C object esp-idf/main/CMakeFiles/__idf_main.dir/home/mukesh_lof/projects/lof-titan/firmware/micropython/py/scope.c.obj
In file included from /home/mukesh_lof/projects/lof-titan/firmware/micropython/py/mpconfig.h:100,
                 from /home/mukesh_lof/projects/lof-titan/firmware/micropython/py/obj.h:31,
                 from /home/mukesh_lof/projects/lof-titan/firmware/micropython/py/parse.h:32,
                 from /home/mukesh_lof/projects/lof-titan/firmware/micropython/py/scope.h:29,
                 from /home/mukesh_lof/projects/lof-titan/firmware/micropython/py/scope.c:29:
/home/mukesh_lof/projects/lof-titan/firmware/micropython/ports/esp32/mpconfigport.h:115:9: warning: "MICROPY_PY_OS_DUPTERM" redefined
  115 | #define MICROPY_PY_OS_DUPTERM               (1)
      |         ^~~~~~~~~~~~~~~~~~~~~
In file included from /home/mukesh_lof/projects/lof-titan/firmware/micropython/ports/esp32/mpconfigport.h:5:
/home/mukesh_lof/projects/lof-titan/firmware/micropython/ports/esp32/boards/LOF_TITAN/mpconfigboard.h:13:9: note: this is the location of the previous definition
   13 | #define MICROPY_PY_OS_DUPTERM               (2)
      |         ^~~~~~~~~~~~~~~~~~~~~
[157/291] Building C object esp-idf/main/CMakeFiles/__idf_main.dir/home/mukesh_lof/projects/lof-titan/firmware/micropython/py/qstr.c.obj
In file included from /home/mukesh_lof/projects/lof-titan/firmware/micropython/py/mpconfig.h:100,
                 from /home/mukesh_lof/projects/lof-titan/firmware/micropython/py/mpstate.h:31,
                 from /home/mukesh_lof/projects/lof-titan/firmware/micropython/py/qstr.c:31:
/home/mukesh_lof/projects/lof-titan/firmware/micropython/ports/esp32/mpconfigport.h:115:9: warning: "MICROPY_PY_OS_DUPTERM" redefined
  115 | #define MICROPY_PY_OS_DUPTERM               (1)
      |         ^~~~~~~~~~~~~~~~~~~~~
In file included from /home/mukesh_lof/projects/lof-titan/firmware/micropython/ports/esp32/mpconfigport.h:5:
/home/mukesh_lof/projects/lof-titan/firmware/micropython/ports/esp32/boards/LOF_TITAN/mpconfigboard.h:13:9: note: this is the location of the previous definition
   13 | #define MICROPY_PY_OS_DUPTERM               (2)
      |         ^~~~~~~~~~~~~~~~~~~~~
[158/291] Building C object esp-idf/main/CMakeFiles/__idf_main.dir/home/mukesh_lof/projects/lof-titan/firmware/micropython/py/objtype.c.obj
In file included from /home/mukesh_lof/projects/lof-titan/firmware/micropython/py/mpconfig.h:100,
                 from /home/mukesh_lof/projects/lof-titan/firmware/micropython/py/obj.h:31,
                 from /home/mukesh_lof/projects/lof-titan/firmware/micropython/py/objtype.h:29,
                 from /home/mukesh_lof/projects/lof-titan/firmware/micropython/py/objtype.c:33:
/home/mukesh_lof/projects/lof-titan/firmware/micropython/ports/esp32/mpconfigport.h:115:9: warning: "MICROPY_PY_OS_DUPTERM" redefined
  115 | #define MICROPY_PY_OS_DUPTERM               (1)
      |         ^~~~~~~~~~~~~~~~~~~~~
In file included from /home/mukesh_lof/projects/lof-titan/firmware/micropython/ports/esp32/mpconfigport.h:5:
/home/mukesh_lof/projects/lof-titan/firmware/micropython/ports/esp32/boards/LOF_TITAN/mpconfigboard.h:13:9: note: this is the location of the previous definition
   13 | #define MICROPY_PY_OS_DUPTERM               (2)
      |         ^~~~~~~~~~~~~~~~~~~~~
[159/291] Building C object esp-idf/main/CMakeFiles/__idf_main.dir/home/mukesh_lof/projects/lof-titan/firmware/micropython/py/sequence.c.obj
In file included from /home/mukesh_lof/projects/lof-titan/firmware/micropython/py/mpconfig.h:100,
                 from /home/mukesh_lof/projects/lof-titan/firmware/micropython/py/mpstate.h:31,
                 from /home/mukesh_lof/projects/lof-titan/firmware/micropython/py/runtime.h:29,
                 from /home/mukesh_lof/projects/lof-titan/firmware/micropython/py/sequence.c:30:
/home/mukesh_lof/projects/lof-titan/firmware/micropython/ports/esp32/mpconfigport.h:115:9: warning: "MICROPY_PY_OS_DUPTERM" redefined
  115 | #define MICROPY_PY_OS_DUPTERM               (1)
      |         ^~~~~~~~~~~~~~~~~~~~~
In file included from /home/mukesh_lof/projects/lof-titan/firmware/micropython/ports/esp32/mpconfigport.h:5:
/home/mukesh_lof/projects/lof-titan/firmware/micropython/ports/esp32/boards/LOF_TITAN/mpconfigboard.h:13:9: note: this is the location of the previous definition
   13 | #define MICROPY_PY_OS_DUPTERM               (2)
      |         ^~~~~~~~~~~~~~~~~~~~~
[160/291] Building C object esp-idf/main/CMakeFiles/__idf_main.dir/home/mukesh_lof/projects/lof-titan/firmware/micropython/shared/libc/printf.c.obj
In file included from /home/mukesh_lof/projects/lof-titan/firmware/micropython/py/mpconfig.h:100,
                 from /home/mukesh_lof/projects/lof-titan/firmware/micropython/shared/libc/printf.c:27:
/home/mukesh_lof/projects/lof-titan/firmware/micropython/ports/esp32/mpconfigport.h:115:9: warning: "MICROPY_PY_OS_DUPTERM" redefined
  115 | #define MICROPY_PY_OS_DUPTERM               (1)
      |         ^~~~~~~~~~~~~~~~~~~~~
In file included from /home/mukesh_lof/projects/lof-titan/firmware/micropython/ports/esp32/mpconfigport.h:5:
/home/mukesh_lof/projects/lof-titan/firmware/micropython/ports/esp32/boards/LOF_TITAN/mpconfigboard.h:13:9: note: this is the location of the previous definition
   13 | #define MICROPY_PY_OS_DUPTERM               (2)
      |         ^~~~~~~~~~~~~~~~~~~~~
[161/291] Building C object esp-idf/main/CMakeFiles/__idf_main.dir/home/mukesh_lof/projects/lof-titan/firmware/micropython/py/stackctrl.c.obj
In file included from /home/mukesh_lof/projects/lof-titan/firmware/micropython/py/mpconfig.h:100,
                 from /home/mukesh_lof/projects/lof-titan/firmware/micropython/py/mpstate.h:31,
                 from /home/mukesh_lof/projects/lof-titan/firmware/micropython/py/runtime.h:29,
                 from /home/mukesh_lof/projects/lof-titan/firmware/micropython/py/stackctrl.c:29:
/home/mukesh_lof/projects/lof-titan/firmware/micropython/ports/esp32/mpconfigport.h:115:9: warning: "MICROPY_PY_OS_DUPTERM" redefined
  115 | #define MICROPY_PY_OS_DUPTERM               (1)
      |         ^~~~~~~~~~~~~~~~~~~~~
In file included from /home/mukesh_lof/projects/lof-titan/firmware/micropython/ports/esp32/mpconfigport.h:5:
/home/mukesh_lof/projects/lof-titan/firmware/micropython/ports/esp32/boards/LOF_TITAN/mpconfigboard.h:13:9: note: this is the location of the previous definition
   13 | #define MICROPY_PY_OS_DUPTERM               (2)
      |         ^~~~~~~~~~~~~~~~~~~~~
[162/291] Building C object esp-idf/main/CMakeFiles/__idf_main.dir/home/mukesh_lof/projects/lof-titan/firmware/micropython/py/warning.c.obj
In file included from /home/mukesh_lof/projects/lof-titan/firmware/micropython/py/mpconfig.h:100,
                 from /home/mukesh_lof/projects/lof-titan/firmware/micropython/py/lexer.h:31,
                 from /home/mukesh_lof/projects/lof-titan/firmware/micropython/py/emit.h:29,
                 from /home/mukesh_lof/projects/lof-titan/firmware/micropython/py/warning.c:31:
/home/mukesh_lof/projects/lof-titan/firmware/micropython/ports/esp32/mpconfigport.h:115:9: warning: "MICROPY_PY_OS_DUPTERM" redefined
  115 | #define MICROPY_PY_OS_DUPTERM               (1)
      |         ^~~~~~~~~~~~~~~~~~~~~
In file included from /home/mukesh_lof/projects/lof-titan/firmware/micropython/ports/esp32/mpconfigport.h:5:
/home/mukesh_lof/projects/lof-titan/firmware/micropython/ports/esp32/boards/LOF_TITAN/mpconfigboard.h:13:9: note: this is the location of the previous definition
   13 | #define MICROPY_PY_OS_DUPTERM               (2)
      |         ^~~~~~~~~~~~~~~~~~~~~
[163/291] Building C object esp-idf/main/CMakeFiles/__idf_main.dir/home/mukesh_lof/projects/lof-titan/firmware/micropython/py/vstr.c.obj
In file included from /home/mukesh_lof/projects/lof-titan/firmware/micropython/py/mpconfig.h:100,
                 from /home/mukesh_lof/projects/lof-titan/firmware/micropython/py/vstr.c:33:
/home/mukesh_lof/projects/lof-titan/firmware/micropython/ports/esp32/mpconfigport.h:115:9: warning: "MICROPY_PY_OS_DUPTERM" redefined
  115 | #define MICROPY_PY_OS_DUPTERM               (1)
      |         ^~~~~~~~~~~~~~~~~~~~~
In file included from /home/mukesh_lof/projects/lof-titan/firmware/micropython/ports/esp32/mpconfigport.h:5:
/home/mukesh_lof/projects/lof-titan/firmware/micropython/ports/esp32/boards/LOF_TITAN/mpconfigboard.h:13:9: note: this is the location of the previous definition
   13 | #define MICROPY_PY_OS_DUPTERM               (2)
      |         ^~~~~~~~~~~~~~~~~~~~~
[164/291] Building C object esp-idf/main/CMakeFiles/__idf_main.dir/home/mukesh_lof/projects/lof-titan/firmware/micropython/py/parse.c.obj
In file included from /home/mukesh_lof/projects/lof-titan/firmware/micropython/py/mpconfig.h:100,
                 from /home/mukesh_lof/projects/lof-titan/firmware/micropython/py/lexer.h:31,
                 from /home/mukesh_lof/projects/lof-titan/firmware/micropython/py/parse.c:34:
/home/mukesh_lof/projects/lof-titan/firmware/micropython/ports/esp32/mpconfigport.h:115:9: warning: "MICROPY_PY_OS_DUPTERM" redefined
  115 | #define MICROPY_PY_OS_DUPTERM               (1)
      |         ^~~~~~~~~~~~~~~~~~~~~
In file included from /home/mukesh_lof/projects/lof-titan/firmware/micropython/ports/esp32/mpconfigport.h:5:
/home/mukesh_lof/projects/lof-titan/firmware/micropython/ports/esp32/boards/LOF_TITAN/mpconfigboard.h:13:9: note: this is the location of the previous definition
   13 | #define MICROPY_PY_OS_DUPTERM               (2)
      |         ^~~~~~~~~~~~~~~~~~~~~
[165/291] Building C object esp-idf/main/CMakeFiles/__idf_main.dir/home/mukesh_lof/projects/lof-titan/firmware/micropython/shared/libc/abort_.c.obj
In file included from /home/mukesh_lof/projects/lof-titan/firmware/micropython/py/mpconfig.h:100,
                 from /home/mukesh_lof/projects/lof-titan/firmware/micropython/py/mpstate.h:31,
                 from /home/mukesh_lof/projects/lof-titan/firmware/micropython/py/runtime.h:29,
                 from /home/mukesh_lof/projects/lof-titan/firmware/micropython/shared/libc/abort_.c:1:
/home/mukesh_lof/projects/lof-titan/firmware/micropython/ports/esp32/mpconfigport.h:115:9: warning: "MICROPY_PY_OS_DUPTERM" redefined
  115 | #define MICROPY_PY_OS_DUPTERM               (1)
      |         ^~~~~~~~~~~~~~~~~~~~~
In file included from /home/mukesh_lof/projects/lof-titan/firmware/micropython/ports/esp32/mpconfigport.h:5:
/home/mukesh_lof/projects/lof-titan/firmware/micropython/ports/esp32/boards/LOF_TITAN/mpconfigboard.h:13:9: note: this is the location of the previous definition
   13 | #define MICROPY_PY_OS_DUPTERM               (2)
      |         ^~~~~~~~~~~~~~~~~~~~~
[166/291] Building C object esp-idf/main/CMakeFiles/__idf_main.dir/home/mukesh_lof/projects/lof-titan/firmware/micropython/py/unicode.c.obj
In file included from /home/mukesh_lof/projects/lof-titan/firmware/micropython/py/mpconfig.h:100,
                 from /home/mukesh_lof/projects/lof-titan/firmware/micropython/py/unicode.h:29,
                 from /home/mukesh_lof/projects/lof-titan/firmware/micropython/py/unicode.c:29:
/home/mukesh_lof/projects/lof-titan/firmware/micropython/ports/esp32/mpconfigport.h:115:9: warning: "MICROPY_PY_OS_DUPTERM" redefined
  115 | #define MICROPY_PY_OS_DUPTERM               (1)
      |         ^~~~~~~~~~~~~~~~~~~~~
In file included from /home/mukesh_lof/projects/lof-titan/firmware/micropython/ports/esp32/mpconfigport.h:5:
/home/mukesh_lof/projects/lof-titan/firmware/micropython/ports/esp32/boards/LOF_TITAN/mpconfigboard.h:13:9: note: this is the location of the previous definition
   13 | #define MICROPY_PY_OS_DUPTERM               (2)
      |         ^~~~~~~~~~~~~~~~~~~~~
[167/291] Building C object esp-idf/main/CMakeFiles/__idf_main.dir/home/mukesh_lof/projects/lof-titan/firmware/micropython/extmod/btstack/modbluetooth_btstack.c.obj
In file included from /home/mukesh_lof/projects/lof-titan/firmware/micropython/py/mpconfig.h:100,
                 from /home/mukesh_lof/projects/lof-titan/firmware/micropython/py/mpstate.h:31,
                 from /home/mukesh_lof/projects/lof-titan/firmware/micropython/py/runtime.h:29,
                 from /home/mukesh_lof/projects/lof-titan/firmware/micropython/extmod/btstack/modbluetooth_btstack.c:27:
/home/mukesh_lof/projects/lof-titan/firmware/micropython/ports/esp32/mpconfigport.h:115:9: warning: "MICROPY_PY_OS_DUPTERM" redefined
  115 | #define MICROPY_PY_OS_DUPTERM               (1)
      |         ^~~~~~~~~~~~~~~~~~~~~
In file included from /home/mukesh_lof/projects/lof-titan/firmware/micropython/ports/esp32/mpconfigport.h:5:
/home/mukesh_lof/projects/lof-titan/firmware/micropython/ports/esp32/boards/LOF_TITAN/mpconfigboard.h:13:9: note: this is the location of the previous definition
   13 | #define MICROPY_PY_OS_DUPTERM               (2)
      |         ^~~~~~~~~~~~~~~~~~~~~
[168/291] Building C object esp-idf/main/CMakeFiles/__idf_main.dir/home/mukesh_lof/projects/lof-titan/firmware/micropython/extmod/machine_can.c.obj
In file included from /home/mukesh_lof/projects/lof-titan/firmware/micropython/py/mpconfig.h:100,
                 from /home/mukesh_lof/projects/lof-titan/firmware/micropython/py/obj.h:31,
                 from /home/mukesh_lof/projects/lof-titan/firmware/micropython/py/objstr.h:29,
                 from /home/mukesh_lof/projects/lof-titan/firmware/micropython/extmod/machine_can.c:26:
/home/mukesh_lof/projects/lof-titan/firmware/micropython/ports/esp32/mpconfigport.h:115:9: warning: "MICROPY_PY_OS_DUPTERM" redefined
  115 | #define MICROPY_PY_OS_DUPTERM               (1)
      |         ^~~~~~~~~~~~~~~~~~~~~
In file included from /home/mukesh_lof/projects/lof-titan/firmware/micropython/ports/esp32/mpconfigport.h:5:
/home/mukesh_lof/projects/lof-titan/firmware/micropython/ports/esp32/boards/LOF_TITAN/mpconfigboard.h:13:9: note: this is the location of the previous definition
   13 | #define MICROPY_PY_OS_DUPTERM               (2)
      |         ^~~~~~~~~~~~~~~~~~~~~
[169/291] Building C object esp-idf/main/CMakeFiles/__idf_main.dir/home/mukesh_lof/projects/lof-titan/firmware/micropython/extmod/machine_adc_block.c.obj
In file included from /home/mukesh_lof/projects/lof-titan/firmware/micropython/py/mpconfig.h:100,
                 from /home/mukesh_lof/projects/lof-titan/firmware/micropython/py/mpstate.h:31,
                 from /home/mukesh_lof/projects/lof-titan/firmware/micropython/py/runtime.h:29,
                 from /home/mukesh_lof/projects/lof-titan/firmware/micropython/extmod/machine_adc_block.c:28:
/home/mukesh_lof/projects/lof-titan/firmware/micropython/ports/esp32/mpconfigport.h:115:9: warning: "MICROPY_PY_OS_DUPTERM" redefined
  115 | #define MICROPY_PY_OS_DUPTERM               (1)
      |         ^~~~~~~~~~~~~~~~~~~~~
In file included from /home/mukesh_lof/projects/lof-titan/firmware/micropython/ports/esp32/mpconfigport.h:5:
/home/mukesh_lof/projects/lof-titan/firmware/micropython/ports/esp32/boards/LOF_TITAN/mpconfigboard.h:13:9: note: this is the location of the previous definition
   13 | #define MICROPY_PY_OS_DUPTERM               (2)
      |         ^~~~~~~~~~~~~~~~~~~~~
[170/291] Building C object esp-idf/main/CMakeFiles/__idf_main.dir/home/mukesh_lof/projects/lof-titan/firmware/micropython/extmod/machine_bitstream.c.obj
In file included from /home/mukesh_lof/projects/lof-titan/firmware/micropython/py/mpconfig.h:100,
                 from /home/mukesh_lof/projects/lof-titan/firmware/micropython/py/mpstate.h:31,
                 from /home/mukesh_lof/projects/lof-titan/firmware/micropython/py/runtime.h:29,
                 from /home/mukesh_lof/projects/lof-titan/firmware/micropython/extmod/machine_bitstream.c:28:
/home/mukesh_lof/projects/lof-titan/firmware/micropython/ports/esp32/mpconfigport.h:115:9: warning: "MICROPY_PY_OS_DUPTERM" redefined
  115 | #define MICROPY_PY_OS_DUPTERM               (1)
      |         ^~~~~~~~~~~~~~~~~~~~~
In file included from /home/mukesh_lof/projects/lof-titan/firmware/micropython/ports/esp32/mpconfigport.h:5:
/home/mukesh_lof/projects/lof-titan/firmware/micropython/ports/esp32/boards/LOF_TITAN/mpconfigboard.h:13:9: note: this is the location of the previous definition
   13 | #define MICROPY_PY_OS_DUPTERM               (2)
      |         ^~~~~~~~~~~~~~~~~~~~~
[171/291] Building C object esp-idf/main/CMakeFiles/__idf_main.dir/home/mukesh_lof/projects/lof-titan/firmware/micropython/py/stream.c.obj
In file included from /home/mukesh_lof/projects/lof-titan/firmware/micropython/py/mpconfig.h:100,
                 from /home/mukesh_lof/projects/lof-titan/firmware/micropython/py/obj.h:31,
                 from /home/mukesh_lof/projects/lof-titan/firmware/micropython/py/objstr.h:29,
                 from /home/mukesh_lof/projects/lof-titan/firmware/micropython/py/stream.c:31:
/home/mukesh_lof/projects/lof-titan/firmware/micropython/ports/esp32/mpconfigport.h:115:9: warning: "MICROPY_PY_OS_DUPTERM" redefined
  115 | #define MICROPY_PY_OS_DUPTERM               (1)
      |         ^~~~~~~~~~~~~~~~~~~~~
In file included from /home/mukesh_lof/projects/lof-titan/firmware/micropython/ports/esp32/mpconfigport.h:5:
/home/mukesh_lof/projects/lof-titan/firmware/micropython/ports/esp32/boards/LOF_TITAN/mpconfigboard.h:13:9: note: this is the location of the previous definition
   13 | #define MICROPY_PY_OS_DUPTERM               (2)
      |         ^~~~~~~~~~~~~~~~~~~~~
[172/291] Building C object esp-idf/main/CMakeFiles/__idf_main.dir/home/mukesh_lof/projects/lof-titan/firmware/micropython/extmod/machine_adc.c.obj
In file included from /home/mukesh_lof/projects/lof-titan/firmware/micropython/py/mpconfig.h:100,
                 from /home/mukesh_lof/projects/lof-titan/firmware/micropython/py/mpstate.h:31,
                 from /home/mukesh_lof/projects/lof-titan/firmware/micropython/py/runtime.h:29,
                 from /home/mukesh_lof/projects/lof-titan/firmware/micropython/extmod/machine_adc.c:27:
/home/mukesh_lof/projects/lof-titan/firmware/micropython/ports/esp32/mpconfigport.h:115:9: warning: "MICROPY_PY_OS_DUPTERM" redefined
  115 | #define MICROPY_PY_OS_DUPTERM               (1)
      |         ^~~~~~~~~~~~~~~~~~~~~
In file included from /home/mukesh_lof/projects/lof-titan/firmware/micropython/ports/esp32/mpconfigport.h:5:
/home/mukesh_lof/projects/lof-titan/firmware/micropython/ports/esp32/boards/LOF_TITAN/mpconfigboard.h:13:9: note: this is the location of the previous definition
   13 | #define MICROPY_PY_OS_DUPTERM               (2)
      |         ^~~~~~~~~~~~~~~~~~~~~
[173/291] Building C object esp-idf/main/CMakeFiles/__idf_main.dir/home/mukesh_lof/projects/lof-titan/firmware/micropython/extmod/machine_pulse.c.obj
In file included from /home/mukesh_lof/projects/lof-titan/firmware/micropython/py/mpconfig.h:100,
                 from /home/mukesh_lof/projects/lof-titan/firmware/micropython/py/mpstate.h:31,
                 from /home/mukesh_lof/projects/lof-titan/firmware/micropython/py/runtime.h:29,
                 from /home/mukesh_lof/projects/lof-titan/firmware/micropython/extmod/machine_pulse.c:27:
/home/mukesh_lof/projects/lof-titan/firmware/micropython/ports/esp32/mpconfigport.h:115:9: warning: "MICROPY_PY_OS_DUPTERM" redefined
  115 | #define MICROPY_PY_OS_DUPTERM               (1)
      |         ^~~~~~~~~~~~~~~~~~~~~
In file included from /home/mukesh_lof/projects/lof-titan/firmware/micropython/ports/esp32/mpconfigport.h:5:
/home/mukesh_lof/projects/lof-titan/firmware/micropython/ports/esp32/boards/LOF_TITAN/mpconfigboard.h:13:9: note: this is the location of the previous definition
   13 | #define MICROPY_PY_OS_DUPTERM               (2)
      |         ^~~~~~~~~~~~~~~~~~~~~
[174/291] Building C object esp-idf/main/CMakeFiles/__idf_main.dir/home/mukesh_lof/projects/lof-titan/firmware/micropython/extmod/machine_mem.c.obj
In file included from /home/mukesh_lof/projects/lof-titan/firmware/micropython/py/mpconfig.h:100,
                 from /home/mukesh_lof/projects/lof-titan/firmware/micropython/py/mpstate.h:31,
                 from /home/mukesh_lof/projects/lof-titan/firmware/micropython/py/runtime.h:29,
                 from /home/mukesh_lof/projects/lof-titan/firmware/micropython/extmod/machine_mem.c:27:
/home/mukesh_lof/projects/lof-titan/firmware/micropython/ports/esp32/mpconfigport.h:115:9: warning: "MICROPY_PY_OS_DUPTERM" redefined
  115 | #define MICROPY_PY_OS_DUPTERM               (1)
      |         ^~~~~~~~~~~~~~~~~~~~~
In file included from /home/mukesh_lof/projects/lof-titan/firmware/micropython/ports/esp32/mpconfigport.h:5:
/home/mukesh_lof/projects/lof-titan/firmware/micropython/ports/esp32/boards/LOF_TITAN/mpconfigboard.h:13:9: note: this is the location of the previous definition
   13 | #define MICROPY_PY_OS_DUPTERM               (2)
      |         ^~~~~~~~~~~~~~~~~~~~~
[175/291] Building C object esp-idf/main/CMakeFiles/__idf_main.dir/home/mukesh_lof/projects/lof-titan/firmware/micropython/extmod/machine_usb_device.c.obj
In file included from /home/mukesh_lof/projects/lof-titan/firmware/micropython/py/mpconfig.h:100,
                 from /home/mukesh_lof/projects/lof-titan/firmware/micropython/extmod/machine_usb_device.c:27:
/home/mukesh_lof/projects/lof-titan/firmware/micropython/ports/esp32/mpconfigport.h:115:9: warning: "MICROPY_PY_OS_DUPTERM" redefined
  115 | #define MICROPY_PY_OS_DUPTERM               (1)
      |         ^~~~~~~~~~~~~~~~~~~~~
In file included from /home/mukesh_lof/projects/lof-titan/firmware/micropython/ports/esp32/mpconfigport.h:5:
/home/mukesh_lof/projects/lof-titan/firmware/micropython/ports/esp32/boards/LOF_TITAN/mpconfigboard.h:13:9: note: this is the location of the previous definition
   13 | #define MICROPY_PY_OS_DUPTERM               (2)
      |         ^~~~~~~~~~~~~~~~~~~~~
[176/291] Building C object esp-idf/main/CMakeFiles/__idf_main.dir/home/mukesh_lof/projects/lof-titan/firmware/micropython/extmod/machine_spi.c.obj
In file included from /home/mukesh_lof/projects/lof-titan/firmware/micropython/py/mpconfig.h:100,
                 from /home/mukesh_lof/projects/lof-titan/firmware/micropython/py/mpstate.h:31,
                 from /home/mukesh_lof/projects/lof-titan/firmware/micropython/py/runtime.h:29,
                 from /home/mukesh_lof/projects/lof-titan/firmware/micropython/extmod/machine_spi.c:30:
/home/mukesh_lof/projects/lof-titan/firmware/micropython/ports/esp32/mpconfigport.h:115:9: warning: "MICROPY_PY_OS_DUPTERM" redefined
  115 | #define MICROPY_PY_OS_DUPTERM               (1)
      |         ^~~~~~~~~~~~~~~~~~~~~
In file included from /home/mukesh_lof/projects/lof-titan/firmware/micropython/ports/esp32/mpconfigport.h:5:
/home/mukesh_lof/projects/lof-titan/firmware/micropython/ports/esp32/boards/LOF_TITAN/mpconfigboard.h:13:9: note: this is the location of the previous definition
   13 | #define MICROPY_PY_OS_DUPTERM               (2)
      |         ^~~~~~~~~~~~~~~~~~~~~
[177/291] Building C object esp-idf/main/CMakeFiles/__idf_main.dir/home/mukesh_lof/projects/lof-titan/firmware/micropython/extmod/machine_signal.c.obj
In file included from /home/mukesh_lof/projects/lof-titan/firmware/micropython/py/mpconfig.h:100,
                 from /home/mukesh_lof/projects/lof-titan/firmware/micropython/py/mpstate.h:31,
                 from /home/mukesh_lof/projects/lof-titan/firmware/micropython/py/runtime.h:29,
                 from /home/mukesh_lof/projects/lof-titan/firmware/micropython/extmod/machine_signal.c:28:
/home/mukesh_lof/projects/lof-titan/firmware/micropython/ports/esp32/mpconfigport.h:115:9: warning: "MICROPY_PY_OS_DUPTERM" redefined
  115 | #define MICROPY_PY_OS_DUPTERM               (1)
      |         ^~~~~~~~~~~~~~~~~~~~~
In file included from /home/mukesh_lof/projects/lof-titan/firmware/micropython/ports/esp32/mpconfigport.h:5:
/home/mukesh_lof/projects/lof-titan/firmware/micropython/ports/esp32/boards/LOF_TITAN/mpconfigboard.h:13:9: note: this is the location of the previous definition
   13 | #define MICROPY_PY_OS_DUPTERM               (2)
      |         ^~~~~~~~~~~~~~~~~~~~~
[178/291] Building C object esp-idf/main/CMakeFiles/__idf_main.dir/home/mukesh_lof/projects/lof-titan/firmware/micropython/extmod/machine_i2c_target.c.obj
In file included from /home/mukesh_lof/projects/lof-titan/firmware/micropython/py/mpconfig.h:100,
                 from /home/mukesh_lof/projects/lof-titan/firmware/micropython/py/mpstate.h:31,
                 from /home/mukesh_lof/projects/lof-titan/firmware/micropython/py/runtime.h:29,
                 from /home/mukesh_lof/projects/lof-titan/firmware/micropython/extmod/machine_i2c_target.c:27:
/home/mukesh_lof/projects/lof-titan/firmware/micropython/ports/esp32/mpconfigport.h:115:9: warning: "MICROPY_PY_OS_DUPTERM" redefined
  115 | #define MICROPY_PY_OS_DUPTERM               (1)
      |         ^~~~~~~~~~~~~~~~~~~~~
In file included from /home/mukesh_lof/projects/lof-titan/firmware/micropython/ports/esp32/mpconfigport.h:5:
/home/mukesh_lof/projects/lof-titan/firmware/micropython/ports/esp32/boards/LOF_TITAN/mpconfigboard.h:13:9: note: this is the location of the previous definition
   13 | #define MICROPY_PY_OS_DUPTERM               (2)
      |         ^~~~~~~~~~~~~~~~~~~~~
[179/291] Building C object esp-idf/main/CMakeFiles/__idf_main.dir/home/mukesh_lof/projects/lof-titan/firmware/micropython/extmod/modlwip.c.obj
In file included from /home/mukesh_lof/projects/lof-titan/firmware/micropython/py/mpconfig.h:100,
                 from /home/mukesh_lof/projects/lof-titan/firmware/micropython/py/obj.h:31,
                 from /home/mukesh_lof/projects/lof-titan/firmware/micropython/py/objlist.h:29,
                 from /home/mukesh_lof/projects/lof-titan/firmware/micropython/extmod/modlwip.c:32:
/home/mukesh_lof/projects/lof-titan/firmware/micropython/ports/esp32/mpconfigport.h:115:9: warning: "MICROPY_PY_OS_DUPTERM" redefined
  115 | #define MICROPY_PY_OS_DUPTERM               (1)
      |         ^~~~~~~~~~~~~~~~~~~~~
In file included from /home/mukesh_lof/projects/lof-titan/firmware/micropython/ports/esp32/mpconfigport.h:5:
/home/mukesh_lof/projects/lof-titan/firmware/micropython/ports/esp32/boards/LOF_TITAN/mpconfigboard.h:13:9: note: this is the location of the previous definition
   13 | #define MICROPY_PY_OS_DUPTERM               (2)
      |         ^~~~~~~~~~~~~~~~~~~~~
[180/291] Building C object esp-idf/main/CMakeFiles/__idf_main.dir/home/mukesh_lof/projects/lof-titan/firmware/micropython/extmod/machine_i2s.c.obj
In file included from /home/mukesh_lof/projects/lof-titan/firmware/micropython/py/mpconfig.h:100,
                 from /home/mukesh_lof/projects/lof-titan/firmware/micropython/py/mpstate.h:31,
                 from /home/mukesh_lof/projects/lof-titan/firmware/micropython/py/runtime.h:29,
                 from /home/mukesh_lof/projects/lof-titan/firmware/micropython/extmod/machine_i2s.c:28:
/home/mukesh_lof/projects/lof-titan/firmware/micropython/ports/esp32/mpconfigport.h:115:9: warning: "MICROPY_PY_OS_DUPTERM" redefined
  115 | #define MICROPY_PY_OS_DUPTERM               (1)
      |         ^~~~~~~~~~~~~~~~~~~~~
In file included from /home/mukesh_lof/projects/lof-titan/firmware/micropython/ports/esp32/mpconfigport.h:5:
/home/mukesh_lof/projects/lof-titan/firmware/micropython/ports/esp32/boards/LOF_TITAN/mpconfigboard.h:13:9: note: this is the location of the previous definition
   13 | #define MICROPY_PY_OS_DUPTERM               (2)
      |         ^~~~~~~~~~~~~~~~~~~~~
[181/291] Building C object esp-idf/main/CMakeFiles/__idf_main.dir/home/mukesh_lof/projects/lof-titan/firmware/micropython/extmod/machine_wdt.c.obj
In file included from /home/mukesh_lof/projects/lof-titan/firmware/micropython/py/mpconfig.h:100,
                 from /home/mukesh_lof/projects/lof-titan/firmware/micropython/py/mpstate.h:31,
                 from /home/mukesh_lof/projects/lof-titan/firmware/micropython/py/runtime.h:29,
                 from /home/mukesh_lof/projects/lof-titan/firmware/micropython/extmod/machine_wdt.c:27:
/home/mukesh_lof/projects/lof-titan/firmware/micropython/ports/esp32/mpconfigport.h:115:9: warning: "MICROPY_PY_OS_DUPTERM" redefined
  115 | #define MICROPY_PY_OS_DUPTERM               (1)
      |         ^~~~~~~~~~~~~~~~~~~~~
In file included from /home/mukesh_lof/projects/lof-titan/firmware/micropython/ports/esp32/mpconfigport.h:5:
/home/mukesh_lof/projects/lof-titan/firmware/micropython/ports/esp32/boards/LOF_TITAN/mpconfigboard.h:13:9: note: this is the location of the previous definition
   13 | #define MICROPY_PY_OS_DUPTERM               (2)
      |         ^~~~~~~~~~~~~~~~~~~~~
[182/291] Building C object esp-idf/main/CMakeFiles/__idf_main.dir/home/mukesh_lof/projects/lof-titan/firmware/micropython/extmod/machine_i2c.c.obj
In file included from /home/mukesh_lof/projects/lof-titan/firmware/micropython/py/mpconfig.h:100,
                 from /home/mukesh_lof/projects/lof-titan/firmware/micropython/py/mperrno.h:29,
                 from /home/mukesh_lof/projects/lof-titan/firmware/micropython/extmod/machine_i2c.c:31:
/home/mukesh_lof/projects/lof-titan/firmware/micropython/ports/esp32/mpconfigport.h:115:9: warning: "MICROPY_PY_OS_DUPTERM" redefined
  115 | #define MICROPY_PY_OS_DUPTERM               (1)
      |         ^~~~~~~~~~~~~~~~~~~~~
In file included from /home/mukesh_lof/projects/lof-titan/firmware/micropython/ports/esp32/mpconfigport.h:5:
/home/mukesh_lof/projects/lof-titan/firmware/micropython/ports/esp32/boards/LOF_TITAN/mpconfigboard.h:13:9: note: this is the location of the previous definition
   13 | #define MICROPY_PY_OS_DUPTERM               (2)
      |         ^~~~~~~~~~~~~~~~~~~~~
[183/291] Building C object esp-idf/main/CMakeFiles/__idf_main.dir/home/mukesh_lof/projects/lof-titan/firmware/micropython/py/runtime.c.obj
In file included from /home/mukesh_lof/projects/lof-titan/firmware/micropython/py/mpconfig.h:100,
                 from /home/mukesh_lof/projects/lof-titan/firmware/micropython/py/parsenum.h:29,
                 from /home/mukesh_lof/projects/lof-titan/firmware/micropython/py/runtime.c:34:
/home/mukesh_lof/projects/lof-titan/firmware/micropython/ports/esp32/mpconfigport.h:115:9: warning: "MICROPY_PY_OS_DUPTERM" redefined
  115 | #define MICROPY_PY_OS_DUPTERM               (1)
      |         ^~~~~~~~~~~~~~~~~~~~~
In file included from /home/mukesh_lof/projects/lof-titan/firmware/micropython/ports/esp32/mpconfigport.h:5:
/home/mukesh_lof/projects/lof-titan/firmware/micropython/ports/esp32/boards/LOF_TITAN/mpconfigboard.h:13:9: note: this is the location of the previous definition
   13 | #define MICROPY_PY_OS_DUPTERM               (2)
      |         ^~~~~~~~~~~~~~~~~~~~~
[184/291] Building C object esp-idf/main/CMakeFiles/__idf_main.dir/home/mukesh_lof/projects/lof-titan/firmware/micropython/extmod/modmarshal.c.obj
In file included from /home/mukesh_lof/projects/lof-titan/firmware/micropython/py/mpconfig.h:100,
                 from /home/mukesh_lof/projects/lof-titan/firmware/micropython/py/mpstate.h:31,
                 from /home/mukesh_lof/projects/lof-titan/firmware/micropython/py/runtime.h:29,
                 from /home/mukesh_lof/projects/lof-titan/firmware/micropython/py/bc.h:30,
                 from /home/mukesh_lof/projects/lof-titan/firmware/micropython/py/objcode.h:29,
                 from /home/mukesh_lof/projects/lof-titan/firmware/micropython/extmod/modmarshal.c:28:
/home/mukesh_lof/projects/lof-titan/firmware/micropython/ports/esp32/mpconfigport.h:115:9: warning: "MICROPY_PY_OS_DUPTERM" redefined
  115 | #define MICROPY_PY_OS_DUPTERM               (1)
      |         ^~~~~~~~~~~~~~~~~~~~~
In file included from /home/mukesh_lof/projects/lof-titan/firmware/micropython/ports/esp32/mpconfigport.h:5:
/home/mukesh_lof/projects/lof-titan/firmware/micropython/ports/esp32/boards/LOF_TITAN/mpconfigboard.h:13:9: note: this is the location of the previous definition
   13 | #define MICROPY_PY_OS_DUPTERM               (2)
      |         ^~~~~~~~~~~~~~~~~~~~~
[185/291] Building C object esp-idf/main/CMakeFiles/__idf_main.dir/home/mukesh_lof/projects/lof-titan/firmware/micropython/extmod/modnetwork.c.obj
In file included from /home/mukesh_lof/projects/lof-titan/firmware/micropython/py/mpconfig.h:100,
                 from /home/mukesh_lof/projects/lof-titan/firmware/micropython/py/obj.h:31,
                 from /home/mukesh_lof/projects/lof-titan/firmware/micropython/py/objlist.h:29,
                 from /home/mukesh_lof/projects/lof-titan/firmware/micropython/extmod/modnetwork.c:31:
/home/mukesh_lof/projects/lof-titan/firmware/micropython/ports/esp32/mpconfigport.h:115:9: warning: "MICROPY_PY_OS_DUPTERM" redefined
  115 | #define MICROPY_PY_OS_DUPTERM               (1)
      |         ^~~~~~~~~~~~~~~~~~~~~
In file included from /home/mukesh_lof/projects/lof-titan/firmware/micropython/ports/esp32/mpconfigport.h:5:
/home/mukesh_lof/projects/lof-titan/firmware/micropython/ports/esp32/boards/LOF_TITAN/mpconfigboard.h:13:9: note: this is the location of the previous definition
   13 | #define MICROPY_PY_OS_DUPTERM               (2)
      |         ^~~~~~~~~~~~~~~~~~~~~
[186/291] Building C object esp-idf/main/CMakeFiles/__idf_main.dir/home/mukesh_lof/projects/lof-titan/firmware/micropython/extmod/machine_uart.c.obj
In file included from /home/mukesh_lof/projects/lof-titan/firmware/micropython/py/mpconfig.h:100,
                 from /home/mukesh_lof/projects/lof-titan/firmware/micropython/py/mpstate.h:31,
                 from /home/mukesh_lof/projects/lof-titan/firmware/micropython/py/runtime.h:29,
                 from /home/mukesh_lof/projects/lof-titan/firmware/micropython/extmod/machine_uart.c:27:
/home/mukesh_lof/projects/lof-titan/firmware/micropython/ports/esp32/mpconfigport.h:115:9: warning: "MICROPY_PY_OS_DUPTERM" redefined
  115 | #define MICROPY_PY_OS_DUPTERM               (1)
      |         ^~~~~~~~~~~~~~~~~~~~~
In file included from /home/mukesh_lof/projects/lof-titan/firmware/micropython/ports/esp32/mpconfigport.h:5:
/home/mukesh_lof/projects/lof-titan/firmware/micropython/ports/esp32/boards/LOF_TITAN/mpconfigboard.h:13:9: note: this is the location of the previous definition
   13 | #define MICROPY_PY_OS_DUPTERM               (2)
      |         ^~~~~~~~~~~~~~~~~~~~~
[187/291] Building C object esp-idf/main/CMakeFiles/__idf_main.dir/home/mukesh_lof/projects/lof-titan/firmware/micropython/extmod/modonewire.c.obj
In file included from /home/mukesh_lof/projects/lof-titan/firmware/micropython/py/mpconfig.h:100,
                 from /home/mukesh_lof/projects/lof-titan/firmware/micropython/py/obj.h:31,
                 from /home/mukesh_lof/projects/lof-titan/firmware/micropython/extmod/modonewire.c:30:
/home/mukesh_lof/projects/lof-titan/firmware/micropython/ports/esp32/mpconfigport.h:115:9: warning: "MICROPY_PY_OS_DUPTERM" redefined
  115 | #define MICROPY_PY_OS_DUPTERM               (1)
      |         ^~~~~~~~~~~~~~~~~~~~~
In file included from /home/mukesh_lof/projects/lof-titan/firmware/micropython/ports/esp32/mpconfigport.h:5:
/home/mukesh_lof/projects/lof-titan/firmware/micropython/ports/esp32/boards/LOF_TITAN/mpconfigboard.h:13:9: note: this is the location of the previous definition
   13 | #define MICROPY_PY_OS_DUPTERM               (2)
      |         ^~~~~~~~~~~~~~~~~~~~~
[188/291] Building C object esp-idf/main/CMakeFiles/__idf_main.dir/home/mukesh_lof/projects/lof-titan/firmware/micropython/extmod/modmachine.c.obj
In file included from /home/mukesh_lof/projects/lof-titan/firmware/micropython/py/mpconfig.h:100,
                 from /home/mukesh_lof/projects/lof-titan/firmware/micropython/py/obj.h:31,
                 from /home/mukesh_lof/projects/lof-titan/firmware/micropython/py/builtin.h:29,
                 from /home/mukesh_lof/projects/lof-titan/firmware/micropython/extmod/modmachine.c:27:
/home/mukesh_lof/projects/lof-titan/firmware/micropython/ports/esp32/mpconfigport.h:115:9: warning: "MICROPY_PY_OS_DUPTERM" redefined
  115 | #define MICROPY_PY_OS_DUPTERM               (1)
      |         ^~~~~~~~~~~~~~~~~~~~~
In file included from /home/mukesh_lof/projects/lof-titan/firmware/micropython/ports/esp32/mpconfigport.h:5:
/home/mukesh_lof/projects/lof-titan/firmware/micropython/ports/esp32/boards/LOF_TITAN/mpconfigboard.h:13:9: note: this is the location of the previous definition
   13 | #define MICROPY_PY_OS_DUPTERM               (2)
      |         ^~~~~~~~~~~~~~~~~~~~~
[189/291] Building C object esp-idf/main/CMakeFiles/__idf_main.dir/home/mukesh_lof/projects/lof-titan/firmware/micropython/py/vm.c.obj
In file included from /home/mukesh_lof/projects/lof-titan/firmware/micropython/py/mpconfig.h:100,
                 from /home/mukesh_lof/projects/lof-titan/firmware/micropython/py/obj.h:31,
                 from /home/mukesh_lof/projects/lof-titan/firmware/micropython/py/emitglue.h:29,
                 from /home/mukesh_lof/projects/lof-titan/firmware/micropython/py/vm.c:32:
/home/mukesh_lof/projects/lof-titan/firmware/micropython/ports/esp32/mpconfigport.h:115:9: warning: "MICROPY_PY_OS_DUPTERM" redefined
  115 | #define MICROPY_PY_OS_DUPTERM               (1)
      |         ^~~~~~~~~~~~~~~~~~~~~
In file included from /home/mukesh_lof/projects/lof-titan/firmware/micropython/ports/esp32/mpconfigport.h:5:
/home/mukesh_lof/projects/lof-titan/firmware/micropython/ports/esp32/boards/LOF_TITAN/mpconfigboard.h:13:9: note: this is the location of the previous definition
   13 | #define MICROPY_PY_OS_DUPTERM               (2)
      |         ^~~~~~~~~~~~~~~~~~~~~
[190/291] Building C object esp-idf/main/CMakeFiles/__idf_main.dir/home/mukesh_lof/projects/lof-titan/firmware/micropython/extmod/modbinascii.c.obj
In file included from /home/mukesh_lof/projects/lof-titan/firmware/micropython/py/mpconfig.h:100,
                 from /home/mukesh_lof/projects/lof-titan/firmware/micropython/py/mpstate.h:31,
                 from /home/mukesh_lof/projects/lof-titan/firmware/micropython/py/runtime.h:29,
                 from /home/mukesh_lof/projects/lof-titan/firmware/micropython/extmod/modbinascii.c:31:
/home/mukesh_lof/projects/lof-titan/firmware/micropython/ports/esp32/mpconfigport.h:115:9: warning: "MICROPY_PY_OS_DUPTERM" redefined
  115 | #define MICROPY_PY_OS_DUPTERM               (1)
      |         ^~~~~~~~~~~~~~~~~~~~~
In file included from /home/mukesh_lof/projects/lof-titan/firmware/micropython/ports/esp32/mpconfigport.h:5:
/home/mukesh_lof/projects/lof-titan/firmware/micropython/ports/esp32/boards/LOF_TITAN/mpconfigboard.h:13:9: note: this is the location of the previous definition
   13 | #define MICROPY_PY_OS_DUPTERM               (2)
      |         ^~~~~~~~~~~~~~~~~~~~~
[191/291] Building C object esp-idf/main/CMakeFiles/__idf_main.dir/home/mukesh_lof/projects/lof-titan/firmware/micropython/extmod/modcryptolib.c.obj
In file included from /home/mukesh_lof/projects/lof-titan/firmware/micropython/py/mpconfig.h:100,
                 from /home/mukesh_lof/projects/lof-titan/firmware/micropython/extmod/modcryptolib.c:28:
/home/mukesh_lof/projects/lof-titan/firmware/micropython/ports/esp32/mpconfigport.h:115:9: warning: "MICROPY_PY_OS_DUPTERM" redefined
  115 | #define MICROPY_PY_OS_DUPTERM               (1)
      |         ^~~~~~~~~~~~~~~~~~~~~
In file included from /home/mukesh_lof/projects/lof-titan/firmware/micropython/ports/esp32/mpconfigport.h:5:
/home/mukesh_lof/projects/lof-titan/firmware/micropython/ports/esp32/boards/LOF_TITAN/mpconfigboard.h:13:9: note: this is the location of the previous definition
   13 | #define MICROPY_PY_OS_DUPTERM               (2)
      |         ^~~~~~~~~~~~~~~~~~~~~
[192/291] Building C object esp-idf/main/CMakeFiles/__idf_main.dir/home/mukesh_lof/projects/lof-titan/firmware/micropython/extmod/machine_pwm.c.obj
In file included from /home/mukesh_lof/projects/lof-titan/firmware/micropython/py/mpconfig.h:100,
                 from /home/mukesh_lof/projects/lof-titan/firmware/micropython/py/mpstate.h:31,
                 from /home/mukesh_lof/projects/lof-titan/firmware/micropython/py/runtime.h:29,
                 from /home/mukesh_lof/projects/lof-titan/firmware/micropython/extmod/machine_pwm.c:27:
/home/mukesh_lof/projects/lof-titan/firmware/micropython/ports/esp32/mpconfigport.h:115:9: warning: "MICROPY_PY_OS_DUPTERM" redefined
  115 | #define MICROPY_PY_OS_DUPTERM               (1)
      |         ^~~~~~~~~~~~~~~~~~~~~
In file included from /home/mukesh_lof/projects/lof-titan/firmware/micropython/ports/esp32/mpconfigport.h:5:
/home/mukesh_lof/projects/lof-titan/firmware/micropython/ports/esp32/boards/LOF_TITAN/mpconfigboard.h:13:9: note: this is the location of the previous definition
   13 | #define MICROPY_PY_OS_DUPTERM               (2)
      |         ^~~~~~~~~~~~~~~~~~~~~
[193/291] Building C object esp-idf/main/CMakeFiles/__idf_main.dir/home/mukesh_lof/projects/lof-titan/firmware/micropython/extmod/modasyncio.c.obj
In file included from /home/mukesh_lof/projects/lof-titan/firmware/micropython/py/mpconfig.h:100,
                 from /home/mukesh_lof/projects/lof-titan/firmware/micropython/py/mpstate.h:31,
                 from /home/mukesh_lof/projects/lof-titan/firmware/micropython/py/runtime.h:29,
                 from /home/mukesh_lof/projects/lof-titan/firmware/micropython/extmod/modasyncio.c:27:
/home/mukesh_lof/projects/lof-titan/firmware/micropython/ports/esp32/mpconfigport.h:115:9: warning: "MICROPY_PY_OS_DUPTERM" redefined
  115 | #define MICROPY_PY_OS_DUPTERM               (1)
      |         ^~~~~~~~~~~~~~~~~~~~~
In file included from /home/mukesh_lof/projects/lof-titan/firmware/micropython/ports/esp32/mpconfigport.h:5:
/home/mukesh_lof/projects/lof-titan/firmware/micropython/ports/esp32/boards/LOF_TITAN/mpconfigboard.h:13:9: note: this is the location of the previous definition
   13 | #define MICROPY_PY_OS_DUPTERM               (2)
      |         ^~~~~~~~~~~~~~~~~~~~~
[194/291] Building C object esp-idf/main/CMakeFiles/__idf_main.dir/home/mukesh_lof/projects/lof-titan/firmware/micropython/extmod/modos.c.obj
In file included from /home/mukesh_lof/projects/lof-titan/firmware/micropython/py/mpconfig.h:100,
                 from /home/mukesh_lof/projects/lof-titan/firmware/micropython/py/mphal.h:31,
                 from /home/mukesh_lof/projects/lof-titan/firmware/micropython/extmod/modos.c:27:
/home/mukesh_lof/projects/lof-titan/firmware/micropython/ports/esp32/mpconfigport.h:115:9: warning: "MICROPY_PY_OS_DUPTERM" redefined
  115 | #define MICROPY_PY_OS_DUPTERM               (1)
      |         ^~~~~~~~~~~~~~~~~~~~~
In file included from /home/mukesh_lof/projects/lof-titan/firmware/micropython/ports/esp32/mpconfigport.h:5:
/home/mukesh_lof/projects/lof-titan/firmware/micropython/ports/esp32/boards/LOF_TITAN/mpconfigboard.h:13:9: note: this is the location of the previous definition
   13 | #define MICROPY_PY_OS_DUPTERM               (2)
      |         ^~~~~~~~~~~~~~~~~~~~~
[195/291] Building C object esp-idf/main/CMakeFiles/__idf_main.dir/home/mukesh_lof/projects/lof-titan/firmware/micropython/extmod/modplatform.c.obj
In file included from /home/mukesh_lof/projects/lof-titan/firmware/micropython/py/mpconfig.h:100,
                 from /home/mukesh_lof/projects/lof-titan/firmware/micropython/py/mpstate.h:31,
                 from /home/mukesh_lof/projects/lof-titan/firmware/micropython/py/runtime.h:29,
                 from /home/mukesh_lof/projects/lof-titan/firmware/micropython/extmod/modplatform.c:28:
/home/mukesh_lof/projects/lof-titan/firmware/micropython/ports/esp32/mpconfigport.h:115:9: warning: "MICROPY_PY_OS_DUPTERM" redefined
  115 | #define MICROPY_PY_OS_DUPTERM               (1)
      |         ^~~~~~~~~~~~~~~~~~~~~
In file included from /home/mukesh_lof/projects/lof-titan/firmware/micropython/ports/esp32/mpconfigport.h:5:
/home/mukesh_lof/projects/lof-titan/firmware/micropython/ports/esp32/boards/LOF_TITAN/mpconfigboard.h:13:9: note: this is the location of the previous definition
   13 | #define MICROPY_PY_OS_DUPTERM               (2)
      |         ^~~~~~~~~~~~~~~~~~~~~
[196/291] Building C object esp-idf/main/CMakeFiles/__idf_main.dir/home/mukesh_lof/projects/lof-titan/firmware/micropython/extmod/modhashlib.c.obj
In file included from /home/mukesh_lof/projects/lof-titan/firmware/micropython/py/mpconfig.h:100,
                 from /home/mukesh_lof/projects/lof-titan/firmware/micropython/py/mpstate.h:31,
                 from /home/mukesh_lof/projects/lof-titan/firmware/micropython/py/runtime.h:29,
                 from /home/mukesh_lof/projects/lof-titan/firmware/micropython/extmod/modhashlib.c:30:
/home/mukesh_lof/projects/lof-titan/firmware/micropython/ports/esp32/mpconfigport.h:115:9: warning: "MICROPY_PY_OS_DUPTERM" redefined
  115 | #define MICROPY_PY_OS_DUPTERM               (1)
      |         ^~~~~~~~~~~~~~~~~~~~~
In file included from /home/mukesh_lof/projects/lof-titan/firmware/micropython/ports/esp32/mpconfigport.h:5:
/home/mukesh_lof/projects/lof-titan/firmware/micropython/ports/esp32/boards/LOF_TITAN/mpconfigboard.h:13:9: note: this is the location of the previous definition
   13 | #define MICROPY_PY_OS_DUPTERM               (2)
      |         ^~~~~~~~~~~~~~~~~~~~~
[197/291] Building C object esp-idf/main/CMakeFiles/__idf_main.dir/home/mukesh_lof/projects/lof-titan/firmware/micropython/extmod/modframebuf.c.obj
In file included from /home/mukesh_lof/projects/lof-titan/firmware/micropython/py/mpconfig.h:100,
                 from /home/mukesh_lof/projects/lof-titan/firmware/micropython/py/mpstate.h:31,
                 from /home/mukesh_lof/projects/lof-titan/firmware/micropython/py/runtime.h:29,
                 from /home/mukesh_lof/projects/lof-titan/firmware/micropython/extmod/modframebuf.c:30:
/home/mukesh_lof/projects/lof-titan/firmware/micropython/ports/esp32/mpconfigport.h:115:9: warning: "MICROPY_PY_OS_DUPTERM" redefined
  115 | #define MICROPY_PY_OS_DUPTERM               (1)
      |         ^~~~~~~~~~~~~~~~~~~~~
In file included from /home/mukesh_lof/projects/lof-titan/firmware/micropython/ports/esp32/mpconfigport.h:5:
/home/mukesh_lof/projects/lof-titan/firmware/micropython/ports/esp32/boards/LOF_TITAN/mpconfigboard.h:13:9: note: this is the location of the previous definition
   13 | #define MICROPY_PY_OS_DUPTERM               (2)
      |         ^~~~~~~~~~~~~~~~~~~~~
[198/291] Building C object esp-idf/main/CMakeFiles/__idf_main.dir/home/mukesh_lof/projects/lof-titan/firmware/micropython/extmod/moductypes.c.obj
In file included from /home/mukesh_lof/projects/lof-titan/firmware/micropython/py/mpconfig.h:100,
                 from /home/mukesh_lof/projects/lof-titan/firmware/micropython/py/smallint.h:29,
                 from /home/mukesh_lof/projects/lof-titan/firmware/micropython/extmod/moductypes.c:31:
/home/mukesh_lof/projects/lof-titan/firmware/micropython/ports/esp32/mpconfigport.h:115:9: warning: "MICROPY_PY_OS_DUPTERM" redefined
  115 | #define MICROPY_PY_OS_DUPTERM               (1)
      |         ^~~~~~~~~~~~~~~~~~~~~
In file included from /home/mukesh_lof/projects/lof-titan/firmware/micropython/ports/esp32/mpconfigport.h:5:
/home/mukesh_lof/projects/lof-titan/firmware/micropython/ports/esp32/boards/LOF_TITAN/mpconfigboard.h:13:9: note: this is the location of the previous definition
   13 | #define MICROPY_PY_OS_DUPTERM               (2)
      |         ^~~~~~~~~~~~~~~~~~~~~
[199/291] Building C object esp-idf/main/CMakeFiles/__idf_main.dir/home/mukesh_lof/projects/lof-titan/firmware/micropython/extmod/modheapq.c.obj
In file included from /home/mukesh_lof/projects/lof-titan/firmware/micropython/py/mpconfig.h:100,
                 from /home/mukesh_lof/projects/lof-titan/firmware/micropython/py/obj.h:31,
                 from /home/mukesh_lof/projects/lof-titan/firmware/micropython/py/objlist.h:29,
                 from /home/mukesh_lof/projects/lof-titan/firmware/micropython/extmod/modheapq.c:27:
/home/mukesh_lof/projects/lof-titan/firmware/micropython/ports/esp32/mpconfigport.h:115:9: warning: "MICROPY_PY_OS_DUPTERM" redefined
  115 | #define MICROPY_PY_OS_DUPTERM               (1)
      |         ^~~~~~~~~~~~~~~~~~~~~
In file included from /home/mukesh_lof/projects/lof-titan/firmware/micropython/ports/esp32/mpconfigport.h:5:
/home/mukesh_lof/projects/lof-titan/firmware/micropython/ports/esp32/boards/LOF_TITAN/mpconfigboard.h:13:9: note: this is the location of the previous definition
   13 | #define MICROPY_PY_OS_DUPTERM               (2)
      |         ^~~~~~~~~~~~~~~~~~~~~
[200/291] Building C object esp-idf/main/CMakeFiles/__idf_main.dir/home/mukesh_lof/projects/lof-titan/firmware/micropython/extmod/modsocket.c.obj
In file included from /home/mukesh_lof/projects/lof-titan/firmware/micropython/py/mpconfig.h:100,
                 from /home/mukesh_lof/projects/lof-titan/firmware/micropython/py/obj.h:31,
                 from /home/mukesh_lof/projects/lof-titan/firmware/micropython/py/objtuple.h:29,
                 from /home/mukesh_lof/projects/lof-titan/firmware/micropython/extmod/modsocket.c:30:
/home/mukesh_lof/projects/lof-titan/firmware/micropython/ports/esp32/mpconfigport.h:115:9: warning: "MICROPY_PY_OS_DUPTERM" redefined
  115 | #define MICROPY_PY_OS_DUPTERM               (1)
      |         ^~~~~~~~~~~~~~~~~~~~~
In file included from /home/mukesh_lof/projects/lof-titan/firmware/micropython/ports/esp32/mpconfigport.h:5:
/home/mukesh_lof/projects/lof-titan/firmware/micropython/ports/esp32/boards/LOF_TITAN/mpconfigboard.h:13:9: note: this is the location of the previous definition
   13 | #define MICROPY_PY_OS_DUPTERM               (2)
      |         ^~~~~~~~~~~~~~~~~~~~~
[201/291] Building C object esp-idf/main/CMakeFiles/__idf_main.dir/home/mukesh_lof/projects/lof-titan/firmware/micropython/extmod/modrandom.c.obj
In file included from /home/mukesh_lof/projects/lof-titan/firmware/micropython/py/mpconfig.h:100,
                 from /home/mukesh_lof/projects/lof-titan/firmware/micropython/py/mpstate.h:31,
                 from /home/mukesh_lof/projects/lof-titan/firmware/micropython/py/runtime.h:29,
                 from /home/mukesh_lof/projects/lof-titan/firmware/micropython/extmod/modrandom.c:30:
/home/mukesh_lof/projects/lof-titan/firmware/micropython/ports/esp32/mpconfigport.h:115:9: warning: "MICROPY_PY_OS_DUPTERM" redefined
  115 | #define MICROPY_PY_OS_DUPTERM               (1)
      |         ^~~~~~~~~~~~~~~~~~~~~
In file included from /home/mukesh_lof/projects/lof-titan/firmware/micropython/ports/esp32/mpconfigport.h:5:
/home/mukesh_lof/projects/lof-titan/firmware/micropython/ports/esp32/boards/LOF_TITAN/mpconfigboard.h:13:9: note: this is the location of the previous definition
   13 | #define MICROPY_PY_OS_DUPTERM               (2)
      |         ^~~~~~~~~~~~~~~~~~~~~
[202/291] Building C object esp-idf/main/CMakeFiles/__idf_main.dir/home/mukesh_lof/projects/lof-titan/firmware/micropython/extmod/modtls_axtls.c.obj
In file included from /home/mukesh_lof/projects/lof-titan/firmware/micropython/py/mpconfig.h:100,
                 from /home/mukesh_lof/projects/lof-titan/firmware/micropython/py/mpstate.h:31,
                 from /home/mukesh_lof/projects/lof-titan/firmware/micropython/py/runtime.h:29,
                 from /home/mukesh_lof/projects/lof-titan/firmware/micropython/extmod/modtls_axtls.c:31:
/home/mukesh_lof/projects/lof-titan/firmware/micropython/ports/esp32/mpconfigport.h:115:9: warning: "MICROPY_PY_OS_DUPTERM" redefined
  115 | #define MICROPY_PY_OS_DUPTERM               (1)
      |         ^~~~~~~~~~~~~~~~~~~~~
In file included from /home/mukesh_lof/projects/lof-titan/firmware/micropython/ports/esp32/mpconfigport.h:5:
/home/mukesh_lof/projects/lof-titan/firmware/micropython/ports/esp32/boards/LOF_TITAN/mpconfigboard.h:13:9: note: this is the location of the previous definition
   13 | #define MICROPY_PY_OS_DUPTERM               (2)
      |         ^~~~~~~~~~~~~~~~~~~~~
[203/291] Building C object esp-idf/main/CMakeFiles/__idf_main.dir/home/mukesh_lof/projects/lof-titan/firmware/micropython/py/objstr.c.obj
In file included from /home/mukesh_lof/projects/lof-titan/firmware/micropython/py/mpconfig.h:100,
                 from /home/mukesh_lof/projects/lof-titan/firmware/micropython/py/unicode.h:29,
                 from /home/mukesh_lof/projects/lof-titan/firmware/micropython/py/objstr.c:31:
/home/mukesh_lof/projects/lof-titan/firmware/micropython/ports/esp32/mpconfigport.h:115:9: warning: "MICROPY_PY_OS_DUPTERM" redefined
  115 | #define MICROPY_PY_OS_DUPTERM               (1)
      |         ^~~~~~~~~~~~~~~~~~~~~
In file included from /home/mukesh_lof/projects/lof-titan/firmware/micropython/ports/esp32/mpconfigport.h:5:
/home/mukesh_lof/projects/lof-titan/firmware/micropython/ports/esp32/boards/LOF_TITAN/mpconfigboard.h:13:9: note: this is the location of the previous definition
   13 | #define MICROPY_PY_OS_DUPTERM               (2)
      |         ^~~~~~~~~~~~~~~~~~~~~
[204/291] Building C object esp-idf/main/CMakeFiles/__idf_main.dir/home/mukesh_lof/projects/lof-titan/firmware/micropython/extmod/modjson.c.obj
In file included from /home/mukesh_lof/projects/lof-titan/firmware/micropython/py/mpconfig.h:100,
                 from /home/mukesh_lof/projects/lof-titan/firmware/micropython/py/obj.h:31,
                 from /home/mukesh_lof/projects/lof-titan/firmware/micropython/py/objlist.h:29,
                 from /home/mukesh_lof/projects/lof-titan/firmware/micropython/extmod/modjson.c:29:
/home/mukesh_lof/projects/lof-titan/firmware/micropython/ports/esp32/mpconfigport.h:115:9: warning: "MICROPY_PY_OS_DUPTERM" redefined
  115 | #define MICROPY_PY_OS_DUPTERM               (1)
      |         ^~~~~~~~~~~~~~~~~~~~~
In file included from /home/mukesh_lof/projects/lof-titan/firmware/micropython/ports/esp32/mpconfigport.h:5:
/home/mukesh_lof/projects/lof-titan/firmware/micropython/ports/esp32/boards/LOF_TITAN/mpconfigboard.h:13:9: note: this is the location of the previous definition
   13 | #define MICROPY_PY_OS_DUPTERM               (2)
      |         ^~~~~~~~~~~~~~~~~~~~~
[205/291] Building C object esp-idf/main/CMakeFiles/__idf_main.dir/home/mukesh_lof/projects/lof-titan/firmware/micropython/extmod/moddeflate.c.obj
In file included from /home/mukesh_lof/projects/lof-titan/firmware/micropython/py/mpconfig.h:100,
                 from /home/mukesh_lof/projects/lof-titan/firmware/micropython/py/mpstate.h:31,
                 from /home/mukesh_lof/projects/lof-titan/firmware/micropython/py/runtime.h:29,
                 from /home/mukesh_lof/projects/lof-titan/firmware/micropython/extmod/moddeflate.c:34:
/home/mukesh_lof/projects/lof-titan/firmware/micropython/ports/esp32/mpconfigport.h:115:9: warning: "MICROPY_PY_OS_DUPTERM" redefined
  115 | #define MICROPY_PY_OS_DUPTERM               (1)
      |         ^~~~~~~~~~~~~~~~~~~~~
In file included from /home/mukesh_lof/projects/lof-titan/firmware/micropython/ports/esp32/mpconfigport.h:5:
/home/mukesh_lof/projects/lof-titan/firmware/micropython/ports/esp32/boards/LOF_TITAN/mpconfigboard.h:13:9: note: this is the location of the previous definition
   13 | #define MICROPY_PY_OS_DUPTERM               (2)
      |         ^~~~~~~~~~~~~~~~~~~~~
[206/291] Building C object esp-idf/main/CMakeFiles/__idf_main.dir/home/mukesh_lof/projects/lof-titan/firmware/micropython/extmod/network_lwip.c.obj
In file included from /home/mukesh_lof/projects/lof-titan/firmware/micropython/py/mpconfig.h:100,
                 from /home/mukesh_lof/projects/lof-titan/firmware/micropython/py/mpstate.h:31,
                 from /home/mukesh_lof/projects/lof-titan/firmware/micropython/py/runtime.h:29,
                 from /home/mukesh_lof/projects/lof-titan/firmware/micropython/extmod/network_lwip.c:27:
/home/mukesh_lof/projects/lof-titan/firmware/micropython/ports/esp32/mpconfigport.h:115:9: warning: "MICROPY_PY_OS_DUPTERM" redefined
  115 | #define MICROPY_PY_OS_DUPTERM               (1)
      |         ^~~~~~~~~~~~~~~~~~~~~
In file included from /home/mukesh_lof/projects/lof-titan/firmware/micropython/ports/esp32/mpconfigport.h:5:
/home/mukesh_lof/projects/lof-titan/firmware/micropython/ports/esp32/boards/LOF_TITAN/mpconfigboard.h:13:9: note: this is the location of the previous definition
   13 | #define MICROPY_PY_OS_DUPTERM               (2)
      |         ^~~~~~~~~~~~~~~~~~~~~
[207/291] Building C object esp-idf/main/CMakeFiles/__idf_main.dir/home/mukesh_lof/projects/lof-titan/firmware/micropython/extmod/modselect.c.obj
In file included from /home/mukesh_lof/projects/lof-titan/firmware/micropython/py/mpconfig.h:100,
                 from /home/mukesh_lof/projects/lof-titan/firmware/micropython/extmod/modselect.c:28:
/home/mukesh_lof/projects/lof-titan/firmware/micropython/ports/esp32/mpconfigport.h:115:9: warning: "MICROPY_PY_OS_DUPTERM" redefined
  115 | #define MICROPY_PY_OS_DUPTERM               (1)
      |         ^~~~~~~~~~~~~~~~~~~~~
In file included from /home/mukesh_lof/projects/lof-titan/firmware/micropython/ports/esp32/mpconfigport.h:5:
/home/mukesh_lof/projects/lof-titan/firmware/micropython/ports/esp32/boards/LOF_TITAN/mpconfigboard.h:13:9: note: this is the location of the previous definition
   13 | #define MICROPY_PY_OS_DUPTERM               (2)
      |         ^~~~~~~~~~~~~~~~~~~~~
[208/291] Building C object esp-idf/main/CMakeFiles/__idf_main.dir/home/mukesh_lof/projects/lof-titan/firmware/micropython/extmod/network_cyw43.c.obj
In file included from /home/mukesh_lof/projects/lof-titan/firmware/micropython/py/mpconfig.h:100,
                 from /home/mukesh_lof/projects/lof-titan/firmware/micropython/py/mpstate.h:31,
                 from /home/mukesh_lof/projects/lof-titan/firmware/micropython/py/runtime.h:29,
                 from /home/mukesh_lof/projects/lof-titan/firmware/micropython/extmod/network_cyw43.c:29:
/home/mukesh_lof/projects/lof-titan/firmware/micropython/ports/esp32/mpconfigport.h:115:9: warning: "MICROPY_PY_OS_DUPTERM" redefined
  115 | #define MICROPY_PY_OS_DUPTERM               (1)
      |         ^~~~~~~~~~~~~~~~~~~~~
In file included from /home/mukesh_lof/projects/lof-titan/firmware/micropython/ports/esp32/mpconfigport.h:5:
/home/mukesh_lof/projects/lof-titan/firmware/micropython/ports/esp32/boards/LOF_TITAN/mpconfigboard.h:13:9: note: this is the location of the previous definition
   13 | #define MICROPY_PY_OS_DUPTERM               (2)
      |         ^~~~~~~~~~~~~~~~~~~~~
[209/291] Building C object esp-idf/main/CMakeFiles/__idf_main.dir/home/mukesh_lof/projects/lof-titan/firmware/micropython/extmod/network_ninaw10.c.obj
In file included from /home/mukesh_lof/projects/lof-titan/firmware/micropython/py/mpconfig.h:100,
                 from /home/mukesh_lof/projects/lof-titan/firmware/micropython/py/mphal.h:31,
                 from /home/mukesh_lof/projects/lof-titan/firmware/micropython/extmod/network_ninaw10.c:29:
/home/mukesh_lof/projects/lof-titan/firmware/micropython/ports/esp32/mpconfigport.h:115:9: warning: "MICROPY_PY_OS_DUPTERM" redefined
  115 | #define MICROPY_PY_OS_DUPTERM               (1)
      |         ^~~~~~~~~~~~~~~~~~~~~
In file included from /home/mukesh_lof/projects/lof-titan/firmware/micropython/ports/esp32/mpconfigport.h:5:
/home/mukesh_lof/projects/lof-titan/firmware/micropython/ports/esp32/boards/LOF_TITAN/mpconfigboard.h:13:9: note: this is the location of the previous definition
   13 | #define MICROPY_PY_OS_DUPTERM               (2)
      |         ^~~~~~~~~~~~~~~~~~~~~
[210/291] Building C object esp-idf/main/CMakeFiles/__idf_main.dir/home/mukesh_lof/projects/lof-titan/firmware/micropython/extmod/modwebsocket.c.obj
In file included from /home/mukesh_lof/projects/lof-titan/firmware/micropython/py/mpconfig.h:100,
                 from /home/mukesh_lof/projects/lof-titan/firmware/micropython/py/mpstate.h:31,
                 from /home/mukesh_lof/projects/lof-titan/firmware/micropython/py/runtime.h:29,
                 from /home/mukesh_lof/projects/lof-titan/firmware/micropython/extmod/modwebsocket.c:31:
/home/mukesh_lof/projects/lof-titan/firmware/micropython/ports/esp32/mpconfigport.h:115:9: warning: "MICROPY_PY_OS_DUPTERM" redefined
  115 | #define MICROPY_PY_OS_DUPTERM               (1)
      |         ^~~~~~~~~~~~~~~~~~~~~
In file included from /home/mukesh_lof/projects/lof-titan/firmware/micropython/ports/esp32/mpconfigport.h:5:
/home/mukesh_lof/projects/lof-titan/firmware/micropython/ports/esp32/boards/LOF_TITAN/mpconfigboard.h:13:9: note: this is the location of the previous definition
   13 | #define MICROPY_PY_OS_DUPTERM               (2)
      |         ^~~~~~~~~~~~~~~~~~~~~
[211/291] Building C object esp-idf/main/CMakeFiles/__idf_main.dir/home/mukesh_lof/projects/lof-titan/firmware/micropython/extmod/modwebrepl.c.obj
In file included from /home/mukesh_lof/projects/lof-titan/firmware/micropython/py/mpconfig.h:100,
                 from /home/mukesh_lof/projects/lof-titan/firmware/micropython/py/mpstate.h:31,
                 from /home/mukesh_lof/projects/lof-titan/firmware/micropython/py/runtime.h:29,
                 from /home/mukesh_lof/projects/lof-titan/firmware/micropython/extmod/modwebrepl.c:31:
/home/mukesh_lof/projects/lof-titan/firmware/micropython/ports/esp32/mpconfigport.h:115:9: warning: "MICROPY_PY_OS_DUPTERM" redefined
  115 | #define MICROPY_PY_OS_DUPTERM               (1)
      |         ^~~~~~~~~~~~~~~~~~~~~
In file included from /home/mukesh_lof/projects/lof-titan/firmware/micropython/ports/esp32/mpconfigport.h:5:
/home/mukesh_lof/projects/lof-titan/firmware/micropython/ports/esp32/boards/LOF_TITAN/mpconfigboard.h:13:9: note: this is the location of the previous definition
   13 | #define MICROPY_PY_OS_DUPTERM               (2)
      |         ^~~~~~~~~~~~~~~~~~~~~
[212/291] Building C object esp-idf/main/CMakeFiles/__idf_main.dir/home/mukesh_lof/projects/lof-titan/firmware/micropython/extmod/modvfs.c.obj
In file included from /home/mukesh_lof/projects/lof-titan/firmware/micropython/py/mpconfig.h:100,
                 from /home/mukesh_lof/projects/lof-titan/firmware/micropython/py/mpstate.h:31,
                 from /home/mukesh_lof/projects/lof-titan/firmware/micropython/py/runtime.h:29,
                 from /home/mukesh_lof/projects/lof-titan/firmware/micropython/extmod/modvfs.c:27:
/home/mukesh_lof/projects/lof-titan/firmware/micropython/ports/esp32/mpconfigport.h:115:9: warning: "MICROPY_PY_OS_DUPTERM" redefined
  115 | #define MICROPY_PY_OS_DUPTERM               (1)
      |         ^~~~~~~~~~~~~~~~~~~~~
In file included from /home/mukesh_lof/projects/lof-titan/firmware/micropython/ports/esp32/mpconfigport.h:5:
/home/mukesh_lof/projects/lof-titan/firmware/micropython/ports/esp32/boards/LOF_TITAN/mpconfigboard.h:13:9: note: this is the location of the previous definition
   13 | #define MICROPY_PY_OS_DUPTERM               (2)
      |         ^~~~~~~~~~~~~~~~~~~~~
[213/291] Building C object esp-idf/main/CMakeFiles/__idf_main.dir/home/mukesh_lof/projects/lof-titan/firmware/micropython/extmod/network_ppp_lwip.c.obj
In file included from /home/mukesh_lof/projects/lof-titan/firmware/micropython/py/mpconfig.h:100,
                 from /home/mukesh_lof/projects/lof-titan/firmware/micropython/py/mpstate.h:31,
                 from /home/mukesh_lof/projects/lof-titan/firmware/micropython/py/runtime.h:29,
                 from /home/mukesh_lof/projects/lof-titan/firmware/micropython/extmod/network_ppp_lwip.c:31:
/home/mukesh_lof/projects/lof-titan/firmware/micropython/ports/esp32/mpconfigport.h:115:9: warning: "MICROPY_PY_OS_DUPTERM" redefined
  115 | #define MICROPY_PY_OS_DUPTERM               (1)
      |         ^~~~~~~~~~~~~~~~~~~~~
In file included from /home/mukesh_lof/projects/lof-titan/firmware/micropython/ports/esp32/mpconfigport.h:5:
/home/mukesh_lof/projects/lof-titan/firmware/micropython/ports/esp32/boards/LOF_TITAN/mpconfigboard.h:13:9: note: this is the location of the previous definition
   13 | #define MICROPY_PY_OS_DUPTERM               (2)
      |         ^~~~~~~~~~~~~~~~~~~~~
[214/291] Building C object esp-idf/main/CMakeFiles/__idf_main.dir/home/mukesh_lof/projects/lof-titan/firmware/micropython/extmod/modbluetooth.c.obj
In file included from /home/mukesh_lof/projects/lof-titan/firmware/micropython/py/mpconfig.h:100,
                 from /home/mukesh_lof/projects/lof-titan/firmware/micropython/py/obj.h:31,
                 from /home/mukesh_lof/projects/lof-titan/firmware/micropython/py/binary.h:30,
                 from /home/mukesh_lof/projects/lof-titan/firmware/micropython/extmod/modbluetooth.c:28:
/home/mukesh_lof/projects/lof-titan/firmware/micropython/ports/esp32/mpconfigport.h:115:9: warning: "MICROPY_PY_OS_DUPTERM" redefined
  115 | #define MICROPY_PY_OS_DUPTERM               (1)
      |         ^~~~~~~~~~~~~~~~~~~~~
In file included from /home/mukesh_lof/projects/lof-titan/firmware/micropython/ports/esp32/mpconfigport.h:5:
/home/mukesh_lof/projects/lof-titan/firmware/micropython/ports/esp32/boards/LOF_TITAN/mpconfigboard.h:13:9: note: this is the location of the previous definition
   13 | #define MICROPY_PY_OS_DUPTERM               (2)
      |         ^~~~~~~~~~~~~~~~~~~~~
[215/291] Building C object esp-idf/main/CMakeFiles/__idf_main.dir/home/mukesh_lof/projects/lof-titan/firmware/micropython/extmod/network_wiznet5k.c.obj
In file included from /home/mukesh_lof/projects/lof-titan/firmware/micropython/py/mpconfig.h:100,
                 from /home/mukesh_lof/projects/lof-titan/firmware/micropython/py/mpstate.h:31,
                 from /home/mukesh_lof/projects/lof-titan/firmware/micropython/py/runtime.h:29,
                 from /home/mukesh_lof/projects/lof-titan/firmware/micropython/extmod/network_wiznet5k.c:32:
/home/mukesh_lof/projects/lof-titan/firmware/micropython/ports/esp32/mpconfigport.h:115:9: warning: "MICROPY_PY_OS_DUPTERM" redefined
  115 | #define MICROPY_PY_OS_DUPTERM               (1)
      |         ^~~~~~~~~~~~~~~~~~~~~
In file included from /home/mukesh_lof/projects/lof-titan/firmware/micropython/ports/esp32/mpconfigport.h:5:
/home/mukesh_lof/projects/lof-titan/firmware/micropython/ports/esp32/boards/LOF_TITAN/mpconfigboard.h:13:9: note: this is the location of the previous definition
   13 | #define MICROPY_PY_OS_DUPTERM               (2)
      |         ^~~~~~~~~~~~~~~~~~~~~
[216/291] Building C object esp-idf/main/CMakeFiles/__idf_main.dir/home/mukesh_lof/projects/lof-titan/firmware/micropython/extmod/modtime.c.obj
In file included from /home/mukesh_lof/projects/lof-titan/firmware/micropython/py/mpconfig.h:100,
                 from /home/mukesh_lof/projects/lof-titan/firmware/micropython/py/mphal.h:31,
                 from /home/mukesh_lof/projects/lof-titan/firmware/micropython/extmod/modtime.c:28:
/home/mukesh_lof/projects/lof-titan/firmware/micropython/ports/esp32/mpconfigport.h:115:9: warning: "MICROPY_PY_OS_DUPTERM" redefined
  115 | #define MICROPY_PY_OS_DUPTERM               (1)
      |         ^~~~~~~~~~~~~~~~~~~~~
In file included from /home/mukesh_lof/projects/lof-titan/firmware/micropython/ports/esp32/mpconfigport.h:5:
/home/mukesh_lof/projects/lof-titan/firmware/micropython/ports/esp32/boards/LOF_TITAN/mpconfigboard.h:13:9: note: this is the location of the previous definition
   13 | #define MICROPY_PY_OS_DUPTERM               (2)
      |         ^~~~~~~~~~~~~~~~~~~~~
[217/291] Building C object esp-idf/main/CMakeFiles/__idf_main.dir/home/mukesh_lof/projects/lof-titan/firmware/micropython/extmod/vfs_rom.c.obj
In file included from /home/mukesh_lof/projects/lof-titan/firmware/micropython/py/mpconfig.h:100,
                 from /home/mukesh_lof/projects/lof-titan/firmware/micropython/py/mpstate.h:31,
                 from /home/mukesh_lof/projects/lof-titan/firmware/micropython/py/runtime.h:29,
                 from /home/mukesh_lof/projects/lof-titan/firmware/micropython/py/bc.h:30,
                 from /home/mukesh_lof/projects/lof-titan/firmware/micropython/extmod/vfs_rom.c:74:
/home/mukesh_lof/projects/lof-titan/firmware/micropython/ports/esp32/mpconfigport.h:115:9: warning: "MICROPY_PY_OS_DUPTERM" redefined
  115 | #define MICROPY_PY_OS_DUPTERM               (1)
      |         ^~~~~~~~~~~~~~~~~~~~~
In file included from /home/mukesh_lof/projects/lof-titan/firmware/micropython/ports/esp32/mpconfigport.h:5:
/home/mukesh_lof/projects/lof-titan/firmware/micropython/ports/esp32/boards/LOF_TITAN/mpconfigboard.h:13:9: note: this is the location of the previous definition
   13 | #define MICROPY_PY_OS_DUPTERM               (2)
      |         ^~~~~~~~~~~~~~~~~~~~~
[218/291] Building C object esp-idf/main/CMakeFiles/__idf_main.dir/home/mukesh_lof/projects/lof-titan/firmware/micropython/extmod/vfs_blockdev.c.obj
In file included from /home/mukesh_lof/projects/lof-titan/firmware/micropython/py/mpconfig.h:100,
                 from /home/mukesh_lof/projects/lof-titan/firmware/micropython/py/mpstate.h:31,
                 from /home/mukesh_lof/projects/lof-titan/firmware/micropython/py/runtime.h:29,
                 from /home/mukesh_lof/projects/lof-titan/firmware/micropython/extmod/vfs_blockdev.c:27:
/home/mukesh_lof/projects/lof-titan/firmware/micropython/ports/esp32/mpconfigport.h:115:9: warning: "MICROPY_PY_OS_DUPTERM" redefined
  115 | #define MICROPY_PY_OS_DUPTERM               (1)
      |         ^~~~~~~~~~~~~~~~~~~~~
In file included from /home/mukesh_lof/projects/lof-titan/firmware/micropython/ports/esp32/mpconfigport.h:5:
/home/mukesh_lof/projects/lof-titan/firmware/micropython/ports/esp32/boards/LOF_TITAN/mpconfigboard.h:13:9: note: this is the location of the previous definition
   13 | #define MICROPY_PY_OS_DUPTERM               (2)
      |         ^~~~~~~~~~~~~~~~~~~~~
[219/291] Building C object esp-idf/main/CMakeFiles/__idf_main.dir/home/mukesh_lof/projects/lof-titan/firmware/micropython/extmod/vfs_fat_diskio.c.obj
In file included from /home/mukesh_lof/projects/lof-titan/firmware/micropython/py/mpconfig.h:100,
                 from /home/mukesh_lof/projects/lof-titan/firmware/micropython/extmod/vfs_fat_diskio.c:30:
/home/mukesh_lof/projects/lof-titan/firmware/micropython/ports/esp32/mpconfigport.h:115:9: warning: "MICROPY_PY_OS_DUPTERM" redefined
  115 | #define MICROPY_PY_OS_DUPTERM               (1)
      |         ^~~~~~~~~~~~~~~~~~~~~
In file included from /home/mukesh_lof/projects/lof-titan/firmware/micropython/ports/esp32/mpconfigport.h:5:
/home/mukesh_lof/projects/lof-titan/firmware/micropython/ports/esp32/boards/LOF_TITAN/mpconfigboard.h:13:9: note: this is the location of the previous definition
   13 | #define MICROPY_PY_OS_DUPTERM               (2)
      |         ^~~~~~~~~~~~~~~~~~~~~
[220/291] Building C object esp-idf/main/CMakeFiles/__idf_main.dir/home/mukesh_lof/projects/lof-titan/firmware/micropython/extmod/vfs_rom_file.c.obj
In file included from /home/mukesh_lof/projects/lof-titan/firmware/micropython/py/mpconfig.h:100,
                 from /home/mukesh_lof/projects/lof-titan/firmware/micropython/py/obj.h:31,
                 from /home/mukesh_lof/projects/lof-titan/firmware/micropython/py/reader.h:29,
                 from /home/mukesh_lof/projects/lof-titan/firmware/micropython/extmod/vfs_rom_file.c:29:
/home/mukesh_lof/projects/lof-titan/firmware/micropython/ports/esp32/mpconfigport.h:115:9: warning: "MICROPY_PY_OS_DUPTERM" redefined
  115 | #define MICROPY_PY_OS_DUPTERM               (1)
      |         ^~~~~~~~~~~~~~~~~~~~~
In file included from /home/mukesh_lof/projects/lof-titan/firmware/micropython/ports/esp32/mpconfigport.h:5:
/home/mukesh_lof/projects/lof-titan/firmware/micropython/ports/esp32/boards/LOF_TITAN/mpconfigboard.h:13:9: note: this is the location of the previous definition
   13 | #define MICROPY_PY_OS_DUPTERM               (2)
      |         ^~~~~~~~~~~~~~~~~~~~~
[221/291] Building C object esp-idf/main/CMakeFiles/__idf_main.dir/home/mukesh_lof/projects/lof-titan/firmware/micropython/extmod/vfs_fat_file.c.obj
In file included from /home/mukesh_lof/projects/lof-titan/firmware/micropython/py/mpconfig.h:100,
                 from /home/mukesh_lof/projects/lof-titan/firmware/micropython/extmod/vfs_fat_file.c:27:
/home/mukesh_lof/projects/lof-titan/firmware/micropython/ports/esp32/mpconfigport.h:115:9: warning: "MICROPY_PY_OS_DUPTERM" redefined
  115 | #define MICROPY_PY_OS_DUPTERM               (1)
      |         ^~~~~~~~~~~~~~~~~~~~~
In file included from /home/mukesh_lof/projects/lof-titan/firmware/micropython/ports/esp32/mpconfigport.h:5:
/home/mukesh_lof/projects/lof-titan/firmware/micropython/ports/esp32/boards/LOF_TITAN/mpconfigboard.h:13:9: note: this is the location of the previous definition
   13 | #define MICROPY_PY_OS_DUPTERM               (2)
      |         ^~~~~~~~~~~~~~~~~~~~~
[222/291] Building C object esp-idf/main/CMakeFiles/__idf_main.dir/home/mukesh_lof/projects/lof-titan/firmware/micropython/extmod/os_dupterm.c.obj
In file included from /home/mukesh_lof/projects/lof-titan/firmware/micropython/py/mpconfig.h:100,
                 from /home/mukesh_lof/projects/lof-titan/firmware/micropython/extmod/os_dupterm.c:29:
/home/mukesh_lof/projects/lof-titan/firmware/micropython/ports/esp32/mpconfigport.h:115:9: warning: "MICROPY_PY_OS_DUPTERM" redefined
  115 | #define MICROPY_PY_OS_DUPTERM               (1)
      |         ^~~~~~~~~~~~~~~~~~~~~
In file included from /home/mukesh_lof/projects/lof-titan/firmware/micropython/ports/esp32/mpconfigport.h:5:
/home/mukesh_lof/projects/lof-titan/firmware/micropython/ports/esp32/boards/LOF_TITAN/mpconfigboard.h:13:9: note: this is the location of the previous definition
   13 | #define MICROPY_PY_OS_DUPTERM               (2)
      |         ^~~~~~~~~~~~~~~~~~~~~
[223/291] Building C object esp-idf/main/CMakeFiles/__idf_main.dir/home/mukesh_lof/projects/lof-titan/firmware/micropython/extmod/vfs_posix.c.obj
In file included from /home/mukesh_lof/projects/lof-titan/firmware/micropython/py/mpconfig.h:100,
                 from /home/mukesh_lof/projects/lof-titan/firmware/micropython/py/mpstate.h:31,
                 from /home/mukesh_lof/projects/lof-titan/firmware/micropython/py/runtime.h:29,
                 from /home/mukesh_lof/projects/lof-titan/firmware/micropython/extmod/vfs_posix.c:27:
/home/mukesh_lof/projects/lof-titan/firmware/micropython/ports/esp32/mpconfigport.h:115:9: warning: "MICROPY_PY_OS_DUPTERM" redefined
  115 | #define MICROPY_PY_OS_DUPTERM               (1)
      |         ^~~~~~~~~~~~~~~~~~~~~
In file included from /home/mukesh_lof/projects/lof-titan/firmware/micropython/ports/esp32/mpconfigport.h:5:
/home/mukesh_lof/projects/lof-titan/firmware/micropython/ports/esp32/boards/LOF_TITAN/mpconfigboard.h:13:9: note: this is the location of the previous definition
   13 | #define MICROPY_PY_OS_DUPTERM               (2)
      |         ^~~~~~~~~~~~~~~~~~~~~
[224/291] Building C object esp-idf/main/CMakeFiles/__idf_main.dir/home/mukesh_lof/projects/lof-titan/firmware/micropython/extmod/vfs_posix_file.c.obj
In file included from /home/mukesh_lof/projects/lof-titan/firmware/micropython/py/mpconfig.h:100,
                 from /home/mukesh_lof/projects/lof-titan/firmware/micropython/py/mphal.h:31,
                 from /home/mukesh_lof/projects/lof-titan/firmware/micropython/extmod/vfs_posix_file.c:27:
/home/mukesh_lof/projects/lof-titan/firmware/micropython/ports/esp32/mpconfigport.h:115:9: warning: "MICROPY_PY_OS_DUPTERM" redefined
  115 | #define MICROPY_PY_OS_DUPTERM               (1)
      |         ^~~~~~~~~~~~~~~~~~~~~
In file included from /home/mukesh_lof/projects/lof-titan/firmware/micropython/ports/esp32/mpconfigport.h:5:
/home/mukesh_lof/projects/lof-titan/firmware/micropython/ports/esp32/boards/LOF_TITAN/mpconfigboard.h:13:9: note: this is the location of the previous definition
   13 | #define MICROPY_PY_OS_DUPTERM               (2)
      |         ^~~~~~~~~~~~~~~~~~~~~
[225/291] Building C object esp-idf/main/CMakeFiles/__idf_main.dir/home/mukesh_lof/projects/lof-titan/firmware/micropython/extmod/vfs_fat.c.obj
In file included from /home/mukesh_lof/projects/lof-titan/firmware/micropython/py/mpconfig.h:100,
                 from /home/mukesh_lof/projects/lof-titan/firmware/micropython/extmod/vfs_fat.c:28:
/home/mukesh_lof/projects/lof-titan/firmware/micropython/ports/esp32/mpconfigport.h:115:9: warning: "MICROPY_PY_OS_DUPTERM" redefined
  115 | #define MICROPY_PY_OS_DUPTERM               (1)
      |         ^~~~~~~~~~~~~~~~~~~~~
In file included from /home/mukesh_lof/projects/lof-titan/firmware/micropython/ports/esp32/mpconfigport.h:5:
/home/mukesh_lof/projects/lof-titan/firmware/micropython/ports/esp32/boards/LOF_TITAN/mpconfigboard.h:13:9: note: this is the location of the previous definition
   13 | #define MICROPY_PY_OS_DUPTERM               (2)
      |         ^~~~~~~~~~~~~~~~~~~~~
[226/291] Building C object esp-idf/main/CMakeFiles/__idf_main.dir/home/mukesh_lof/projects/lof-titan/firmware/micropython/extmod/modre.c.obj
In file included from /home/mukesh_lof/projects/lof-titan/firmware/micropython/py/mpconfig.h:100,
                 from /home/mukesh_lof/projects/lof-titan/firmware/micropython/py/mpstate.h:31,
                 from /home/mukesh_lof/projects/lof-titan/firmware/micropython/py/runtime.h:29,
                 from /home/mukesh_lof/projects/lof-titan/firmware/micropython/extmod/modre.c:31:
/home/mukesh_lof/projects/lof-titan/firmware/micropython/ports/esp32/mpconfigport.h:115:9: warning: "MICROPY_PY_OS_DUPTERM" redefined
  115 | #define MICROPY_PY_OS_DUPTERM               (1)
      |         ^~~~~~~~~~~~~~~~~~~~~
In file included from /home/mukesh_lof/projects/lof-titan/firmware/micropython/ports/esp32/mpconfigport.h:5:
/home/mukesh_lof/projects/lof-titan/firmware/micropython/ports/esp32/boards/LOF_TITAN/mpconfigboard.h:13:9: note: this is the location of the previous definition
   13 | #define MICROPY_PY_OS_DUPTERM               (2)
      |         ^~~~~~~~~~~~~~~~~~~~~
[227/291] Building C object esp-idf/main/CMakeFiles/__idf_main.dir/home/mukesh_lof/projects/lof-titan/firmware/micropython/extmod/virtpin.c.obj
In file included from /home/mukesh_lof/projects/lof-titan/firmware/micropython/py/mpconfig.h:100,
                 from /home/mukesh_lof/projects/lof-titan/firmware/micropython/py/obj.h:31,
                 from /home/mukesh_lof/projects/lof-titan/firmware/micropython/extmod/virtpin.h:29,
                 from /home/mukesh_lof/projects/lof-titan/firmware/micropython/extmod/virtpin.c:27:
/home/mukesh_lof/projects/lof-titan/firmware/micropython/ports/esp32/mpconfigport.h:115:9: warning: "MICROPY_PY_OS_DUPTERM" redefined
  115 | #define MICROPY_PY_OS_DUPTERM               (1)
      |         ^~~~~~~~~~~~~~~~~~~~~
In file included from /home/mukesh_lof/projects/lof-titan/firmware/micropython/ports/esp32/mpconfigport.h:5:
/home/mukesh_lof/projects/lof-titan/firmware/micropython/ports/esp32/boards/LOF_TITAN/mpconfigboard.h:13:9: note: this is the location of the previous definition
   13 | #define MICROPY_PY_OS_DUPTERM               (2)
      |         ^~~~~~~~~~~~~~~~~~~~~
[228/291] Building C object esp-idf/main/CMakeFiles/__idf_main.dir/home/mukesh_lof/projects/lof-titan/firmware/micropython/extmod/vfs_reader.c.obj
In file included from /home/mukesh_lof/projects/lof-titan/firmware/micropython/py/mpconfig.h:100,
                 from /home/mukesh_lof/projects/lof-titan/firmware/micropython/py/mpstate.h:31,
                 from /home/mukesh_lof/projects/lof-titan/firmware/micropython/py/runtime.h:29,
                 from /home/mukesh_lof/projects/lof-titan/firmware/micropython/extmod/vfs_reader.c:31:
/home/mukesh_lof/projects/lof-titan/firmware/micropython/ports/esp32/mpconfigport.h:115:9: warning: "MICROPY_PY_OS_DUPTERM" redefined
  115 | #define MICROPY_PY_OS_DUPTERM               (1)
      |         ^~~~~~~~~~~~~~~~~~~~~
In file included from /home/mukesh_lof/projects/lof-titan/firmware/micropython/ports/esp32/mpconfigport.h:5:
/home/mukesh_lof/projects/lof-titan/firmware/micropython/ports/esp32/boards/LOF_TITAN/mpconfigboard.h:13:9: note: this is the location of the previous definition
   13 | #define MICROPY_PY_OS_DUPTERM               (2)
      |         ^~~~~~~~~~~~~~~~~~~~~
[229/291] Building C object esp-idf/main/CMakeFiles/__idf_main.dir/home/mukesh_lof/projects/lof-titan/firmware/micropython/extmod/modtls_mbedtls.c.obj
In file included from /home/mukesh_lof/projects/lof-titan/firmware/micropython/py/mpconfig.h:100,
                 from /home/mukesh_lof/projects/lof-titan/firmware/micropython/extmod/modtls_mbedtls.c:29:
/home/mukesh_lof/projects/lof-titan/firmware/micropython/ports/esp32/mpconfigport.h:115:9: warning: "MICROPY_PY_OS_DUPTERM" redefined
  115 | #define MICROPY_PY_OS_DUPTERM               (1)
      |         ^~~~~~~~~~~~~~~~~~~~~
In file included from /home/mukesh_lof/projects/lof-titan/firmware/micropython/ports/esp32/mpconfigport.h:5:
/home/mukesh_lof/projects/lof-titan/firmware/micropython/ports/esp32/boards/LOF_TITAN/mpconfigboard.h:13:9: note: this is the location of the previous definition
   13 | #define MICROPY_PY_OS_DUPTERM               (2)
      |         ^~~~~~~~~~~~~~~~~~~~~
[230/291] Building C object esp-idf/main/CMakeFiles/__idf_main.dir/home/mukesh_lof/projects/lof-titan/firmware/micropython/extmod/vfs.c.obj
In file included from /home/mukesh_lof/projects/lof-titan/firmware/micropython/py/mpconfig.h:100,
                 from /home/mukesh_lof/projects/lof-titan/firmware/micropython/py/mpstate.h:31,
                 from /home/mukesh_lof/projects/lof-titan/firmware/micropython/py/runtime.h:29,
                 from /home/mukesh_lof/projects/lof-titan/firmware/micropython/extmod/vfs.c:30:
/home/mukesh_lof/projects/lof-titan/firmware/micropython/ports/esp32/mpconfigport.h:115:9: warning: "MICROPY_PY_OS_DUPTERM" redefined
  115 | #define MICROPY_PY_OS_DUPTERM               (1)
      |         ^~~~~~~~~~~~~~~~~~~~~
In file included from /home/mukesh_lof/projects/lof-titan/firmware/micropython/ports/esp32/mpconfigport.h:5:
/home/mukesh_lof/projects/lof-titan/firmware/micropython/ports/esp32/boards/LOF_TITAN/mpconfigboard.h:13:9: note: this is the location of the previous definition
   13 | #define MICROPY_PY_OS_DUPTERM               (2)
      |         ^~~~~~~~~~~~~~~~~~~~~
[231/291] Building C object esp-idf/main/CMakeFiles/__idf_main.dir/home/mukesh_lof/projects/lof-titan/firmware/micropython/shared/netutils/netutils.c.obj
In file included from /home/mukesh_lof/projects/lof-titan/firmware/micropython/py/mpconfig.h:100,
                 from /home/mukesh_lof/projects/lof-titan/firmware/micropython/py/mpstate.h:31,
                 from /home/mukesh_lof/projects/lof-titan/firmware/micropython/py/runtime.h:29,
                 from /home/mukesh_lof/projects/lof-titan/firmware/micropython/shared/netutils/netutils.c:32:
/home/mukesh_lof/projects/lof-titan/firmware/micropython/ports/esp32/mpconfigport.h:115:9: warning: "MICROPY_PY_OS_DUPTERM" redefined
  115 | #define MICROPY_PY_OS_DUPTERM               (1)
      |         ^~~~~~~~~~~~~~~~~~~~~
In file included from /home/mukesh_lof/projects/lof-titan/firmware/micropython/ports/esp32/mpconfigport.h:5:
/home/mukesh_lof/projects/lof-titan/firmware/micropython/ports/esp32/boards/LOF_TITAN/mpconfigboard.h:13:9: note: this is the location of the previous definition
   13 | #define MICROPY_PY_OS_DUPTERM               (2)
      |         ^~~~~~~~~~~~~~~~~~~~~
[232/291] Building C object esp-idf/main/CMakeFiles/__idf_main.dir/home/mukesh_lof/projects/lof-titan/firmware/micropython/shared/runtime/interrupt_char.c.obj
In file included from /home/mukesh_lof/projects/lof-titan/firmware/micropython/py/mpconfig.h:100,
                 from /home/mukesh_lof/projects/lof-titan/firmware/micropython/py/obj.h:31,
                 from /home/mukesh_lof/projects/lof-titan/firmware/micropython/shared/runtime/interrupt_char.c:27:
/home/mukesh_lof/projects/lof-titan/firmware/micropython/ports/esp32/mpconfigport.h:115:9: warning: "MICROPY_PY_OS_DUPTERM" redefined
  115 | #define MICROPY_PY_OS_DUPTERM               (1)
      |         ^~~~~~~~~~~~~~~~~~~~~
In file included from /home/mukesh_lof/projects/lof-titan/firmware/micropython/ports/esp32/mpconfigport.h:5:
/home/mukesh_lof/projects/lof-titan/firmware/micropython/ports/esp32/boards/LOF_TITAN/mpconfigboard.h:13:9: note: this is the location of the previous definition
   13 | #define MICROPY_PY_OS_DUPTERM               (2)
      |         ^~~~~~~~~~~~~~~~~~~~~
[233/291] Building C object esp-idf/main/CMakeFiles/__idf_main.dir/home/mukesh_lof/projects/lof-titan/firmware/micropython/shared/runtime/stdout_helpers.c.obj
In file included from /home/mukesh_lof/projects/lof-titan/firmware/micropython/py/mpconfig.h:100,
                 from /home/mukesh_lof/projects/lof-titan/firmware/micropython/py/mphal.h:31,
                 from /home/mukesh_lof/projects/lof-titan/firmware/micropython/shared/runtime/stdout_helpers.c:28:
/home/mukesh_lof/projects/lof-titan/firmware/micropython/ports/esp32/mpconfigport.h:115:9: warning: "MICROPY_PY_OS_DUPTERM" redefined
  115 | #define MICROPY_PY_OS_DUPTERM               (1)
      |         ^~~~~~~~~~~~~~~~~~~~~
In file included from /home/mukesh_lof/projects/lof-titan/firmware/micropython/ports/esp32/mpconfigport.h:5:
/home/mukesh_lof/projects/lof-titan/firmware/micropython/ports/esp32/boards/LOF_TITAN/mpconfigboard.h:13:9: note: this is the location of the previous definition
   13 | #define MICROPY_PY_OS_DUPTERM               (2)
      |         ^~~~~~~~~~~~~~~~~~~~~
[234/291] Building C object esp-idf/main/CMakeFiles/__idf_main.dir/home/mukesh_lof/projects/lof-titan/firmware/micropython/extmod/vfs_lfs.c.obj
In file included from /home/mukesh_lof/projects/lof-titan/firmware/micropython/py/mpconfig.h:100,
                 from /home/mukesh_lof/projects/lof-titan/firmware/micropython/py/mpstate.h:31,
                 from /home/mukesh_lof/projects/lof-titan/firmware/micropython/py/runtime.h:29,
                 from /home/mukesh_lof/projects/lof-titan/firmware/micropython/extmod/vfs_lfs.c:27:
/home/mukesh_lof/projects/lof-titan/firmware/micropython/ports/esp32/mpconfigport.h:115:9: warning: "MICROPY_PY_OS_DUPTERM" redefined
  115 | #define MICROPY_PY_OS_DUPTERM               (1)
      |         ^~~~~~~~~~~~~~~~~~~~~
In file included from /home/mukesh_lof/projects/lof-titan/firmware/micropython/ports/esp32/mpconfigport.h:5:
/home/mukesh_lof/projects/lof-titan/firmware/micropython/ports/esp32/boards/LOF_TITAN/mpconfigboard.h:13:9: note: this is the location of the previous definition
   13 | #define MICROPY_PY_OS_DUPTERM               (2)
      |         ^~~~~~~~~~~~~~~~~~~~~
[235/291] Building C object esp-idf/main/CMakeFiles/__idf_main.dir/home/mukesh_lof/projects/lof-titan/firmware/micropython/shared/runtime/mpirq.c.obj
In file included from /home/mukesh_lof/projects/lof-titan/firmware/micropython/py/mpconfig.h:100,
                 from /home/mukesh_lof/projects/lof-titan/firmware/micropython/py/mpstate.h:31,
                 from /home/mukesh_lof/projects/lof-titan/firmware/micropython/py/runtime.h:29,
                 from /home/mukesh_lof/projects/lof-titan/firmware/micropython/shared/runtime/mpirq.c:30:
/home/mukesh_lof/projects/lof-titan/firmware/micropython/ports/esp32/mpconfigport.h:115:9: warning: "MICROPY_PY_OS_DUPTERM" redefined
  115 | #define MICROPY_PY_OS_DUPTERM               (1)
      |         ^~~~~~~~~~~~~~~~~~~~~
In file included from /home/mukesh_lof/projects/lof-titan/firmware/micropython/ports/esp32/mpconfigport.h:5:
/home/mukesh_lof/projects/lof-titan/firmware/micropython/ports/esp32/boards/LOF_TITAN/mpconfigboard.h:13:9: note: this is the location of the previous definition
   13 | #define MICROPY_PY_OS_DUPTERM               (2)
      |         ^~~~~~~~~~~~~~~~~~~~~
[236/291] Building C object esp-idf/main/CMakeFiles/__idf_main.dir/home/mukesh_lof/projects/lof-titan/firmware/micropython/shared/runtime/sys_stdio_mphal.c.obj
In file included from /home/mukesh_lof/projects/lof-titan/firmware/micropython/py/mpconfig.h:100,
                 from /home/mukesh_lof/projects/lof-titan/firmware/micropython/py/obj.h:31,
                 from /home/mukesh_lof/projects/lof-titan/firmware/micropython/shared/runtime/sys_stdio_mphal.c:30:
/home/mukesh_lof/projects/lof-titan/firmware/micropython/ports/esp32/mpconfigport.h:115:9: warning: "MICROPY_PY_OS_DUPTERM" redefined
  115 | #define MICROPY_PY_OS_DUPTERM               (1)
      |         ^~~~~~~~~~~~~~~~~~~~~
In file included from /home/mukesh_lof/projects/lof-titan/firmware/micropython/ports/esp32/mpconfigport.h:5:
/home/mukesh_lof/projects/lof-titan/firmware/micropython/ports/esp32/boards/LOF_TITAN/mpconfigboard.h:13:9: note: this is the location of the previous definition
   13 | #define MICROPY_PY_OS_DUPTERM               (2)
      |         ^~~~~~~~~~~~~~~~~~~~~
[237/291] Building C object esp-idf/main/CMakeFiles/__idf_main.dir/home/mukesh_lof/projects/lof-titan/firmware/micropython/lib/oofatfs/ffunicode.c.obj
In file included from /home/mukesh_lof/projects/lof-titan/firmware/micropython/py/mpconfig.h:100,
                 from /home/mukesh_lof/projects/lof-titan/firmware/micropython/lib/oofatfs/ffconf.h:30,
                 from /home/mukesh_lof/projects/lof-titan/firmware/micropython/lib/oofatfs/ff.h:33,
                 from /home/mukesh_lof/projects/lof-titan/firmware/micropython/lib/oofatfs/ffunicode.c:26:
/home/mukesh_lof/projects/lof-titan/firmware/micropython/ports/esp32/mpconfigport.h:115:9: warning: "MICROPY_PY_OS_DUPTERM" redefined
  115 | #define MICROPY_PY_OS_DUPTERM               (1)
      |         ^~~~~~~~~~~~~~~~~~~~~
In file included from /home/mukesh_lof/projects/lof-titan/firmware/micropython/ports/esp32/mpconfigport.h:5:
/home/mukesh_lof/projects/lof-titan/firmware/micropython/ports/esp32/boards/LOF_TITAN/mpconfigboard.h:13:9: note: this is the location of the previous definition
   13 | #define MICROPY_PY_OS_DUPTERM               (2)
      |         ^~~~~~~~~~~~~~~~~~~~~
[238/291] Building C object esp-idf/main/CMakeFiles/__idf_main.dir/__/panichandler.c.obj
In file included from /home/mukesh_lof/projects/lof-titan/firmware/micropython/py/mpconfig.h:100,
                 from /home/mukesh_lof/projects/lof-titan/firmware/micropython/ports/esp32/panichandler.c:28:
/home/mukesh_lof/projects/lof-titan/firmware/micropython/ports/esp32/mpconfigport.h:115:9: warning: "MICROPY_PY_OS_DUPTERM" redefined
  115 | #define MICROPY_PY_OS_DUPTERM               (1)
      |         ^~~~~~~~~~~~~~~~~~~~~
In file included from /home/mukesh_lof/projects/lof-titan/firmware/micropython/ports/esp32/mpconfigport.h:5:
/home/mukesh_lof/projects/lof-titan/firmware/micropython/ports/esp32/boards/LOF_TITAN/mpconfigboard.h:13:9: note: this is the location of the previous definition
   13 | #define MICROPY_PY_OS_DUPTERM               (2)
      |         ^~~~~~~~~~~~~~~~~~~~~
[239/291] Building C object esp-idf/main/CMakeFiles/__idf_main.dir/home/mukesh_lof/projects/lof-titan/firmware/micropython/shared/readline/readline.c.obj
In file included from /home/mukesh_lof/projects/lof-titan/firmware/micropython/py/mpconfig.h:100,
                 from /home/mukesh_lof/projects/lof-titan/firmware/micropython/py/mpstate.h:31,
                 from /home/mukesh_lof/projects/lof-titan/firmware/micropython/shared/readline/readline.c:31:
/home/mukesh_lof/projects/lof-titan/firmware/micropython/ports/esp32/mpconfigport.h:115:9: warning: "MICROPY_PY_OS_DUPTERM" redefined
  115 | #define MICROPY_PY_OS_DUPTERM               (1)
      |         ^~~~~~~~~~~~~~~~~~~~~
In file included from /home/mukesh_lof/projects/lof-titan/firmware/micropython/ports/esp32/mpconfigport.h:5:
/home/mukesh_lof/projects/lof-titan/firmware/micropython/ports/esp32/boards/LOF_TITAN/mpconfigboard.h:13:9: note: this is the location of the previous definition
   13 | #define MICROPY_PY_OS_DUPTERM               (2)
      |         ^~~~~~~~~~~~~~~~~~~~~
[240/291] Building C object esp-idf/main/CMakeFiles/__idf_main.dir/home/mukesh_lof/projects/lof-titan/firmware/micropython/drivers/bus/softspi.c.obj
In file included from /home/mukesh_lof/projects/lof-titan/firmware/micropython/py/mpconfig.h:100,
                 from /home/mukesh_lof/projects/lof-titan/firmware/micropython/py/mphal.h:31,
                 from /home/mukesh_lof/projects/lof-titan/firmware/micropython/drivers/bus/spi.h:29,
                 from /home/mukesh_lof/projects/lof-titan/firmware/micropython/drivers/bus/softspi.c:27:
/home/mukesh_lof/projects/lof-titan/firmware/micropython/ports/esp32/mpconfigport.h:115:9: warning: "MICROPY_PY_OS_DUPTERM" redefined
  115 | #define MICROPY_PY_OS_DUPTERM               (1)
      |         ^~~~~~~~~~~~~~~~~~~~~
In file included from /home/mukesh_lof/projects/lof-titan/firmware/micropython/ports/esp32/mpconfigport.h:5:
/home/mukesh_lof/projects/lof-titan/firmware/micropython/ports/esp32/boards/LOF_TITAN/mpconfigboard.h:13:9: note: this is the location of the previous definition
   13 | #define MICROPY_PY_OS_DUPTERM               (2)
      |         ^~~~~~~~~~~~~~~~~~~~~
[241/291] Building C object esp-idf/main/CMakeFiles/__idf_main.dir/home/mukesh_lof/projects/lof-titan/firmware/micropython/extmod/modbtree.c.obj
In file included from /home/mukesh_lof/projects/lof-titan/firmware/micropython/py/mpconfig.h:100,
                 from /home/mukesh_lof/projects/lof-titan/firmware/micropython/py/mpstate.h:31,
                 from /home/mukesh_lof/projects/lof-titan/firmware/micropython/py/runtime.h:29,
                 from /home/mukesh_lof/projects/lof-titan/firmware/micropython/extmod/modbtree.c:27:
/home/mukesh_lof/projects/lof-titan/firmware/micropython/ports/esp32/mpconfigport.h:115:9: warning: "MICROPY_PY_OS_DUPTERM" redefined
  115 | #define MICROPY_PY_OS_DUPTERM               (1)
      |         ^~~~~~~~~~~~~~~~~~~~~
In file included from /home/mukesh_lof/projects/lof-titan/firmware/micropython/ports/esp32/mpconfigport.h:5:
/home/mukesh_lof/projects/lof-titan/firmware/micropython/ports/esp32/boards/LOF_TITAN/mpconfigboard.h:13:9: note: this is the location of the previous definition
   13 | #define MICROPY_PY_OS_DUPTERM               (2)
      |         ^~~~~~~~~~~~~~~~~~~~~
[242/291] Building C object esp-idf/main/CMakeFiles/__idf_main.dir/home/mukesh_lof/projects/lof-titan/firmware/micropython/shared/runtime/pyexec.c.obj
In file included from /home/mukesh_lof/projects/lof-titan/firmware/micropython/py/mpconfig.h:100,
                 from /home/mukesh_lof/projects/lof-titan/firmware/micropython/py/lexer.h:31,
                 from /home/mukesh_lof/projects/lof-titan/firmware/micropython/py/compile.h:29,
                 from /home/mukesh_lof/projects/lof-titan/firmware/micropython/shared/runtime/pyexec.c:32:
/home/mukesh_lof/projects/lof-titan/firmware/micropython/ports/esp32/mpconfigport.h:115:9: warning: "MICROPY_PY_OS_DUPTERM" redefined
  115 | #define MICROPY_PY_OS_DUPTERM               (1)
      |         ^~~~~~~~~~~~~~~~~~~~~
In file included from /home/mukesh_lof/projects/lof-titan/firmware/micropython/ports/esp32/mpconfigport.h:5:
/home/mukesh_lof/projects/lof-titan/firmware/micropython/ports/esp32/boards/LOF_TITAN/mpconfigboard.h:13:9: note: this is the location of the previous definition
   13 | #define MICROPY_PY_OS_DUPTERM               (2)
      |         ^~~~~~~~~~~~~~~~~~~~~
[243/291] Building C object esp-idf/main/CMakeFiles/__idf_main.dir/home/mukesh_lof/projects/lof-titan/firmware/micropython/shared/timeutils/timeutils.c.obj
In file included from /home/mukesh_lof/projects/lof-titan/firmware/micropython/py/mpconfig.h:100,
                 from /home/mukesh_lof/projects/lof-titan/firmware/micropython/py/obj.h:31,
                 from /home/mukesh_lof/projects/lof-titan/firmware/micropython/shared/timeutils/timeutils.c:28:
/home/mukesh_lof/projects/lof-titan/firmware/micropython/ports/esp32/mpconfigport.h:115:9: warning: "MICROPY_PY_OS_DUPTERM" redefined
  115 | #define MICROPY_PY_OS_DUPTERM               (1)
      |         ^~~~~~~~~~~~~~~~~~~~~
In file included from /home/mukesh_lof/projects/lof-titan/firmware/micropython/ports/esp32/mpconfigport.h:5:
/home/mukesh_lof/projects/lof-titan/firmware/micropython/ports/esp32/boards/LOF_TITAN/mpconfigboard.h:13:9: note: this is the location of the previous definition
   13 | #define MICROPY_PY_OS_DUPTERM               (2)
      |         ^~~~~~~~~~~~~~~~~~~~~
[244/291] Building C object esp-idf/main/CMakeFiles/__idf_main.dir/__/usb.c.obj
In file included from /home/mukesh_lof/projects/lof-titan/firmware/micropython/py/mpconfig.h:100,
                 from /home/mukesh_lof/projects/lof-titan/firmware/micropython/py/mpstate.h:31,
                 from /home/mukesh_lof/projects/lof-titan/firmware/micropython/py/runtime.h:29,
                 from /home/mukesh_lof/projects/lof-titan/firmware/micropython/ports/esp32/usb.c:27:
/home/mukesh_lof/projects/lof-titan/firmware/micropython/ports/esp32/mpconfigport.h:115:9: warning: "MICROPY_PY_OS_DUPTERM" redefined
  115 | #define MICROPY_PY_OS_DUPTERM               (1)
      |         ^~~~~~~~~~~~~~~~~~~~~
In file included from /home/mukesh_lof/projects/lof-titan/firmware/micropython/ports/esp32/mpconfigport.h:5:
/home/mukesh_lof/projects/lof-titan/firmware/micropython/ports/esp32/boards/LOF_TITAN/mpconfigboard.h:13:9: note: this is the location of the previous definition
   13 | #define MICROPY_PY_OS_DUPTERM               (2)
      |         ^~~~~~~~~~~~~~~~~~~~~
[245/291] Building C object esp-idf/main/CMakeFiles/__idf_main.dir/home/mukesh_lof/projects/lof-titan/firmware/micropython/drivers/dht/dht.c.obj
In file included from /home/mukesh_lof/projects/lof-titan/firmware/micropython/py/mpconfig.h:100,
                 from /home/mukesh_lof/projects/lof-titan/firmware/micropython/py/mpstate.h:31,
                 from /home/mukesh_lof/projects/lof-titan/firmware/micropython/py/runtime.h:29,
                 from /home/mukesh_lof/projects/lof-titan/firmware/micropython/drivers/dht/dht.c:29:
/home/mukesh_lof/projects/lof-titan/firmware/micropython/ports/esp32/mpconfigport.h:115:9: warning: "MICROPY_PY_OS_DUPTERM" redefined
  115 | #define MICROPY_PY_OS_DUPTERM               (1)
      |         ^~~~~~~~~~~~~~~~~~~~~
In file included from /home/mukesh_lof/projects/lof-titan/firmware/micropython/ports/esp32/mpconfigport.h:5:
/home/mukesh_lof/projects/lof-titan/firmware/micropython/ports/esp32/boards/LOF_TITAN/mpconfigboard.h:13:9: note: this is the location of the previous definition
   13 | #define MICROPY_PY_OS_DUPTERM               (2)
      |         ^~~~~~~~~~~~~~~~~~~~~
[246/291] Building C object esp-idf/main/CMakeFiles/__idf_main.dir/__/adc.c.obj
In file included from /home/mukesh_lof/projects/lof-titan/firmware/micropython/py/mpconfig.h:100,
                 from /home/mukesh_lof/projects/lof-titan/firmware/micropython/py/mphal.h:31,
                 from /home/mukesh_lof/projects/lof-titan/firmware/micropython/ports/esp32/adc.c:28:
/home/mukesh_lof/projects/lof-titan/firmware/micropython/ports/esp32/mpconfigport.h:115:9: warning: "MICROPY_PY_OS_DUPTERM" redefined
  115 | #define MICROPY_PY_OS_DUPTERM               (1)
      |         ^~~~~~~~~~~~~~~~~~~~~
In file included from /home/mukesh_lof/projects/lof-titan/firmware/micropython/ports/esp32/mpconfigport.h:5:
/home/mukesh_lof/projects/lof-titan/firmware/micropython/ports/esp32/boards/LOF_TITAN/mpconfigboard.h:13:9: note: this is the location of the previous definition
   13 | #define MICROPY_PY_OS_DUPTERM               (2)
      |         ^~~~~~~~~~~~~~~~~~~~~
[247/291] Building C object esp-idf/main/CMakeFiles/__idf_main.dir/__/uart.c.obj
In file included from /home/mukesh_lof/projects/lof-titan/firmware/micropython/py/mpconfig.h:100,
                 from /home/mukesh_lof/projects/lof-titan/firmware/micropython/py/mpstate.h:31,
                 from /home/mukesh_lof/projects/lof-titan/firmware/micropython/py/runtime.h:29,
                 from /home/mukesh_lof/projects/lof-titan/firmware/micropython/ports/esp32/uart.c:30:
/home/mukesh_lof/projects/lof-titan/firmware/micropython/ports/esp32/mpconfigport.h:115:9: warning: "MICROPY_PY_OS_DUPTERM" redefined
  115 | #define MICROPY_PY_OS_DUPTERM               (1)
      |         ^~~~~~~~~~~~~~~~~~~~~
In file included from /home/mukesh_lof/projects/lof-titan/firmware/micropython/ports/esp32/mpconfigport.h:5:
/home/mukesh_lof/projects/lof-titan/firmware/micropython/ports/esp32/boards/LOF_TITAN/mpconfigboard.h:13:9: note: this is the location of the previous definition
   13 | #define MICROPY_PY_OS_DUPTERM               (2)
      |         ^~~~~~~~~~~~~~~~~~~~~
[248/291] Building C object esp-idf/main/CMakeFiles/__idf_main.dir/__/help.c.obj
In file included from /home/mukesh_lof/projects/lof-titan/firmware/micropython/py/mpconfig.h:100,
                 from /home/mukesh_lof/projects/lof-titan/firmware/micropython/py/obj.h:31,
                 from /home/mukesh_lof/projects/lof-titan/firmware/micropython/py/builtin.h:29,
                 from /home/mukesh_lof/projects/lof-titan/firmware/micropython/ports/esp32/help.c:29:
/home/mukesh_lof/projects/lof-titan/firmware/micropython/ports/esp32/mpconfigport.h:115:9: warning: "MICROPY_PY_OS_DUPTERM" redefined
  115 | #define MICROPY_PY_OS_DUPTERM               (1)
      |         ^~~~~~~~~~~~~~~~~~~~~
In file included from /home/mukesh_lof/projects/lof-titan/firmware/micropython/ports/esp32/mpconfigport.h:5:
/home/mukesh_lof/projects/lof-titan/firmware/micropython/ports/esp32/boards/LOF_TITAN/mpconfigboard.h:13:9: note: this is the location of the previous definition
   13 | #define MICROPY_PY_OS_DUPTERM               (2)
      |         ^~~~~~~~~~~~~~~~~~~~~
[249/291] Building C object esp-idf/main/CMakeFiles/__idf_main.dir/__/fatfs_port.c.obj
In file included from /home/mukesh_lof/projects/lof-titan/firmware/micropython/py/mpconfig.h:100,
                 from /home/mukesh_lof/projects/lof-titan/firmware/micropython/lib/oofatfs/ffconf.h:30,
                 from /home/mukesh_lof/projects/lof-titan/firmware/micropython/lib/oofatfs/ff.h:33,
                 from /home/mukesh_lof/projects/lof-titan/firmware/micropython/ports/esp32/fatfs_port.c:30:
/home/mukesh_lof/projects/lof-titan/firmware/micropython/ports/esp32/mpconfigport.h:115:9: warning: "MICROPY_PY_OS_DUPTERM" redefined
  115 | #define MICROPY_PY_OS_DUPTERM               (1)
      |         ^~~~~~~~~~~~~~~~~~~~~
In file included from /home/mukesh_lof/projects/lof-titan/firmware/micropython/ports/esp32/mpconfigport.h:5:
/home/mukesh_lof/projects/lof-titan/firmware/micropython/ports/esp32/boards/LOF_TITAN/mpconfigboard.h:13:9: note: this is the location of the previous definition
   13 | #define MICROPY_PY_OS_DUPTERM               (2)
      |         ^~~~~~~~~~~~~~~~~~~~~
[250/291] Building C object esp-idf/main/CMakeFiles/__idf_main.dir/__/main.c.obj
In file included from /home/mukesh_lof/projects/lof-titan/firmware/micropython/py/mpconfig.h:100,
                 from /home/mukesh_lof/projects/lof-titan/firmware/micropython/py/mpstate.h:31,
                 from /home/mukesh_lof/projects/lof-titan/firmware/micropython/py/cstack.h:30,
                 from /home/mukesh_lof/projects/lof-titan/firmware/micropython/ports/esp32/main.c:46:
/home/mukesh_lof/projects/lof-titan/firmware/micropython/ports/esp32/mpconfigport.h:115:9: warning: "MICROPY_PY_OS_DUPTERM" redefined
  115 | #define MICROPY_PY_OS_DUPTERM               (1)
      |         ^~~~~~~~~~~~~~~~~~~~~
In file included from /home/mukesh_lof/projects/lof-titan/firmware/micropython/ports/esp32/mpconfigport.h:5:
/home/mukesh_lof/projects/lof-titan/firmware/micropython/ports/esp32/boards/LOF_TITAN/mpconfigboard.h:13:9: note: this is the location of the previous definition
   13 | #define MICROPY_PY_OS_DUPTERM               (2)
      |         ^~~~~~~~~~~~~~~~~~~~~
[251/291] Building C object esp-idf/main/CMakeFiles/__idf_main.dir/__/gccollect.c.obj
In file included from /home/mukesh_lof/projects/lof-titan/firmware/micropython/py/mpconfig.h:100,
                 from /home/mukesh_lof/projects/lof-titan/firmware/micropython/ports/esp32/gccollect.c:32:
/home/mukesh_lof/projects/lof-titan/firmware/micropython/ports/esp32/mpconfigport.h:115:9: warning: "MICROPY_PY_OS_DUPTERM" redefined
  115 | #define MICROPY_PY_OS_DUPTERM               (1)
      |         ^~~~~~~~~~~~~~~~~~~~~
In file included from /home/mukesh_lof/projects/lof-titan/firmware/micropython/ports/esp32/mpconfigport.h:5:
/home/mukesh_lof/projects/lof-titan/firmware/micropython/ports/esp32/boards/LOF_TITAN/mpconfigboard.h:13:9: note: this is the location of the previous definition
   13 | #define MICROPY_PY_OS_DUPTERM               (2)
      |         ^~~~~~~~~~~~~~~~~~~~~
[252/291] Building C object esp-idf/main/CMakeFiles/__idf_main.dir/__/usb_serial_jtag.c.obj
In file included from /home/mukesh_lof/projects/lof-titan/firmware/micropython/py/mpconfig.h:100,
                 from /home/mukesh_lof/projects/lof-titan/firmware/micropython/py/mpstate.h:31,
                 from /home/mukesh_lof/projects/lof-titan/firmware/micropython/py/runtime.h:29,
                 from /home/mukesh_lof/projects/lof-titan/firmware/micropython/ports/esp32/usb_serial_jtag.c:27:
/home/mukesh_lof/projects/lof-titan/firmware/micropython/ports/esp32/mpconfigport.h:115:9: warning: "MICROPY_PY_OS_DUPTERM" redefined
  115 | #define MICROPY_PY_OS_DUPTERM               (1)
      |         ^~~~~~~~~~~~~~~~~~~~~
In file included from /home/mukesh_lof/projects/lof-titan/firmware/micropython/ports/esp32/mpconfigport.h:5:
/home/mukesh_lof/projects/lof-titan/firmware/micropython/ports/esp32/boards/LOF_TITAN/mpconfigboard.h:13:9: note: this is the location of the previous definition
   13 | #define MICROPY_PY_OS_DUPTERM               (2)
      |         ^~~~~~~~~~~~~~~~~~~~~
[253/291] Building C object esp-idf/main/CMakeFiles/__idf_main.dir/__/machine_bitstream.c.obj
In file included from /home/mukesh_lof/projects/lof-titan/firmware/micropython/py/mpconfig.h:100,
                 from /home/mukesh_lof/projects/lof-titan/firmware/micropython/ports/esp32/machine_bitstream.c:27:
/home/mukesh_lof/projects/lof-titan/firmware/micropython/ports/esp32/mpconfigport.h:115:9: warning: "MICROPY_PY_OS_DUPTERM" redefined
  115 | #define MICROPY_PY_OS_DUPTERM               (1)
      |         ^~~~~~~~~~~~~~~~~~~~~
In file included from /home/mukesh_lof/projects/lof-titan/firmware/micropython/ports/esp32/mpconfigport.h:5:
/home/mukesh_lof/projects/lof-titan/firmware/micropython/ports/esp32/boards/LOF_TITAN/mpconfigboard.h:13:9: note: this is the location of the previous definition
   13 | #define MICROPY_PY_OS_DUPTERM               (2)
      |         ^~~~~~~~~~~~~~~~~~~~~
[254/291] Building C object esp-idf/main/CMakeFiles/__idf_main.dir/__/mphalport.c.obj
In file included from /home/mukesh_lof/projects/lof-titan/firmware/micropython/py/mpconfig.h:100,
                 from /home/mukesh_lof/projects/lof-titan/firmware/micropython/py/obj.h:31,
                 from /home/mukesh_lof/projects/lof-titan/firmware/micropython/ports/esp32/mphalport.c:37:
/home/mukesh_lof/projects/lof-titan/firmware/micropython/ports/esp32/mpconfigport.h:115:9: warning: "MICROPY_PY_OS_DUPTERM" redefined
  115 | #define MICROPY_PY_OS_DUPTERM               (1)
      |         ^~~~~~~~~~~~~~~~~~~~~
In file included from /home/mukesh_lof/projects/lof-titan/firmware/micropython/ports/esp32/mpconfigport.h:5:
/home/mukesh_lof/projects/lof-titan/firmware/micropython/ports/esp32/boards/LOF_TITAN/mpconfigboard.h:13:9: note: this is the location of the previous definition
   13 | #define MICROPY_PY_OS_DUPTERM               (2)
      |         ^~~~~~~~~~~~~~~~~~~~~
[255/291] Building C object esp-idf/main/CMakeFiles/__idf_main.dir/__/machine_dac.c.obj
In file included from /home/mukesh_lof/projects/lof-titan/firmware/micropython/py/mpconfig.h:100,
                 from /home/mukesh_lof/projects/lof-titan/firmware/micropython/py/mpstate.h:31,
                 from /home/mukesh_lof/projects/lof-titan/firmware/micropython/py/runtime.h:29,
                 from /home/mukesh_lof/projects/lof-titan/firmware/micropython/ports/esp32/machine_dac.c:30:
/home/mukesh_lof/projects/lof-titan/firmware/micropython/ports/esp32/mpconfigport.h:115:9: warning: "MICROPY_PY_OS_DUPTERM" redefined
  115 | #define MICROPY_PY_OS_DUPTERM               (1)
      |         ^~~~~~~~~~~~~~~~~~~~~
In file included from /home/mukesh_lof/projects/lof-titan/firmware/micropython/ports/esp32/mpconfigport.h:5:
/home/mukesh_lof/projects/lof-titan/firmware/micropython/ports/esp32/boards/LOF_TITAN/mpconfigboard.h:13:9: note: this is the location of the previous definition
   13 | #define MICROPY_PY_OS_DUPTERM               (2)
      |         ^~~~~~~~~~~~~~~~~~~~~
[256/291] Building C object esp-idf/main/CMakeFiles/__idf_main.dir/__/machine_touchpad.c.obj
In file included from /home/mukesh_lof/projects/lof-titan/firmware/micropython/py/mpconfig.h:100,
                 from /home/mukesh_lof/projects/lof-titan/firmware/micropython/py/mpstate.h:31,
                 from /home/mukesh_lof/projects/lof-titan/firmware/micropython/py/runtime.h:29,
                 from /home/mukesh_lof/projects/lof-titan/firmware/micropython/ports/esp32/machine_touchpad.c:27:
/home/mukesh_lof/projects/lof-titan/firmware/micropython/ports/esp32/mpconfigport.h:115:9: warning: "MICROPY_PY_OS_DUPTERM" redefined
  115 | #define MICROPY_PY_OS_DUPTERM               (1)
      |         ^~~~~~~~~~~~~~~~~~~~~
In file included from /home/mukesh_lof/projects/lof-titan/firmware/micropython/ports/esp32/mpconfigport.h:5:
/home/mukesh_lof/projects/lof-titan/firmware/micropython/ports/esp32/boards/LOF_TITAN/mpconfigboard.h:13:9: note: this is the location of the previous definition
   13 | #define MICROPY_PY_OS_DUPTERM               (2)
      |         ^~~~~~~~~~~~~~~~~~~~~
[257/291] Building C object esp-idf/main/CMakeFiles/__idf_main.dir/home/mukesh_lof/projects/lof-titan/firmware/micropython/extmod/nimble/modbluetooth_nimble.c.obj
In file included from /home/mukesh_lof/projects/lof-titan/firmware/micropython/py/mpconfig.h:100,
                 from /home/mukesh_lof/projects/lof-titan/firmware/micropython/py/mpstate.h:31,
                 from /home/mukesh_lof/projects/lof-titan/firmware/micropython/py/runtime.h:29,
                 from /home/mukesh_lof/projects/lof-titan/firmware/micropython/extmod/nimble/modbluetooth_nimble.c:28:
/home/mukesh_lof/projects/lof-titan/firmware/micropython/ports/esp32/mpconfigport.h:115:9: warning: "MICROPY_PY_OS_DUPTERM" redefined
  115 | #define MICROPY_PY_OS_DUPTERM               (1)
      |         ^~~~~~~~~~~~~~~~~~~~~
In file included from /home/mukesh_lof/projects/lof-titan/firmware/micropython/ports/esp32/mpconfigport.h:5:
/home/mukesh_lof/projects/lof-titan/firmware/micropython/ports/esp32/boards/LOF_TITAN/mpconfigboard.h:13:9: note: this is the location of the previous definition
   13 | #define MICROPY_PY_OS_DUPTERM               (2)
      |         ^~~~~~~~~~~~~~~~~~~~~
[258/291] Building C object esp-idf/main/CMakeFiles/__idf_main.dir/__/machine_i2c.c.obj
In file included from /home/mukesh_lof/projects/lof-titan/firmware/micropython/py/mpconfig.h:100,
                 from /home/mukesh_lof/projects/lof-titan/firmware/micropython/py/mpstate.h:31,
                 from /home/mukesh_lof/projects/lof-titan/firmware/micropython/py/runtime.h:29,
                 from /home/mukesh_lof/projects/lof-titan/firmware/micropython/ports/esp32/machine_i2c.c:28:
/home/mukesh_lof/projects/lof-titan/firmware/micropython/ports/esp32/mpconfigport.h:115:9: warning: "MICROPY_PY_OS_DUPTERM" redefined
  115 | #define MICROPY_PY_OS_DUPTERM               (1)
      |         ^~~~~~~~~~~~~~~~~~~~~
In file included from /home/mukesh_lof/projects/lof-titan/firmware/micropython/ports/esp32/mpconfigport.h:5:
/home/mukesh_lof/projects/lof-titan/firmware/micropython/ports/esp32/boards/LOF_TITAN/mpconfigboard.h:13:9: note: this is the location of the previous definition
   13 | #define MICROPY_PY_OS_DUPTERM               (2)
      |         ^~~~~~~~~~~~~~~~~~~~~
[259/291] Building C object esp-idf/main/CMakeFiles/__idf_main.dir/__/modesp.c.obj
In file included from /home/mukesh_lof/projects/lof-titan/firmware/micropython/py/mpconfig.h:100,
                 from /home/mukesh_lof/projects/lof-titan/firmware/micropython/py/mpstate.h:31,
                 from /home/mukesh_lof/projects/lof-titan/firmware/micropython/py/runtime.h:29,
                 from /home/mukesh_lof/projects/lof-titan/firmware/micropython/ports/esp32/modesp.c:35:
/home/mukesh_lof/projects/lof-titan/firmware/micropython/ports/esp32/mpconfigport.h:115:9: warning: "MICROPY_PY_OS_DUPTERM" redefined
  115 | #define MICROPY_PY_OS_DUPTERM               (1)
      |         ^~~~~~~~~~~~~~~~~~~~~
In file included from /home/mukesh_lof/projects/lof-titan/firmware/micropython/ports/esp32/mpconfigport.h:5:
/home/mukesh_lof/projects/lof-titan/firmware/micropython/ports/esp32/boards/LOF_TITAN/mpconfigboard.h:13:9: note: this is the location of the previous definition
   13 | #define MICROPY_PY_OS_DUPTERM               (2)
      |         ^~~~~~~~~~~~~~~~~~~~~
[260/291] Building C object esp-idf/main/CMakeFiles/__idf_main.dir/__/mpnimbleport.c.obj
In file included from /home/mukesh_lof/projects/lof-titan/firmware/micropython/py/mpconfig.h:100,
                 from /home/mukesh_lof/projects/lof-titan/firmware/micropython/py/mpstate.h:31,
                 from /home/mukesh_lof/projects/lof-titan/firmware/micropython/py/runtime.h:29,
                 from /home/mukesh_lof/projects/lof-titan/firmware/micropython/ports/esp32/mpnimbleport.c:27:
/home/mukesh_lof/projects/lof-titan/firmware/micropython/ports/esp32/mpconfigport.h:115:9: warning: "MICROPY_PY_OS_DUPTERM" redefined
  115 | #define MICROPY_PY_OS_DUPTERM               (1)
      |         ^~~~~~~~~~~~~~~~~~~~~
In file included from /home/mukesh_lof/projects/lof-titan/firmware/micropython/ports/esp32/mpconfigport.h:5:
/home/mukesh_lof/projects/lof-titan/firmware/micropython/ports/esp32/boards/LOF_TITAN/mpconfigboard.h:13:9: note: this is the location of the previous definition
   13 | #define MICROPY_PY_OS_DUPTERM               (2)
      |         ^~~~~~~~~~~~~~~~~~~~~
[261/291] Building C object esp-idf/main/CMakeFiles/__idf_main.dir/__/machine_timer.c.obj
In file included from /home/mukesh_lof/projects/lof-titan/firmware/micropython/py/mpconfig.h:100,
                 from /home/mukesh_lof/projects/lof-titan/firmware/micropython/py/mphal.h:31,
                 from /home/mukesh_lof/projects/lof-titan/firmware/micropython/ports/esp32/machine_timer.c:33:
/home/mukesh_lof/projects/lof-titan/firmware/micropython/ports/esp32/mpconfigport.h:115:9: warning: "MICROPY_PY_OS_DUPTERM" redefined
  115 | #define MICROPY_PY_OS_DUPTERM               (1)
      |         ^~~~~~~~~~~~~~~~~~~~~
In file included from /home/mukesh_lof/projects/lof-titan/firmware/micropython/ports/esp32/mpconfigport.h:5:
/home/mukesh_lof/projects/lof-titan/firmware/micropython/ports/esp32/boards/LOF_TITAN/mpconfigboard.h:13:9: note: this is the location of the previous definition
   13 | #define MICROPY_PY_OS_DUPTERM               (2)
      |         ^~~~~~~~~~~~~~~~~~~~~
[262/291] Building C object esp-idf/main/CMakeFiles/__idf_main.dir/__/esp32_nvs.c.obj
In file included from /home/mukesh_lof/projects/lof-titan/firmware/micropython/py/mpconfig.h:100,
                 from /home/mukesh_lof/projects/lof-titan/firmware/micropython/py/mpstate.h:31,
                 from /home/mukesh_lof/projects/lof-titan/firmware/micropython/py/runtime.h:29,
                 from /home/mukesh_lof/projects/lof-titan/firmware/micropython/ports/esp32/esp32_nvs.c:29:
/home/mukesh_lof/projects/lof-titan/firmware/micropython/ports/esp32/mpconfigport.h:115:9: warning: "MICROPY_PY_OS_DUPTERM" redefined
  115 | #define MICROPY_PY_OS_DUPTERM               (1)
      |         ^~~~~~~~~~~~~~~~~~~~~
In file included from /home/mukesh_lof/projects/lof-titan/firmware/micropython/ports/esp32/mpconfigport.h:5:
/home/mukesh_lof/projects/lof-titan/firmware/micropython/ports/esp32/boards/LOF_TITAN/mpconfigboard.h:13:9: note: this is the location of the previous definition
   13 | #define MICROPY_PY_OS_DUPTERM               (2)
      |         ^~~~~~~~~~~~~~~~~~~~~
[263/291] Building C object esp-idf/main/CMakeFiles/__idf_main.dir/__/machine_pin.c.obj
In file included from /home/mukesh_lof/projects/lof-titan/firmware/micropython/py/mpconfig.h:100,
                 from /home/mukesh_lof/projects/lof-titan/firmware/micropython/py/mpstate.h:31,
                 from /home/mukesh_lof/projects/lof-titan/firmware/micropython/py/runtime.h:29,
                 from /home/mukesh_lof/projects/lof-titan/firmware/micropython/ports/esp32/machine_pin.c:36:
/home/mukesh_lof/projects/lof-titan/firmware/micropython/ports/esp32/mpconfigport.h:115:9: warning: "MICROPY_PY_OS_DUPTERM" redefined
  115 | #define MICROPY_PY_OS_DUPTERM               (1)
      |         ^~~~~~~~~~~~~~~~~~~~~
In file included from /home/mukesh_lof/projects/lof-titan/firmware/micropython/ports/esp32/mpconfigport.h:5:
/home/mukesh_lof/projects/lof-titan/firmware/micropython/ports/esp32/boards/LOF_TITAN/mpconfigboard.h:13:9: note: this is the location of the previous definition
   13 | #define MICROPY_PY_OS_DUPTERM               (2)
      |         ^~~~~~~~~~~~~~~~~~~~~
[264/291] Building C object esp-idf/main/CMakeFiles/__idf_main.dir/__/network_lan.c.obj
In file included from /home/mukesh_lof/projects/lof-titan/firmware/micropython/py/mpconfig.h:100,
                 from /home/mukesh_lof/projects/lof-titan/firmware/micropython/py/mpstate.h:31,
                 from /home/mukesh_lof/projects/lof-titan/firmware/micropython/py/runtime.h:29,
                 from /home/mukesh_lof/projects/lof-titan/firmware/micropython/ports/esp32/network_lan.c:30:
/home/mukesh_lof/projects/lof-titan/firmware/micropython/ports/esp32/mpconfigport.h:115:9: warning: "MICROPY_PY_OS_DUPTERM" redefined
  115 | #define MICROPY_PY_OS_DUPTERM               (1)
      |         ^~~~~~~~~~~~~~~~~~~~~
In file included from /home/mukesh_lof/projects/lof-titan/firmware/micropython/ports/esp32/mpconfigport.h:5:
/home/mukesh_lof/projects/lof-titan/firmware/micropython/ports/esp32/boards/LOF_TITAN/mpconfigboard.h:13:9: note: this is the location of the previous definition
   13 | #define MICROPY_PY_OS_DUPTERM               (2)
      |         ^~~~~~~~~~~~~~~~~~~~~
[265/291] Building C object esp-idf/main/CMakeFiles/__idf_main.dir/__/esp32_ldo.c.obj
In file included from /home/mukesh_lof/projects/lof-titan/firmware/micropython/py/mpconfig.h:100,
                 from /home/mukesh_lof/projects/lof-titan/firmware/micropython/py/mpstate.h:31,
                 from /home/mukesh_lof/projects/lof-titan/firmware/micropython/py/runtime.h:29,
                 from /home/mukesh_lof/projects/lof-titan/firmware/micropython/ports/esp32/esp32_ldo.c:29:
/home/mukesh_lof/projects/lof-titan/firmware/micropython/ports/esp32/mpconfigport.h:115:9: warning: "MICROPY_PY_OS_DUPTERM" redefined
  115 | #define MICROPY_PY_OS_DUPTERM               (1)
      |         ^~~~~~~~~~~~~~~~~~~~~
In file included from /home/mukesh_lof/projects/lof-titan/firmware/micropython/ports/esp32/mpconfigport.h:5:
/home/mukesh_lof/projects/lof-titan/firmware/micropython/ports/esp32/boards/LOF_TITAN/mpconfigboard.h:13:9: note: this is the location of the previous definition
   13 | #define MICROPY_PY_OS_DUPTERM               (2)
      |         ^~~~~~~~~~~~~~~~~~~~~
[266/291] Building C object esp-idf/main/CMakeFiles/__idf_main.dir/__/esp32_ulp.c.obj
In file included from /home/mukesh_lof/projects/lof-titan/firmware/micropython/py/mpconfig.h:100,
                 from /home/mukesh_lof/projects/lof-titan/firmware/micropython/py/mpstate.h:31,
                 from /home/mukesh_lof/projects/lof-titan/firmware/micropython/py/runtime.h:29,
                 from /home/mukesh_lof/projects/lof-titan/firmware/micropython/ports/esp32/esp32_ulp.c:27:
/home/mukesh_lof/projects/lof-titan/firmware/micropython/ports/esp32/mpconfigport.h:115:9: warning: "MICROPY_PY_OS_DUPTERM" redefined
  115 | #define MICROPY_PY_OS_DUPTERM               (1)
      |         ^~~~~~~~~~~~~~~~~~~~~
In file included from /home/mukesh_lof/projects/lof-titan/firmware/micropython/ports/esp32/mpconfigport.h:5:
/home/mukesh_lof/projects/lof-titan/firmware/micropython/ports/esp32/boards/LOF_TITAN/mpconfigboard.h:13:9: note: this is the location of the previous definition
   13 | #define MICROPY_PY_OS_DUPTERM               (2)
      |         ^~~~~~~~~~~~~~~~~~~~~
[267/291] Building C object esp-idf/main/CMakeFiles/__idf_main.dir/__/esp32_partition.c.obj
In file included from /home/mukesh_lof/projects/lof-titan/firmware/micropython/py/mpconfig.h:100,
                 from /home/mukesh_lof/projects/lof-titan/firmware/micropython/py/mpstate.h:31,
                 from /home/mukesh_lof/projects/lof-titan/firmware/micropython/py/runtime.h:29,
                 from /home/mukesh_lof/projects/lof-titan/firmware/micropython/ports/esp32/esp32_partition.c:29:
/home/mukesh_lof/projects/lof-titan/firmware/micropython/ports/esp32/mpconfigport.h:115:9: warning: "MICROPY_PY_OS_DUPTERM" redefined
  115 | #define MICROPY_PY_OS_DUPTERM               (1)
      |         ^~~~~~~~~~~~~~~~~~~~~
In file included from /home/mukesh_lof/projects/lof-titan/firmware/micropython/ports/esp32/mpconfigport.h:5:
/home/mukesh_lof/projects/lof-titan/firmware/micropython/ports/esp32/boards/LOF_TITAN/mpconfigboard.h:13:9: note: this is the location of the previous definition
   13 | #define MICROPY_PY_OS_DUPTERM               (2)
      |         ^~~~~~~~~~~~~~~~~~~~~
[268/291] Building C object esp-idf/main/CMakeFiles/__idf_main.dir/__/network_ppp.c.obj
In file included from /home/mukesh_lof/projects/lof-titan/firmware/micropython/py/mpconfig.h:100,
                 from /home/mukesh_lof/projects/lof-titan/firmware/micropython/py/mpstate.h:31,
                 from /home/mukesh_lof/projects/lof-titan/firmware/micropython/py/runtime.h:29,
                 from /home/mukesh_lof/projects/lof-titan/firmware/micropython/ports/esp32/network_ppp.c:34:
/home/mukesh_lof/projects/lof-titan/firmware/micropython/ports/esp32/mpconfigport.h:115:9: warning: "MICROPY_PY_OS_DUPTERM" redefined
  115 | #define MICROPY_PY_OS_DUPTERM               (1)
      |         ^~~~~~~~~~~~~~~~~~~~~
In file included from /home/mukesh_lof/projects/lof-titan/firmware/micropython/ports/esp32/mpconfigport.h:5:
/home/mukesh_lof/projects/lof-titan/firmware/micropython/ports/esp32/boards/LOF_TITAN/mpconfigboard.h:13:9: note: this is the location of the previous definition
   13 | #define MICROPY_PY_OS_DUPTERM               (2)
      |         ^~~~~~~~~~~~~~~~~~~~~
[269/291] Building C object esp-idf/main/CMakeFiles/__idf_main.dir/__/mpthreadport.c.obj
In file included from /home/mukesh_lof/projects/lof-titan/firmware/micropython/py/mpconfig.h:100,
                 from /home/mukesh_lof/projects/lof-titan/firmware/micropython/py/mpstate.h:31,
                 from /home/mukesh_lof/projects/lof-titan/firmware/micropython/py/runtime.h:29,
                 from /home/mukesh_lof/projects/lof-titan/firmware/micropython/ports/esp32/mpthreadport.c:30:
/home/mukesh_lof/projects/lof-titan/firmware/micropython/ports/esp32/mpconfigport.h:115:9: warning: "MICROPY_PY_OS_DUPTERM" redefined
  115 | #define MICROPY_PY_OS_DUPTERM               (1)
      |         ^~~~~~~~~~~~~~~~~~~~~
In file included from /home/mukesh_lof/projects/lof-titan/firmware/micropython/ports/esp32/mpconfigport.h:5:
/home/mukesh_lof/projects/lof-titan/firmware/micropython/ports/esp32/boards/LOF_TITAN/mpconfigboard.h:13:9: note: this is the location of the previous definition
   13 | #define MICROPY_PY_OS_DUPTERM               (2)
      |         ^~~~~~~~~~~~~~~~~~~~~
[270/291] Building C object esp-idf/main/CMakeFiles/__idf_main.dir/__/__/pins.c.obj
In file included from /home/mukesh_lof/projects/lof-titan/firmware/micropython/py/mpconfig.h:100,
                 from /home/mukesh_lof/projects/lof-titan/firmware/micropython/py/obj.h:31,
                 from /home/mukesh_lof/projects/lof-titan/firmware/micropython/ports/esp32/build-LOF_TITAN/pins.c:6:
/home/mukesh_lof/projects/lof-titan/firmware/micropython/ports/esp32/mpconfigport.h:115:9: warning: "MICROPY_PY_OS_DUPTERM" redefined
  115 | #define MICROPY_PY_OS_DUPTERM               (1)
      |         ^~~~~~~~~~~~~~~~~~~~~
In file included from /home/mukesh_lof/projects/lof-titan/firmware/micropython/ports/esp32/mpconfigport.h:5:
/home/mukesh_lof/projects/lof-titan/firmware/micropython/ports/esp32/boards/LOF_TITAN/mpconfigboard.h:13:9: note: this is the location of the previous definition
   13 | #define MICROPY_PY_OS_DUPTERM               (2)
      |         ^~~~~~~~~~~~~~~~~~~~~
[271/291] Building C object esp-idf/main/CMakeFiles/__idf_main.dir/__/network_wlan.c.obj
In file included from /home/mukesh_lof/projects/lof-titan/firmware/micropython/py/mpconfig.h:100,
                 from /home/mukesh_lof/projects/lof-titan/firmware/micropython/py/obj.h:31,
                 from /home/mukesh_lof/projects/lof-titan/firmware/micropython/py/objlist.h:29,
                 from /home/mukesh_lof/projects/lof-titan/firmware/micropython/ports/esp32/network_wlan.c:36:
/home/mukesh_lof/projects/lof-titan/firmware/micropython/ports/esp32/mpconfigport.h:115:9: warning: "MICROPY_PY_OS_DUPTERM" redefined
  115 | #define MICROPY_PY_OS_DUPTERM               (1)
      |         ^~~~~~~~~~~~~~~~~~~~~
In file included from /home/mukesh_lof/projects/lof-titan/firmware/micropython/ports/esp32/mpconfigport.h:5:
/home/mukesh_lof/projects/lof-titan/firmware/micropython/ports/esp32/boards/LOF_TITAN/mpconfigboard.h:13:9: note: this is the location of the previous definition
   13 | #define MICROPY_PY_OS_DUPTERM               (2)
      |         ^~~~~~~~~~~~~~~~~~~~~
[272/291] Building C object esp-idf/main/CMakeFiles/__idf_main.dir/__/network_common.c.obj
In file included from /home/mukesh_lof/projects/lof-titan/firmware/micropython/py/mpconfig.h:100,
                 from /home/mukesh_lof/projects/lof-titan/firmware/micropython/py/mpstate.h:31,
                 from /home/mukesh_lof/projects/lof-titan/firmware/micropython/py/runtime.h:29,
                 from /home/mukesh_lof/projects/lof-titan/firmware/micropython/ports/esp32/network_common.c:36:
/home/mukesh_lof/projects/lof-titan/firmware/micropython/ports/esp32/mpconfigport.h:115:9: warning: "MICROPY_PY_OS_DUPTERM" redefined
  115 | #define MICROPY_PY_OS_DUPTERM               (1)
      |         ^~~~~~~~~~~~~~~~~~~~~
In file included from /home/mukesh_lof/projects/lof-titan/firmware/micropython/ports/esp32/mpconfigport.h:5:
/home/mukesh_lof/projects/lof-titan/firmware/micropython/ports/esp32/boards/LOF_TITAN/mpconfigboard.h:13:9: note: this is the location of the previous definition
   13 | #define MICROPY_PY_OS_DUPTERM               (2)
      |         ^~~~~~~~~~~~~~~~~~~~~
[273/291] Building C object esp-idf/main/CMakeFiles/__idf_main.dir/__/machine_rtc.c.obj
In file included from /home/mukesh_lof/projects/lof-titan/firmware/micropython/py/mpconfig.h:100,
                 from /home/mukesh_lof/projects/lof-titan/firmware/micropython/py/nlr.h:36,
                 from /home/mukesh_lof/projects/lof-titan/firmware/micropython/ports/esp32/machine_rtc.c:35:
/home/mukesh_lof/projects/lof-titan/firmware/micropython/ports/esp32/mpconfigport.h:115:9: warning: "MICROPY_PY_OS_DUPTERM" redefined
  115 | #define MICROPY_PY_OS_DUPTERM               (1)
      |         ^~~~~~~~~~~~~~~~~~~~~
In file included from /home/mukesh_lof/projects/lof-titan/firmware/micropython/ports/esp32/mpconfigport.h:5:
/home/mukesh_lof/projects/lof-titan/firmware/micropython/ports/esp32/boards/LOF_TITAN/mpconfigboard.h:13:9: note: this is the location of the previous definition
   13 | #define MICROPY_PY_OS_DUPTERM               (2)
      |         ^~~~~~~~~~~~~~~~~~~~~
[274/291] Building C object esp-idf/main/CMakeFiles/__idf_main.dir/__/machine_sdcard.c.obj
In file included from /home/mukesh_lof/projects/lof-titan/firmware/micropython/py/mpconfig.h:100,
                 from /home/mukesh_lof/projects/lof-titan/firmware/micropython/py/mpstate.h:31,
                 from /home/mukesh_lof/projects/lof-titan/firmware/micropython/py/runtime.h:29,
                 from /home/mukesh_lof/projects/lof-titan/firmware/micropython/ports/esp32/machine_sdcard.c:29:
/home/mukesh_lof/projects/lof-titan/firmware/micropython/ports/esp32/mpconfigport.h:115:9: warning: "MICROPY_PY_OS_DUPTERM" redefined
  115 | #define MICROPY_PY_OS_DUPTERM               (1)
      |         ^~~~~~~~~~~~~~~~~~~~~
In file included from /home/mukesh_lof/projects/lof-titan/firmware/micropython/ports/esp32/mpconfigport.h:5:
/home/mukesh_lof/projects/lof-titan/firmware/micropython/ports/esp32/boards/LOF_TITAN/mpconfigboard.h:13:9: note: this is the location of the previous definition
   13 | #define MICROPY_PY_OS_DUPTERM               (2)
      |         ^~~~~~~~~~~~~~~~~~~~~
[275/291] Building C object esp-idf/main/CMakeFiles/__idf_main.dir/__/esp32_pcnt.c.obj
In file included from /home/mukesh_lof/projects/lof-titan/firmware/micropython/py/mpconfig.h:100,
                 from /home/mukesh_lof/projects/lof-titan/firmware/micropython/py/mpstate.h:31,
                 from /home/mukesh_lof/projects/lof-titan/firmware/micropython/py/runtime.h:29,
                 from /home/mukesh_lof/projects/lof-titan/firmware/micropython/ports/esp32/esp32_pcnt.c:28:
/home/mukesh_lof/projects/lof-titan/firmware/micropython/ports/esp32/mpconfigport.h:115:9: warning: "MICROPY_PY_OS_DUPTERM" redefined
  115 | #define MICROPY_PY_OS_DUPTERM               (1)
      |         ^~~~~~~~~~~~~~~~~~~~~
In file included from /home/mukesh_lof/projects/lof-titan/firmware/micropython/ports/esp32/mpconfigport.h:5:
/home/mukesh_lof/projects/lof-titan/firmware/micropython/ports/esp32/boards/LOF_TITAN/mpconfigboard.h:13:9: note: this is the location of the previous definition
   13 | #define MICROPY_PY_OS_DUPTERM               (2)
      |         ^~~~~~~~~~~~~~~~~~~~~
[276/291] Building C object esp-idf/main/CMakeFiles/__idf_main.dir/home/mukesh_lof/projects/lof-titan/firmware/micropython/shared/tinyusb/mp_usbd.c.obj
In file included from /home/mukesh_lof/projects/lof-titan/firmware/micropython/py/mpconfig.h:100,
                 from /home/mukesh_lof/projects/lof-titan/firmware/micropython/py/mphal.h:31,
                 from /home/mukesh_lof/projects/lof-titan/firmware/micropython/shared/tinyusb/mp_usbd.c:27:
/home/mukesh_lof/projects/lof-titan/firmware/micropython/ports/esp32/mpconfigport.h:115:9: warning: "MICROPY_PY_OS_DUPTERM" redefined
  115 | #define MICROPY_PY_OS_DUPTERM               (1)
      |         ^~~~~~~~~~~~~~~~~~~~~
In file included from /home/mukesh_lof/projects/lof-titan/firmware/micropython/ports/esp32/mpconfigport.h:5:
/home/mukesh_lof/projects/lof-titan/firmware/micropython/ports/esp32/boards/LOF_TITAN/mpconfigboard.h:13:9: note: this is the location of the previous definition
   13 | #define MICROPY_PY_OS_DUPTERM               (2)
      |         ^~~~~~~~~~~~~~~~~~~~~
[277/291] Building C object esp-idf/main/CMakeFiles/__idf_main.dir/__/esp32_rmt.c.obj
In file included from /home/mukesh_lof/projects/lof-titan/firmware/micropython/py/mpconfig.h:100,
                 from /home/mukesh_lof/projects/lof-titan/firmware/micropython/py/mphal.h:31,
                 from /home/mukesh_lof/projects/lof-titan/firmware/micropython/ports/esp32/esp32_rmt.c:28:
/home/mukesh_lof/projects/lof-titan/firmware/micropython/ports/esp32/mpconfigport.h:115:9: warning: "MICROPY_PY_OS_DUPTERM" redefined
  115 | #define MICROPY_PY_OS_DUPTERM               (1)
      |         ^~~~~~~~~~~~~~~~~~~~~
In file included from /home/mukesh_lof/projects/lof-titan/firmware/micropython/ports/esp32/mpconfigport.h:5:
/home/mukesh_lof/projects/lof-titan/firmware/micropython/ports/esp32/boards/LOF_TITAN/mpconfigboard.h:13:9: note: this is the location of the previous definition
   13 | #define MICROPY_PY_OS_DUPTERM               (2)
      |         ^~~~~~~~~~~~~~~~~~~~~
[278/291] Building C object esp-idf/main/CMakeFiles/__idf_main.dir/__/modsocket.c.obj
In file included from /home/mukesh_lof/projects/lof-titan/firmware/micropython/py/mpconfig.h:100,
                 from /home/mukesh_lof/projects/lof-titan/firmware/micropython/py/mpprint.h:29,
                 from /home/mukesh_lof/projects/lof-titan/firmware/micropython/py/gc.h:31,
                 from /home/mukesh_lof/projects/lof-titan/firmware/micropython/ports/esp32/modsocket.c:39:
/home/mukesh_lof/projects/lof-titan/firmware/micropython/ports/esp32/mpconfigport.h:115:9: warning: "MICROPY_PY_OS_DUPTERM" redefined
  115 | #define MICROPY_PY_OS_DUPTERM               (1)
      |         ^~~~~~~~~~~~~~~~~~~~~
In file included from /home/mukesh_lof/projects/lof-titan/firmware/micropython/ports/esp32/mpconfigport.h:5:
/home/mukesh_lof/projects/lof-titan/firmware/micropython/ports/esp32/boards/LOF_TITAN/mpconfigboard.h:13:9: note: this is the location of the previous definition
   13 | #define MICROPY_PY_OS_DUPTERM               (2)
      |         ^~~~~~~~~~~~~~~~~~~~~
[279/291] Building C object esp-idf/main/CMakeFiles/__idf_main.dir/home/mukesh_lof/projects/lof-titan/firmware/micropython/shared/tinyusb/mp_usbd_descriptor.c.obj
In file included from /home/mukesh_lof/projects/lof-titan/firmware/micropython/py/mpconfig.h:100,
                 from /home/mukesh_lof/projects/lof-titan/firmware/micropython/shared/tinyusb/mp_usbd_descriptor.c:28:
/home/mukesh_lof/projects/lof-titan/firmware/micropython/ports/esp32/mpconfigport.h:115:9: warning: "MICROPY_PY_OS_DUPTERM" redefined
  115 | #define MICROPY_PY_OS_DUPTERM               (1)
      |         ^~~~~~~~~~~~~~~~~~~~~
In file included from /home/mukesh_lof/projects/lof-titan/firmware/micropython/ports/esp32/mpconfigport.h:5:
/home/mukesh_lof/projects/lof-titan/firmware/micropython/ports/esp32/boards/LOF_TITAN/mpconfigboard.h:13:9: note: this is the location of the previous definition
   13 | #define MICROPY_PY_OS_DUPTERM               (2)
      |         ^~~~~~~~~~~~~~~~~~~~~
[280/291] Building C object esp-idf/main/CMakeFiles/__idf_main.dir/__/modesp32.c.obj
In file included from /home/mukesh_lof/projects/lof-titan/firmware/micropython/py/mpconfig.h:100,
                 from /home/mukesh_lof/projects/lof-titan/firmware/micropython/py/nlr.h:36,
                 from /home/mukesh_lof/projects/lof-titan/firmware/micropython/ports/esp32/modesp32.c:36:
/home/mukesh_lof/projects/lof-titan/firmware/micropython/ports/esp32/mpconfigport.h:115:9: warning: "MICROPY_PY_OS_DUPTERM" redefined
  115 | #define MICROPY_PY_OS_DUPTERM               (1)
      |         ^~~~~~~~~~~~~~~~~~~~~
In file included from /home/mukesh_lof/projects/lof-titan/firmware/micropython/ports/esp32/mpconfigport.h:5:
/home/mukesh_lof/projects/lof-titan/firmware/micropython/ports/esp32/boards/LOF_TITAN/mpconfigboard.h:13:9: note: this is the location of the previous definition
   13 | #define MICROPY_PY_OS_DUPTERM               (2)
      |         ^~~~~~~~~~~~~~~~~~~~~
[281/291] Building C object esp-idf/main/CMakeFiles/__idf_main.dir/home/mukesh_lof/projects/lof-titan/firmware/micropython/shared/tinyusb/mp_usbd_cdc.c.obj
In file included from /home/mukesh_lof/projects/lof-titan/firmware/micropython/py/mpconfig.h:100,
                 from /home/mukesh_lof/projects/lof-titan/firmware/micropython/py/mpstate.h:31,
                 from /home/mukesh_lof/projects/lof-titan/firmware/micropython/py/runtime.h:29,
                 from /home/mukesh_lof/projects/lof-titan/firmware/micropython/shared/tinyusb/mp_usbd_cdc.c:27:
/home/mukesh_lof/projects/lof-titan/firmware/micropython/ports/esp32/mpconfigport.h:115:9: warning: "MICROPY_PY_OS_DUPTERM" redefined
  115 | #define MICROPY_PY_OS_DUPTERM               (1)
      |         ^~~~~~~~~~~~~~~~~~~~~
In file included from /home/mukesh_lof/projects/lof-titan/firmware/micropython/ports/esp32/mpconfigport.h:5:
/home/mukesh_lof/projects/lof-titan/firmware/micropython/ports/esp32/boards/LOF_TITAN/mpconfigboard.h:13:9: note: this is the location of the previous definition
   13 | #define MICROPY_PY_OS_DUPTERM               (2)
      |         ^~~~~~~~~~~~~~~~~~~~~
[282/291] Building C object esp-idf/main/CMakeFiles/__idf_main.dir/__/machine_hw_spi.c.obj
In file included from /home/mukesh_lof/projects/lof-titan/firmware/micropython/py/mpconfig.h:100,
                 from /home/mukesh_lof/projects/lof-titan/firmware/micropython/py/mpstate.h:31,
                 from /home/mukesh_lof/projects/lof-titan/firmware/micropython/py/runtime.h:29,
                 from /home/mukesh_lof/projects/lof-titan/firmware/micropython/ports/esp32/machine_hw_spi.c:31:
/home/mukesh_lof/projects/lof-titan/firmware/micropython/ports/esp32/mpconfigport.h:115:9: warning: "MICROPY_PY_OS_DUPTERM" redefined
  115 | #define MICROPY_PY_OS_DUPTERM               (1)
      |         ^~~~~~~~~~~~~~~~~~~~~
In file included from /home/mukesh_lof/projects/lof-titan/firmware/micropython/ports/esp32/mpconfigport.h:5:
/home/mukesh_lof/projects/lof-titan/firmware/micropython/ports/esp32/boards/LOF_TITAN/mpconfigboard.h:13:9: note: this is the location of the previous definition
   13 | #define MICROPY_PY_OS_DUPTERM               (2)
      |         ^~~~~~~~~~~~~~~~~~~~~
[283/291] Building C object esp-idf/main/CMakeFiles/__idf_main.dir/home/mukesh_lof/projects/lof-titan/firmware/micropython/shared/tinyusb/mp_usbd_runtime.c.obj
In file included from /home/mukesh_lof/projects/lof-titan/firmware/micropython/py/mpconfig.h:100,
                 from /home/mukesh_lof/projects/lof-titan/firmware/micropython/shared/tinyusb/mp_usbd.h:30,
                 from /home/mukesh_lof/projects/lof-titan/firmware/micropython/shared/tinyusb/mp_usbd_runtime.c:29:
/home/mukesh_lof/projects/lof-titan/firmware/micropython/ports/esp32/mpconfigport.h:115:9: warning: "MICROPY_PY_OS_DUPTERM" redefined
  115 | #define MICROPY_PY_OS_DUPTERM               (1)
      |         ^~~~~~~~~~~~~~~~~~~~~
In file included from /home/mukesh_lof/projects/lof-titan/firmware/micropython/ports/esp32/mpconfigport.h:5:
/home/mukesh_lof/projects/lof-titan/firmware/micropython/ports/esp32/boards/LOF_TITAN/mpconfigboard.h:13:9: note: this is the location of the previous definition
   13 | #define MICROPY_PY_OS_DUPTERM               (2)
      |         ^~~~~~~~~~~~~~~~~~~~~
[284/291] Building C object esp-idf/main/CMakeFiles/__idf_main.dir/__/__/frozen_content.c.obj
In file included from /home/mukesh_lof/projects/lof-titan/firmware/micropython/py/mpconfig.h:100,
                 from /home/mukesh_lof/projects/lof-titan/firmware/micropython/ports/esp32/build-LOF_TITAN/frozen_content.c:15:
/home/mukesh_lof/projects/lof-titan/firmware/micropython/ports/esp32/mpconfigport.h:115:9: warning: "MICROPY_PY_OS_DUPTERM" redefined
  115 | #define MICROPY_PY_OS_DUPTERM               (1)
      |         ^~~~~~~~~~~~~~~~~~~~~
In file included from /home/mukesh_lof/projects/lof-titan/firmware/micropython/ports/esp32/mpconfigport.h:5:
/home/mukesh_lof/projects/lof-titan/firmware/micropython/ports/esp32/boards/LOF_TITAN/mpconfigboard.h:13:9: note: this is the location of the previous definition
   13 | #define MICROPY_PY_OS_DUPTERM               (2)
      |         ^~~~~~~~~~~~~~~~~~~~~
[285/291] Building C object esp-idf/main/CMakeFiles/__idf_main.dir/__/modespnow.c.obj
In file included from /home/mukesh_lof/projects/lof-titan/firmware/micropython/py/mpconfig.h:100,
                 from /home/mukesh_lof/projects/lof-titan/firmware/micropython/py/mpstate.h:31,
                 from /home/mukesh_lof/projects/lof-titan/firmware/micropython/py/runtime.h:29,
                 from /home/mukesh_lof/projects/lof-titan/firmware/micropython/ports/esp32/modespnow.c:39:
/home/mukesh_lof/projects/lof-titan/firmware/micropython/ports/esp32/mpconfigport.h:115:9: warning: "MICROPY_PY_OS_DUPTERM" redefined
  115 | #define MICROPY_PY_OS_DUPTERM               (1)
      |         ^~~~~~~~~~~~~~~~~~~~~
In file included from /home/mukesh_lof/projects/lof-titan/firmware/micropython/ports/esp32/mpconfigport.h:5:
/home/mukesh_lof/projects/lof-titan/firmware/micropython/ports/esp32/boards/LOF_TITAN/mpconfigboard.h:13:9: note: this is the location of the previous definition
   13 | #define MICROPY_PY_OS_DUPTERM               (2)
      |         ^~~~~~~~~~~~~~~~~~~~~
[286/291] Building C object esp-idf/main/CMakeFiles/__idf_main.dir/home/mukesh_lof/projects/lof-titan/firmware/micropython/lib/oofatfs/ff.c.obj
In file included from /home/mukesh_lof/projects/lof-titan/firmware/micropython/py/mpconfig.h:100,
                 from /home/mukesh_lof/projects/lof-titan/firmware/micropython/lib/oofatfs/ffconf.h:30,
                 from /home/mukesh_lof/projects/lof-titan/firmware/micropython/lib/oofatfs/ff.h:33,
                 from /home/mukesh_lof/projects/lof-titan/firmware/micropython/lib/oofatfs/ff.c:28:
/home/mukesh_lof/projects/lof-titan/firmware/micropython/ports/esp32/mpconfigport.h:115:9: warning: "MICROPY_PY_OS_DUPTERM" redefined
  115 | #define MICROPY_PY_OS_DUPTERM               (1)
      |         ^~~~~~~~~~~~~~~~~~~~~
In file included from /home/mukesh_lof/projects/lof-titan/firmware/micropython/ports/esp32/mpconfigport.h:5:
/home/mukesh_lof/projects/lof-titan/firmware/micropython/ports/esp32/boards/LOF_TITAN/mpconfigboard.h:13:9: note: this is the location of the previous definition
   13 | #define MICROPY_PY_OS_DUPTERM               (2)
      |         ^~~~~~~~~~~~~~~~~~~~~
[287/291] Linking C static library esp-idf/main/libmain.a
[288/291] Generating esp-idf/esp_system/ld/sections.ld
[289/291] Linking CXX executable micropython.elf
[290/291] Generating binary image from built executable
esptool.py v4.12.0
Creating esp32s3 image...
Merged 3 ELF sections
Successfully created esp32s3 image.
Generated /home/mukesh_lof/projects/lof-titan/firmware/micropython/ports/esp32/build-LOF_TITAN/micropython.bin
[291/291] cd /home/mukesh_lof/projects/lof-titan/firmware/micropython/ports/esp32/build-LOF_TITAN/esp-idf/esptool_py && /home/mukesh_lof/.espressif/python_env/idf5.5_py3.12_env/bin/python /home/mukesh_lof/esp/esp-idf/components/partition_table/check_sizes.py --offset 0x8000 partition --type app /home/mukesh_lof/projects/lof-titan/firmware/micropython/ports/esp32/build-LOF_TITAN/partition_table/partition-table.bin /home/mukesh_lof/projects/lof-titan/firmware/micropython/ports/esp32/build-LOF_TITAN/micropython.bin
micropython.bin binary size 0x19da90 bytes. Smallest app partition is 0x400000 bytes. 0x262570 bytes (60%) free.

Project build complete. To flash, run:
 idf.py flash
or
 idf.py -p PORT flash
or
 python -m esptool --chip esp32s3 -b 460800 --before default_reset --after hard_reset write_flash --flash_mode dio --flash_size 16MB --flash_freq 80m 0x0 build-LOF_TITAN/bootloader/bootloader.bin 0x8000 build-LOF_TITAN/partition_table/partition-table.bin 0xe000 build-LOF_TITAN/ota_data_initial.bin 0x10000 build-LOF_TITAN/micropython.bin
or from the "/home/mukesh_lof/projects/lof-titan/firmware/micropython/ports/esp32/build-LOF_TITAN" directory
 python -m esptool --chip esp32s3 -b 460800 --before default_reset --after hard_reset write_flash "@flash_args"
bootloader  @0x000000    19232  (   13536 remaining)
partitions  @0x008000     3072  (    1024 remaining)
application @0x010000  1694352  ( 2499952 remaining)
total                  1759888
